#! /usr/bin/vvp
:ivl_version "11.0 (stable)";
:ivl_delay_selection "TYPICAL";
:vpi_time_precision + 0;
:vpi_module "/usr/lib/x86_64-linux-gnu/ivl/system.vpi";
:vpi_module "/usr/lib/x86_64-linux-gnu/ivl/vhdl_sys.vpi";
:vpi_module "/usr/lib/x86_64-linux-gnu/ivl/vhdl_textio.vpi";
:vpi_module "/usr/lib/x86_64-linux-gnu/ivl/v2005_math.vpi";
:vpi_module "/usr/lib/x86_64-linux-gnu/ivl/va_math.vpi";
:vpi_module "/usr/lib/x86_64-linux-gnu/ivl/v2009.vpi";
S_0x563d4e4deae0 .scope package, "$unit" "$unit" 2 1;
 .timescale 0 0;
S_0x563d4e6436e0 .scope module, "tb_riscv_core" "tb_riscv_core" 3 15;
 .timescale 0 0;
P_0x563d4e65d7f0 .param/l "MEM_SIZE" 0 3 20, +C4<00000000000000010000000000000000>;
P_0x563d4e65d830 .param/l "RST_DELAY" 0 3 21, +C4<00000000000000000000000000001000>;
P_0x563d4e65d870 .param/l "SIM_CYCLES" 0 3 22, +C4<00000000000000000001001110001000>;
L_0x563d4e700530 .functor BUFZ 1, L_0x563d4e6cd5e0, C4<0>, C4<0>, C4<0>;
L_0x563d4e700630 .functor BUFZ 1, v0x563d4e6ba920_0, C4<0>, C4<0>, C4<0>;
L_0x563d4e7006a0 .functor BUFZ 1, v0x563d4e6bafb0_0, C4<0>, C4<0>, C4<0>;
L_0x563d4e7007a0 .functor BUFZ 32, L_0x563d4e6cd9a0, C4<00000000000000000000000000000000>, C4<00000000000000000000000000000000>, C4<00000000000000000000000000000000>;
L_0x563d4e7008a0 .functor BUFZ 32, v0x563d4e6babf0_0, C4<00000000000000000000000000000000>, C4<00000000000000000000000000000000>, C4<00000000000000000000000000000000>;
L_0x563d4e7009a0 .functor BUFZ 1, L_0x563d4e6fc910, C4<0>, C4<0>, C4<0>;
L_0x563d4e700a10 .functor BUFZ 32, L_0x563d4e6fca10, C4<00000000000000000000000000000000>, C4<00000000000000000000000000000000>, C4<00000000000000000000000000000000>;
L_0x563d4e700a80 .functor BUFZ 32, L_0x563d4e6ffa20, C4<00000000000000000000000000000000>, C4<00000000000000000000000000000000>, C4<00000000000000000000000000000000>;
L_0x563d4e700b80 .functor BUFZ 32, L_0x563d4e6ffc10, C4<00000000000000000000000000000000>, C4<00000000000000000000000000000000>, C4<00000000000000000000000000000000>;
L_0x563d4e700bf0 .functor BUFZ 1, L_0x563d4e6ff910, C4<0>, C4<0>, C4<0>;
L_0x563d4e700cf0 .functor BUFZ 1, L_0x563d4e6ff470, C4<0>, C4<0>, C4<0>;
L_0x7fe77bd7cd18 .functor BUFT 1, C4<0>, C4<0>, C4<0>, C4<0>;
L_0x563d4e700d60 .functor BUFZ 1, L_0x7fe77bd7cd18, C4<0>, C4<0>, C4<0>;
L_0x563d4e700e40 .functor BUFZ 1, v0x563d4e690630_0, C4<0>, C4<0>, C4<0>;
L_0x563d4e700eb0 .functor BUFZ 32, v0x563d4e6906d0_0, C4<00000000000000000000000000000000>, C4<00000000000000000000000000000000>, C4<00000000000000000000000000000000>;
L_0x563d4e700dd0 .functor BUFZ 32, L_0x563d4e6f81c0, C4<00000000000000000000000000000000>, C4<00000000000000000000000000000000>, C4<00000000000000000000000000000000>;
L_0x563d4e700fa0 .functor BUFZ 5, L_0x563d4e6f89e0, C4<00000>, C4<00000>, C4<00000>;
L_0x563d4e701560 .functor BUFZ 32, v0x563d4e6901f0_0, C4<00000000000000000000000000000000>, C4<00000000000000000000000000000000>, C4<00000000000000000000000000000000>;
L_0x563d4e7015d0 .functor BUFZ 32, v0x563d4e690480_0, C4<00000000000000000000000000000000>, C4<00000000000000000000000000000000>, C4<00000000000000000000000000000000>;
L_0x563d4e7016e0 .functor BUFZ 1, L_0x563d4e6f9b60, C4<0>, C4<0>, C4<0>;
L_0x563d4e701750 .functor BUFZ 1, L_0x563d4e6fa6a0, C4<0>, C4<0>, C4<0>;
L_0x563d4e701870 .functor BUFZ 1, L_0x563d4e6fb8c0, C4<0>, C4<0>, C4<0>;
L_0x563d4e7018e0 .functor BUFZ 1, L_0x563d4e6fc410, C4<0>, C4<0>, C4<0>;
L_0x563d4e7017c0 .functor BUFZ 1, L_0x563d4e6e1e70, C4<0>, C4<0>, C4<0>;
L_0x563d4e701a10 .functor BUFZ 1, v0x563d4e690d30_0, C4<0>, C4<0>, C4<0>;
L_0x563d4e701950 .functor BUFZ 32, v0x563d4e690ab0_0, C4<00000000000000000000000000000000>, C4<00000000000000000000000000000000>, C4<00000000000000000000000000000000>;
L_0x563d4e701b50 .functor BUFZ 1, L_0x563d4e6f9b60, C4<0>, C4<0>, C4<0>;
L_0x563d4e701a80 .functor BUFZ 32, v0x563d4e6906d0_0, C4<00000000000000000000000000000000>, C4<00000000000000000000000000000000>, C4<00000000000000000000000000000000>;
L_0x563d4e701db0 .functor BUFZ 32, L_0x563d4e6f81c0, C4<00000000000000000000000000000000>, C4<00000000000000000000000000000000>, C4<00000000000000000000000000000000>;
L_0x563d4e701bc0 .functor BUFZ 32, v0x563d4e693e20_0, C4<00000000000000000000000000000000>, C4<00000000000000000000000000000000>, C4<00000000000000000000000000000000>;
L_0x563d4e701c30 .functor BUFZ 32, v0x563d4e693ef0_0, C4<00000000000000000000000000000000>, C4<00000000000000000000000000000000>, C4<00000000000000000000000000000000>;
L_0x563d4e701f20 .functor BUFZ 4, v0x563d4e693d40_0, C4<0000>, C4<0000>, C4<0000>;
L_0x563d4e701f90 .functor BUFZ 32, v0x563d4e695200_0, C4<00000000000000000000000000000000>, C4<00000000000000000000000000000000>, C4<00000000000000000000000000000000>;
L_0x563d4e702110 .functor BUFZ 5, v0x563d4e695140_0, C4<00000>, C4<00000>, C4<00000>;
L_0x563d4e702180 .functor BUFZ 32, L_0x563d4e5a21d0, C4<00000000000000000000000000000000>, C4<00000000000000000000000000000000>, C4<00000000000000000000000000000000>;
L_0x7fe77bd7a018 .functor BUFT 1, C4<0>, C4<0>, C4<0>, C4<0>;
L_0x563d4e702310 .functor BUFZ 1, L_0x7fe77bd7a018, C4<0>, C4<0>, C4<0>;
L_0x7fe77bd7a060 .functor BUFT 1, C4<0>, C4<0>, C4<0>, C4<0>;
L_0x563d4e702380 .functor BUFZ 1, L_0x7fe77bd7a060, C4<0>, C4<0>, C4<0>;
L_0x563d4e7021f0 .functor BUFZ 1, L_0x563d4e5cff30, C4<0>, C4<0>, C4<0>;
L_0x563d4e702260 .functor BUFZ 32, v0x563d4e694420_0, C4<00000000000000000000000000000000>, C4<00000000000000000000000000000000>, C4<00000000000000000000000000000000>;
L_0x563d4e702530 .functor BUFZ 1, L_0x563d4e6fc410, C4<0>, C4<0>, C4<0>;
L_0x563d4e7025a0 .functor BUFZ 32, L_0x563d4e6f81c0, C4<00000000000000000000000000000000>, C4<00000000000000000000000000000000>, C4<00000000000000000000000000000000>;
L_0x563d4e702760 .functor BUFZ 32, v0x563d4e6901f0_0, C4<00000000000000000000000000000000>, C4<00000000000000000000000000000000>, C4<00000000000000000000000000000000>;
L_0x563d4e7027d0 .functor BUFZ 32, v0x563d4e690480_0, C4<00000000000000000000000000000000>, C4<00000000000000000000000000000000>, C4<00000000000000000000000000000000>;
L_0x563d4e702ab0 .functor BUFZ 1, L_0x563d4e6e16f0, C4<0>, C4<0>, C4<0>;
L_0x563d4e702b20 .functor BUFZ 5, v0x563d4e6abbb0_0, C4<00000>, C4<00000>, C4<00000>;
L_0x563d4e702d00 .functor BUFZ 32, v0x563d4e6abc70_0, C4<00000000000000000000000000000000>, C4<00000000000000000000000000000000>, C4<00000000000000000000000000000000>;
L_0x7fe77bd7aa38 .functor BUFT 1, C4<0>, C4<0>, C4<0>, C4<0>;
L_0x563d4e702d70 .functor BUFZ 1, L_0x7fe77bd7aa38, C4<0>, C4<0>, C4<0>;
L_0x563d4e702f60 .functor BUFZ 1, L_0x563d4e6fa6a0, C4<0>, C4<0>, C4<0>;
L_0x563d4e702fd0 .functor BUFZ 32, L_0x563d4e6f81c0, C4<00000000000000000000000000000000>, C4<00000000000000000000000000000000>, C4<00000000000000000000000000000000>;
L_0x563d4e7031d0 .functor BUFZ 32, L_0x563d4e6d1db0, C4<00000000000000000000000000000000>, C4<00000000000000000000000000000000>, C4<00000000000000000000000000000000>;
L_0x563d4e703240 .functor BUFZ 32, L_0x563d4e6d1ff0, C4<00000000000000000000000000000000>, C4<00000000000000000000000000000000>, C4<00000000000000000000000000000000>;
L_0x563d4e703450 .functor BUFZ 1, L_0x563d4e6d21b0, C4<0>, C4<0>, C4<0>;
L_0x563d4e7034c0 .functor BUFZ 4, L_0x563d4e6d23b0, C4<0000>, C4<0000>, C4<0000>;
L_0x563d4e703770 .functor BUFZ 1, v0x563d4e6b9530_0, C4<0>, C4<0>, C4<0>;
L_0x563d4e7037e0 .functor BUFZ 32, v0x563d4e6b9820_0, C4<00000000000000000000000000000000>, C4<00000000000000000000000000000000>, C4<00000000000000000000000000000000>;
L_0x563d4e703a10 .functor BUFZ 1, L_0x563d4e6d6240, C4<0>, C4<0>, C4<0>;
L_0x563d4e703a80 .functor BUFZ 5, v0x563d4e69e080_0, C4<00000>, C4<00000>, C4<00000>;
L_0x563d4e703cc0 .functor BUFZ 32, v0x563d4e69e140_0, C4<00000000000000000000000000000000>, C4<00000000000000000000000000000000>, C4<00000000000000000000000000000000>;
L_0x7fe77bd7a6d8 .functor BUFT 1, C4<0>, C4<0>, C4<0>, C4<0>;
L_0x563d4e703d30 .functor BUFZ 1, L_0x7fe77bd7a6d8, C4<0>, C4<0>, C4<0>;
L_0x563d4e703f80 .functor BUFZ 1, L_0x563d4e6d68f0, C4<0>, C4<0>, C4<0>;
L_0x563d4e703ff0 .functor BUFZ 1, L_0x563d4e6d6e90, C4<0>, C4<0>, C4<0>;
L_0x563d4e704250 .functor BUFZ 1, v0x563d4e69d0b0_0, C4<0>, C4<0>, C4<0>;
L_0x563d4e7042c0 .functor BUFZ 1, v0x563d4e69d230_0, C4<0>, C4<0>, C4<0>;
L_0x563d4e704560 .functor BUFZ 1, L_0x563d4e6fb8c0, C4<0>, C4<0>, C4<0>;
L_0x563d4e704600 .functor BUFZ 32, L_0x563d4e6f81c0, C4<00000000000000000000000000000000>, C4<00000000000000000000000000000000>, C4<00000000000000000000000000000000>;
L_0x563d4e7048b0 .functor BUFZ 1, L_0x563d4e6dd8e0, C4<0>, C4<0>, C4<0>;
L_0x563d4e704950 .functor BUFZ 5, L_0x563d4e6dd2e0, C4<00000>, C4<00000>, C4<00000>;
L_0x563d4e704c10 .functor BUFZ 32, v0x563d4e653de0_0, C4<00000000000000000000000000000000>, C4<00000000000000000000000000000000>, C4<00000000000000000000000000000000>;
L_0x563d4e704cb0 .functor BUFZ 1, v0x563d4e637850_0, C4<0>, C4<0>, C4<0>;
L_0x563d4e704f80 .functor BUFZ 32, v0x563d4e638260_0, C4<00000000000000000000000000000000>, C4<00000000000000000000000000000000>, C4<00000000000000000000000000000000>;
L_0x563d4e705050 .functor BUFZ 32, v0x563d4e6502c0_0, C4<00000000000000000000000000000000>, C4<00000000000000000000000000000000>, C4<00000000000000000000000000000000>;
L_0x563d4e705300 .functor BUFZ 32, v0x563d4e64f5a0_0, C4<00000000000000000000000000000000>, C4<00000000000000000000000000000000>, C4<00000000000000000000000000000000>;
L_0x563d4e7053a0 .functor BUFZ 32, v0x563d4e64edc0_0, C4<00000000000000000000000000000000>, C4<00000000000000000000000000000000>, C4<00000000000000000000000000000000>;
L_0x563d4e7056c0 .functor BUFZ 32, v0x563d4e64eea0_0, C4<00000000000000000000000000000000>, C4<00000000000000000000000000000000>, C4<00000000000000000000000000000000>;
L_0x563d4e705790 .functor BUFZ 32, v0x563d4e64ea40_0, C4<00000000000000000000000000000000>, C4<00000000000000000000000000000000>, C4<00000000000000000000000000000000>;
L_0x563d4e705ac0 .functor BUFZ 32, v0x563d4e64eb20_0, C4<00000000000000000000000000000000>, C4<00000000000000000000000000000000>, C4<00000000000000000000000000000000>;
L_0x563d4e705b90 .functor BUFZ 32, v0x563d4e64e6c0_0, C4<00000000000000000000000000000000>, C4<00000000000000000000000000000000>, C4<00000000000000000000000000000000>;
L_0x563d4e705ed0 .functor BUFZ 32, v0x563d4e64e7a0_0, C4<00000000000000000000000000000000>, C4<00000000000000000000000000000000>, C4<00000000000000000000000000000000>;
L_0x563d4e705fa0 .functor BUFZ 32, v0x563d4e64e340_0, C4<00000000000000000000000000000000>, C4<00000000000000000000000000000000>, C4<00000000000000000000000000000000>;
L_0x563d4e7062f0 .functor BUFZ 32, v0x563d4e651a00_0, C4<00000000000000000000000000000000>, C4<00000000000000000000000000000000>, C4<00000000000000000000000000000000>;
L_0x563d4e706390 .functor BUFZ 32, v0x563d4e651ae0_0, C4<00000000000000000000000000000000>, C4<00000000000000000000000000000000>, C4<00000000000000000000000000000000>;
L_0x563d4e7066c0 .functor BUFZ 32, v0x563d4e6510c0_0, C4<00000000000000000000000000000000>, C4<00000000000000000000000000000000>, C4<00000000000000000000000000000000>;
L_0x563d4e706730 .functor BUFZ 32, v0x563d4e6511a0_0, C4<00000000000000000000000000000000>, C4<00000000000000000000000000000000>, C4<00000000000000000000000000000000>;
L_0x563d4e706a70 .functor BUFZ 32, v0x563d4e650d40_0, C4<00000000000000000000000000000000>, C4<00000000000000000000000000000000>, C4<00000000000000000000000000000000>;
L_0x563d4e706b10 .functor BUFZ 32, v0x563d4e650e20_0, C4<00000000000000000000000000000000>, C4<00000000000000000000000000000000>, C4<00000000000000000000000000000000>;
L_0x563d4e706e60 .functor BUFZ 32, v0x563d4e6509c0_0, C4<00000000000000000000000000000000>, C4<00000000000000000000000000000000>, C4<00000000000000000000000000000000>;
L_0x563d4e706f00 .functor BUFZ 32, v0x563d4e650aa0_0, C4<00000000000000000000000000000000>, C4<00000000000000000000000000000000>, C4<00000000000000000000000000000000>;
L_0x563d4e707260 .functor BUFZ 32, v0x563d4e650640_0, C4<00000000000000000000000000000000>, C4<00000000000000000000000000000000>, C4<00000000000000000000000000000000>;
L_0x563d4e707300 .functor BUFZ 32, v0x563d4e650720_0, C4<00000000000000000000000000000000>, C4<00000000000000000000000000000000>, C4<00000000000000000000000000000000>;
L_0x563d4e707670 .functor BUFZ 32, v0x563d4e6503a0_0, C4<00000000000000000000000000000000>, C4<00000000000000000000000000000000>, C4<00000000000000000000000000000000>;
L_0x563d4e707740 .functor BUFZ 32, v0x563d4e642fe0_0, C4<00000000000000000000000000000000>, C4<00000000000000000000000000000000>, C4<00000000000000000000000000000000>;
L_0x563d4e707af0 .functor BUFZ 32, v0x563d4e6430c0_0, C4<00000000000000000000000000000000>, C4<00000000000000000000000000000000>, C4<00000000000000000000000000000000>;
L_0x563d4e707bc0 .functor BUFZ 32, v0x563d4e64ff40_0, C4<00000000000000000000000000000000>, C4<00000000000000000000000000000000>, C4<00000000000000000000000000000000>;
L_0x563d4e707f80 .functor BUFZ 32, v0x563d4e650020_0, C4<00000000000000000000000000000000>, C4<00000000000000000000000000000000>, C4<00000000000000000000000000000000>;
L_0x563d4e708050 .functor BUFZ 32, v0x563d4e64fbc0_0, C4<00000000000000000000000000000000>, C4<00000000000000000000000000000000>, C4<00000000000000000000000000000000>;
L_0x563d4e708420 .functor BUFZ 32, v0x563d4e64fca0_0, C4<00000000000000000000000000000000>, C4<00000000000000000000000000000000>, C4<00000000000000000000000000000000>;
L_0x563d4e7084f0 .functor BUFZ 32, v0x563d4e64f840_0, C4<00000000000000000000000000000000>, C4<00000000000000000000000000000000>, C4<00000000000000000000000000000000>;
L_0x563d4e7088d0 .functor BUFZ 32, v0x563d4e64f920_0, C4<00000000000000000000000000000000>, C4<00000000000000000000000000000000>, C4<00000000000000000000000000000000>;
L_0x563d4e7089a0 .functor BUFZ 32, v0x563d4e64f4c0_0, C4<00000000000000000000000000000000>, C4<00000000000000000000000000000000>, C4<00000000000000000000000000000000>;
L_0x563d4e708d90 .functor BUFZ 32, v0x563d4e64f140_0, C4<00000000000000000000000000000000>, C4<00000000000000000000000000000000>, C4<00000000000000000000000000000000>;
L_0x563d4e708e60 .functor BUFZ 32, v0x563d4e64f220_0, C4<00000000000000000000000000000000>, C4<00000000000000000000000000000000>, C4<00000000000000000000000000000000>;
v0x563d4e6b3410_0 .net "ALU_branch", 0 0, L_0x563d4e7021f0;  1 drivers
v0x563d4e6b34f0_0 .net "ALU_branch_pc", 31 0, L_0x563d4e702260;  1 drivers
v0x563d4e6b35d0_0 .net "ALU_func", 3 0, L_0x563d4e701f20;  1 drivers
v0x563d4e6b3690_0 .net "ALU_input_a", 31 0, L_0x563d4e701bc0;  1 drivers
v0x563d4e6b3770_0 .net "ALU_input_b", 31 0, L_0x563d4e701c30;  1 drivers
v0x563d4e6b38a0_0 .net "ALU_instr", 31 0, L_0x563d4e701db0;  1 drivers
v0x563d4e6b3980_0 .net "ALU_pc", 31 0, L_0x563d4e701a80;  1 drivers
v0x563d4e6b3a60_0 .net "ALU_result", 31 0, L_0x563d4e701f90;  1 drivers
v0x563d4e6b3b40_0 .net "ALU_stall", 0 0, L_0x563d4e702380;  1 drivers
v0x563d4e6b3c00_0 .net "ALU_valid", 0 0, L_0x563d4e701b50;  1 drivers
v0x563d4e6b3cc0_0 .net "ALU_wb_rd", 4 0, L_0x563d4e702110;  1 drivers
v0x563d4e6b3da0_0 .net "ALU_wb_squash", 0 0, L_0x563d4e702310;  1 drivers
v0x563d4e6b3e60_0 .net "ALU_wb_val", 31 0, L_0x563d4e702180;  1 drivers
v0x563d4e6b3f40_0 .net "CSR_branch", 0 0, L_0x563d4e704cb0;  1 drivers
v0x563d4e6b4000_0 .net "CSR_branch_pc", 31 0, L_0x563d4e704f80;  1 drivers
v0x563d4e6b40e0_0 .net "CSR_instr", 31 0, L_0x563d4e704600;  1 drivers
v0x563d4e6b41c0_0 .net "CSR_stall", 0 0, L_0x563d4e7048b0;  1 drivers
v0x563d4e6b4280_0 .net "CSR_valid", 0 0, L_0x563d4e704560;  1 drivers
v0x563d4e6b4340_0 .net "CSR_wb_rd", 4 0, L_0x563d4e704950;  1 drivers
v0x563d4e6b4420_0 .net "CSR_wb_val", 31 0, L_0x563d4e704c10;  1 drivers
v0x563d4e6b4500_0 .net "DECODE_instr", 31 0, L_0x563d4e700dd0;  1 drivers
v0x563d4e6b45e0_0 .net "DECODE_pc", 31 0, L_0x563d4e700eb0;  1 drivers
v0x563d4e6b46c0_0 .net "DECODE_ra", 4 0, L_0x563d4e7010a0;  1 drivers
v0x563d4e6b47a0_0 .net "DECODE_ra_value", 31 0, L_0x563d4e701560;  1 drivers
v0x563d4e6b4880_0 .net "DECODE_rb", 4 0, L_0x563d4e7014c0;  1 drivers
v0x563d4e6b4960_0 .net "DECODE_rb_value", 31 0, L_0x563d4e7015d0;  1 drivers
v0x563d4e6b4a40_0 .net "DECODE_rd", 4 0, L_0x563d4e700fa0;  1 drivers
v0x563d4e6b4b20_0 .net "DECODE_scoreboard", 31 0, L_0x563d4e701950;  1 drivers
v0x563d4e6b4c00_0 .net "DECODE_stall", 0 0, L_0x563d4e7017c0;  1 drivers
v0x563d4e6b4cc0_0 .net "DECODE_stall_score", 0 0, L_0x563d4e701a10;  1 drivers
v0x563d4e6b4d80_0 .net "DECODE_to_ALU", 0 0, L_0x563d4e7016e0;  1 drivers
v0x563d4e6b4e40_0 .net "DECODE_to_CSR", 0 0, L_0x563d4e701870;  1 drivers
v0x563d4e6b4f00_0 .net "DECODE_to_LSU", 0 0, L_0x563d4e701750;  1 drivers
v0x563d4e6b4fc0_0 .net "DECODE_to_MULDIV", 0 0, L_0x563d4e7018e0;  1 drivers
v0x563d4e6b5080_0 .net "DECODE_valid", 0 0, L_0x563d4e700e40;  1 drivers
v0x563d4e6b5140_0 .net "FETCH_accept", 0 0, L_0x563d4e700630;  1 drivers
v0x563d4e6b5200_0 .net "FETCH_branch", 0 0, L_0x563d4e7009a0;  1 drivers
v0x563d4e6b52c0_0 .net "FETCH_branch_pc", 31 0, L_0x563d4e700a10;  1 drivers
v0x563d4e6b53a0_0 .net "FETCH_flush", 0 0, L_0x563d4e700cf0;  1 drivers
v0x563d4e6b5460_0 .net "FETCH_instr", 31 0, L_0x563d4e7008a0;  1 drivers
v0x563d4e6b5540_0 .net "FETCH_invalidate", 0 0, L_0x563d4e700d60;  1 drivers
v0x563d4e6b5600_0 .net "FETCH_pc", 31 0, L_0x563d4e7007a0;  1 drivers
v0x563d4e6b56e0_0 .net "FETCH_rd_req", 0 0, L_0x563d4e700530;  1 drivers
v0x563d4e6b57a0_0 .net "FETCH_stage_instr", 31 0, L_0x563d4e700b80;  1 drivers
v0x563d4e6b5880_0 .net "FETCH_stage_pc", 31 0, L_0x563d4e700a80;  1 drivers
v0x563d4e6b5960_0 .net "FETCH_stage_valid", 0 0, L_0x563d4e700bf0;  1 drivers
v0x563d4e6b5a20_0 .net "FETCH_valid", 0 0, L_0x563d4e7006a0;  1 drivers
v0x563d4e6b5ae0_0 .net "LSU_ack", 0 0, L_0x563d4e703770;  1 drivers
v0x563d4e6b5ba0_0 .net "LSU_addr", 31 0, L_0x563d4e7031d0;  1 drivers
v0x563d4e6b5c80_0 .net "LSU_fault_load", 0 0, L_0x563d4e703f80;  1 drivers
v0x563d4e6b5d40_0 .net "LSU_fault_misalign_load", 0 0, L_0x563d4e704250;  1 drivers
v0x563d4e6b5e00_0 .net "LSU_fault_misalign_store", 0 0, L_0x563d4e7042c0;  1 drivers
v0x563d4e6b5ec0_0 .net "LSU_fault_store", 0 0, L_0x563d4e703ff0;  1 drivers
v0x563d4e6b5f80_0 .net "LSU_instr", 31 0, L_0x563d4e702fd0;  1 drivers
v0x563d4e6b6060_0 .net "LSU_rd", 0 0, L_0x563d4e703450;  1 drivers
v0x563d4e6b6120_0 .net "LSU_rdata", 31 0, L_0x563d4e7037e0;  1 drivers
v0x563d4e6b6200_0 .net "LSU_stall", 0 0, L_0x563d4e703a10;  1 drivers
v0x563d4e6b62c0_0 .net "LSU_valid", 0 0, L_0x563d4e702f60;  1 drivers
v0x563d4e6b6380_0 .net "LSU_wb_rd", 4 0, L_0x563d4e703a80;  1 drivers
v0x563d4e6b6460_0 .net "LSU_wb_squash", 0 0, L_0x563d4e703d30;  1 drivers
v0x563d4e6b6520_0 .net "LSU_wb_val", 31 0, L_0x563d4e703cc0;  1 drivers
v0x563d4e6b6600_0 .net "LSU_wdata", 31 0, L_0x563d4e703240;  1 drivers
v0x563d4e6b66e0_0 .net "LSU_wr", 3 0, L_0x563d4e7034c0;  1 drivers
v0x563d4e6b67c0_0 .net "MULDIV_instr", 31 0, L_0x563d4e7025a0;  1 drivers
v0x563d4e6b68a0_0 .net "MULDIV_op_a", 31 0, L_0x563d4e702760;  1 drivers
v0x563d4e6b6d50_0 .net "MULDIV_op_b", 31 0, L_0x563d4e7027d0;  1 drivers
v0x563d4e6b6df0_0 .net "MULDIV_stall", 0 0, L_0x563d4e702ab0;  1 drivers
v0x563d4e6b6e90_0 .net "MULDIV_valid", 0 0, L_0x563d4e702530;  1 drivers
v0x563d4e6b6f30_0 .net "MULDIV_wb_rd", 4 0, L_0x563d4e702b20;  1 drivers
v0x563d4e6b6fd0_0 .net "MULDIV_wb_squash", 0 0, L_0x563d4e702d70;  1 drivers
v0x563d4e6b7070_0 .net "MULDIV_wb_val", 31 0, L_0x563d4e702d00;  1 drivers
L_0x7fe77bd7cd60 .functor BUFT 1, C4<00000000000000000000000000000000>, C4<0>, C4<0>, C4<0>;
v0x563d4e6b7110_0 .net "REG_x0", 31 0, L_0x7fe77bd7cd60;  1 drivers
v0x563d4e6b71b0_0 .net "REG_x1", 31 0, L_0x563d4e705050;  1 drivers
v0x563d4e6b7250_0 .net "REG_x10", 31 0, L_0x563d4e7062f0;  1 drivers
v0x563d4e6b72f0_0 .net "REG_x11", 31 0, L_0x563d4e706390;  1 drivers
v0x563d4e6b7390_0 .net "REG_x12", 31 0, L_0x563d4e7066c0;  1 drivers
v0x563d4e6b7430_0 .net "REG_x13", 31 0, L_0x563d4e706730;  1 drivers
v0x563d4e6b74d0_0 .net "REG_x14", 31 0, L_0x563d4e706a70;  1 drivers
v0x563d4e6b7570_0 .net "REG_x15", 31 0, L_0x563d4e706b10;  1 drivers
v0x563d4e6b7610_0 .net "REG_x16", 31 0, L_0x563d4e706e60;  1 drivers
v0x563d4e6b76b0_0 .net "REG_x17", 31 0, L_0x563d4e706f00;  1 drivers
v0x563d4e6b7750_0 .net "REG_x18", 31 0, L_0x563d4e707260;  1 drivers
v0x563d4e6b77f0_0 .net "REG_x19", 31 0, L_0x563d4e707300;  1 drivers
v0x563d4e6b7890_0 .net "REG_x2", 31 0, L_0x563d4e705300;  1 drivers
v0x563d4e6b7930_0 .net "REG_x20", 31 0, L_0x563d4e707670;  1 drivers
v0x563d4e6b79f0_0 .net "REG_x21", 31 0, L_0x563d4e707740;  1 drivers
v0x563d4e6b7ad0_0 .net "REG_x22", 31 0, L_0x563d4e707af0;  1 drivers
v0x563d4e6b7bb0_0 .net "REG_x23", 31 0, L_0x563d4e707bc0;  1 drivers
v0x563d4e6b7c90_0 .net "REG_x24", 31 0, L_0x563d4e707f80;  1 drivers
v0x563d4e6b7d70_0 .net "REG_x25", 31 0, L_0x563d4e708050;  1 drivers
v0x563d4e6b7e50_0 .net "REG_x26", 31 0, L_0x563d4e708420;  1 drivers
v0x563d4e6b7f30_0 .net "REG_x27", 31 0, L_0x563d4e7084f0;  1 drivers
v0x563d4e6b8010_0 .net "REG_x28", 31 0, L_0x563d4e7088d0;  1 drivers
v0x563d4e6b80f0_0 .net "REG_x29", 31 0, L_0x563d4e7089a0;  1 drivers
v0x563d4e6b81d0_0 .net "REG_x3", 31 0, L_0x563d4e7053a0;  1 drivers
v0x563d4e6b82b0_0 .net "REG_x30", 31 0, L_0x563d4e708d90;  1 drivers
v0x563d4e6b8390_0 .net "REG_x31", 31 0, L_0x563d4e708e60;  1 drivers
v0x563d4e6b8470_0 .net "REG_x4", 31 0, L_0x563d4e7056c0;  1 drivers
v0x563d4e6b8550_0 .net "REG_x5", 31 0, L_0x563d4e705790;  1 drivers
v0x563d4e6b8630_0 .net "REG_x6", 31 0, L_0x563d4e705ac0;  1 drivers
v0x563d4e6b8710_0 .net "REG_x7", 31 0, L_0x563d4e705b90;  1 drivers
v0x563d4e6b87f0_0 .net "REG_x8", 31 0, L_0x563d4e705ed0;  1 drivers
v0x563d4e6b88d0_0 .net "REG_x9", 31 0, L_0x563d4e705fa0;  1 drivers
v0x563d4e6b89b0_0 .var "clk_i", 0 0;
v0x563d4e6b8a50_0 .var "cpu_id_i", 31 0;
v0x563d4e6b8b10_0 .var "dmem_addr_d", 31 0;
v0x563d4e6b8bf0_0 .var "dmem_pending", 0 0;
v0x563d4e6b8cb0_0 .var "dmem_rd_d", 0 0;
v0x563d4e6b8d70_0 .var "dmem_tag_d", 10 0;
v0x563d4e6b8e50_0 .var "dmem_wdata_d", 31 0;
v0x563d4e6b8f30_0 .var "dmem_wr_d", 3 0;
v0x563d4e6b9010_0 .var "ifetch_addr_d", 31 0;
v0x563d4e6b90f0_0 .var "ifetch_pending", 0 0;
v0x563d4e6b91b0_0 .var "intr_i", 0 0;
v0x563d4e6b92a0_0 .var/i "k", 31 0;
v0x563d4e6b9380 .array "mem", 65535 0, 7 0;
v0x563d4e6b9440_0 .var "mem_d_accept_r", 0 0;
v0x563d4e6b9530_0 .var "mem_d_ack_r", 0 0;
v0x563d4e6b9620_0 .net "mem_d_addr_w", 31 0, L_0x563d4e6d1db0;  1 drivers
v0x563d4e6b9730_0 .net "mem_d_cacheable_w", 0 0, L_0x563d4e6d2570;  1 drivers
v0x563d4e6b9820_0 .var "mem_d_data_rd_r", 31 0;
v0x563d4e6b9930_0 .net "mem_d_data_wr_w", 31 0, L_0x563d4e6d1ff0;  1 drivers
v0x563d4e6b9a40_0 .var "mem_d_error_r", 0 0;
v0x563d4e6b9b30_0 .net "mem_d_flush_w", 0 0, L_0x563d4e6d28d0;  1 drivers
v0x563d4e6b9c20_0 .net "mem_d_invalidate_w", 0 0, L_0x563d4e6d2710;  1 drivers
v0x563d4e6b9d10_0 .net "mem_d_rd_w", 0 0, L_0x563d4e6d21b0;  1 drivers
v0x563d4e6b9e00_0 .net "mem_d_req_tag_w", 10 0, L_0x563d4e6d25e0;  1 drivers
v0x563d4e6b9f10_0 .var "mem_d_resp_tag_r", 10 0;
v0x563d4e6ba020_0 .net "mem_d_wr_w", 3 0, L_0x563d4e6d23b0;  1 drivers
v0x563d4e6ba920_0 .var "mem_i_accept_r", 0 0;
v0x563d4e6baa10_0 .var "mem_i_error_r", 0 0;
v0x563d4e6bab00_0 .net "mem_i_flush_w", 0 0, L_0x563d4e6cdb40;  1 drivers
v0x563d4e6babf0_0 .var "mem_i_inst_r", 31 0;
v0x563d4e6bace0_0 .net "mem_i_invalidate_w", 0 0, L_0x563d4e6cdc70;  1 drivers
v0x563d4e6badd0_0 .net "mem_i_pc_w", 31 0, L_0x563d4e6cd9a0;  1 drivers
v0x563d4e6baec0_0 .net "mem_i_rd_w", 0 0, L_0x563d4e6cd5e0;  1 drivers
v0x563d4e6bafb0_0 .var "mem_i_valid_r", 0 0;
v0x563d4e6bb0a0 .array "prev_x", 31 1, 31 0;
v0x563d4e6bb140_0 .var "reset_vector_i", 31 0;
v0x563d4e6bb230_0 .var "rst_i", 0 0;
E_0x563d4e22ba70 .event posedge, v0x563d4e40bbe0_0;
E_0x563d4e22ad30 .event negedge, v0x563d4e40bbe0_0;
S_0x563d4e64c040 .scope task, "load_program" "load_program" 3 215, 3 215 0, S_0x563d4e6436e0;
 .timescale 0 0;
v0x563d4e5990a0_0 .var "hex_path", 255 0;
v0x563d4e59da00_0 .var/i "i", 31 0;
v0x563d4e59ee80 .array "prog", 3 0, 31 0;
TD_tb_riscv_core.load_program ;
    %pushi/vec4 0, 0, 32;
    %store/vec4 v0x563d4e59da00_0, 0, 32;
T_0.0 ;
    %load/vec4 v0x563d4e59da00_0;
    %cmpi/s 65536, 0, 32;
    %jmp/0xz T_0.1, 5;
    %pushi/vec4 0, 0, 8;
    %ix/getv/s 4, v0x563d4e59da00_0;
    %store/vec4a v0x563d4e6b9380, 4, 0;
    %load/vec4 v0x563d4e59da00_0;
    %addi 1, 0, 32;
    %store/vec4 v0x563d4e59da00_0, 0, 32;
    %jmp T_0.0;
T_0.1 ;
    %vpi_func 3 222 "$value$plusargs" 32, "HEX_FILE=%s", v0x563d4e5990a0_0 {0 0 0};
    %cmpi/ne 0, 0, 32;
    %jmp/0xz  T_0.2, 4;
    %vpi_call/w 3 223 "$readmemh", v0x563d4e5990a0_0, v0x563d4e6b9380 {0 0 0};
    %vpi_call/w 3 224 "$display", "[SIM  ] Loaded hex file: %0s", v0x563d4e5990a0_0 {0 0 0};
    %jmp T_0.3;
T_0.2 ;
    %pushi/vec4 5243027, 0, 32;
    %ix/load 4, 0, 0;
    %flag_set/imm 4, 0;
    %store/vec4a v0x563d4e59ee80, 4, 0;
    %pushi/vec4 3146003, 0, 32;
    %ix/load 4, 1, 0;
    %flag_set/imm 4, 0;
    %store/vec4a v0x563d4e59ee80, 4, 0;
    %pushi/vec4 2130355, 0, 32;
    %ix/load 4, 2, 0;
    %flag_set/imm 4, 0;
    %store/vec4a v0x563d4e59ee80, 4, 0;
    %pushi/vec4 111, 0, 32;
    %ix/load 4, 3, 0;
    %flag_set/imm 4, 0;
    %store/vec4a v0x563d4e59ee80, 4, 0;
    %pushi/vec4 0, 0, 32;
    %store/vec4 v0x563d4e59da00_0, 0, 32;
T_0.4 ;
    %load/vec4 v0x563d4e59da00_0;
    %cmpi/s 4, 0, 32;
    %jmp/0xz T_0.5, 5;
    %ix/getv/s 4, v0x563d4e59da00_0;
    %load/vec4a v0x563d4e59ee80, 4;
    %parti/s 8, 0, 2;
    %load/vec4 v0x563d4e59da00_0;
    %pad/s 65;
    %muli 4, 0, 65;
    %addi 0, 0, 65;
    %ix/vec4/s 4;
    %store/vec4a v0x563d4e6b9380, 4, 0;
    %ix/getv/s 4, v0x563d4e59da00_0;
    %load/vec4a v0x563d4e59ee80, 4;
    %parti/s 8, 8, 5;
    %load/vec4 v0x563d4e59da00_0;
    %pad/s 65;
    %muli 4, 0, 65;
    %addi 1, 0, 65;
    %ix/vec4/s 4;
    %store/vec4a v0x563d4e6b9380, 4, 0;
    %ix/getv/s 4, v0x563d4e59da00_0;
    %load/vec4a v0x563d4e59ee80, 4;
    %parti/s 8, 16, 6;
    %load/vec4 v0x563d4e59da00_0;
    %pad/s 65;
    %muli 4, 0, 65;
    %addi 2, 0, 65;
    %ix/vec4/s 4;
    %store/vec4a v0x563d4e6b9380, 4, 0;
    %ix/getv/s 4, v0x563d4e59da00_0;
    %load/vec4a v0x563d4e59ee80, 4;
    %parti/s 8, 24, 6;
    %load/vec4 v0x563d4e59da00_0;
    %pad/s 65;
    %muli 4, 0, 65;
    %addi 3, 0, 65;
    %ix/vec4/s 4;
    %store/vec4a v0x563d4e6b9380, 4, 0;
    %load/vec4 v0x563d4e59da00_0;
    %addi 1, 0, 32;
    %store/vec4 v0x563d4e59da00_0, 0, 32;
    %jmp T_0.4;
T_0.5 ;
    %vpi_call/w 3 236 "$display", "[SIM  ] Running built-in program (addi/add)" {0 0 0};
T_0.3 ;
    %end;
S_0x563d4e655c80 .scope function.vec4.s32, "mem_rd32" "mem_rd32" 3 195, 3 195 0, S_0x563d4e6436e0;
 .timescale 0 0;
v0x563d4e59ef20_0 .var "addr", 31 0;
; Variable mem_rd32 is vec4 return value of scope S_0x563d4e655c80
TD_tb_riscv_core.mem_rd32 ;
    %load/vec4 v0x563d4e59ef20_0;
    %pad/u 33;
    %addi 3, 0, 33;
    %ix/vec4 4;
    %load/vec4a v0x563d4e6b9380, 4;
    %load/vec4 v0x563d4e59ef20_0;
    %pad/u 33;
    %addi 2, 0, 33;
    %ix/vec4 4;
    %load/vec4a v0x563d4e6b9380, 4;
    %concat/vec4; draw_concat_vec4
    %load/vec4 v0x563d4e59ef20_0;
    %pad/u 33;
    %addi 1, 0, 33;
    %ix/vec4 4;
    %load/vec4a v0x563d4e6b9380, 4;
    %concat/vec4; draw_concat_vec4
    %load/vec4 v0x563d4e59ef20_0;
    %pad/u 33;
    %addi 0, 0, 33;
    %ix/vec4 4;
    %load/vec4a v0x563d4e6b9380, 4;
    %concat/vec4; draw_concat_vec4
    %ret/vec4 0, 0, 32;  Assign to mem_rd32 (store_vec4_to_lval)
    %end;
S_0x563d4e655900 .scope task, "mem_wr32" "mem_wr32" 3 200, 3 200 0, S_0x563d4e6436e0;
 .timescale 0 0;
v0x563d4e5a2390_0 .var "addr", 31 0;
v0x563d4e273a30_0 .var "be", 3 0;
v0x563d4e516910_0 .var "data", 31 0;
TD_tb_riscv_core.mem_wr32 ;
    %load/vec4 v0x563d4e273a30_0;
    %parti/s 1, 0, 2;
    %flag_set/vec4 8;
    %jmp/0xz  T_2.6, 8;
    %load/vec4 v0x563d4e516910_0;
    %parti/s 8, 0, 2;
    %load/vec4 v0x563d4e5a2390_0;
    %pad/u 33;
    %addi 0, 0, 33;
    %ix/vec4 4;
    %store/vec4a v0x563d4e6b9380, 4, 0;
T_2.6 ;
    %load/vec4 v0x563d4e273a30_0;
    %parti/s 1, 1, 2;
    %flag_set/vec4 8;
    %jmp/0xz  T_2.8, 8;
    %load/vec4 v0x563d4e516910_0;
    %parti/s 8, 8, 5;
    %load/vec4 v0x563d4e5a2390_0;
    %pad/u 33;
    %addi 1, 0, 33;
    %ix/vec4 4;
    %store/vec4a v0x563d4e6b9380, 4, 0;
T_2.8 ;
    %load/vec4 v0x563d4e273a30_0;
    %parti/s 1, 2, 3;
    %flag_set/vec4 8;
    %jmp/0xz  T_2.10, 8;
    %load/vec4 v0x563d4e516910_0;
    %parti/s 8, 16, 6;
    %load/vec4 v0x563d4e5a2390_0;
    %pad/u 33;
    %addi 2, 0, 33;
    %ix/vec4 4;
    %store/vec4a v0x563d4e6b9380, 4, 0;
T_2.10 ;
    %load/vec4 v0x563d4e273a30_0;
    %parti/s 1, 3, 3;
    %flag_set/vec4 8;
    %jmp/0xz  T_2.12, 8;
    %load/vec4 v0x563d4e516910_0;
    %parti/s 8, 24, 6;
    %load/vec4 v0x563d4e5a2390_0;
    %pad/u 33;
    %addi 3, 0, 33;
    %ix/vec4 4;
    %store/vec4a v0x563d4e6b9380, 4, 0;
T_2.12 ;
    %end;
S_0x563d4e655580 .scope begin, "memdump" "memdump" 3 551, 3 551 0, S_0x563d4e6436e0;
 .timescale 0 0;
v0x563d4e665470_0 .var/i "d", 31 0;
S_0x563d4e655200 .scope task, "print_instr" "print_instr" 3 294, 3 294 0, S_0x563d4e6436e0;
 .timescale 0 0;
v0x563d4e666f40_0 .var "f3", 2 0;
v0x563d4e668af0_0 .var "f7", 6 0;
v0x563d4e67d180_0 .var "imm12", 11 0;
v0x563d4e67dfc0_0 .var "instr", 31 0;
v0x563d4e516110_0 .var "op", 6 0;
v0x563d4e516210_0 .var "rd", 4 0;
v0x563d4e664b30_0 .var "rs1", 4 0;
v0x563d4e65f2d0_0 .var "rs2", 4 0;
TD_tb_riscv_core.print_instr ;
    %load/vec4 v0x563d4e67dfc0_0;
    %parti/s 7, 0, 2;
    %store/vec4 v0x563d4e516110_0, 0, 7;
    %load/vec4 v0x563d4e67dfc0_0;
    %parti/s 3, 12, 5;
    %store/vec4 v0x563d4e666f40_0, 0, 3;
    %load/vec4 v0x563d4e67dfc0_0;
    %parti/s 7, 25, 6;
    %store/vec4 v0x563d4e668af0_0, 0, 7;
    %load/vec4 v0x563d4e67dfc0_0;
    %parti/s 5, 7, 4;
    %store/vec4 v0x563d4e516210_0, 0, 5;
    %load/vec4 v0x563d4e67dfc0_0;
    %parti/s 5, 15, 5;
    %store/vec4 v0x563d4e664b30_0, 0, 5;
    %load/vec4 v0x563d4e67dfc0_0;
    %parti/s 5, 20, 6;
    %store/vec4 v0x563d4e65f2d0_0, 0, 5;
    %load/vec4 v0x563d4e67dfc0_0;
    %parti/s 12, 20, 6;
    %store/vec4 v0x563d4e67d180_0, 0, 12;
    %load/vec4 v0x563d4e516110_0;
    %dup/vec4;
    %pushi/vec4 19, 0, 7;
    %cmp/u;
    %jmp/1 T_3.14, 6;
    %dup/vec4;
    %pushi/vec4 51, 0, 7;
    %cmp/u;
    %jmp/1 T_3.15, 6;
    %dup/vec4;
    %pushi/vec4 3, 0, 7;
    %cmp/u;
    %jmp/1 T_3.16, 6;
    %dup/vec4;
    %pushi/vec4 35, 0, 7;
    %cmp/u;
    %jmp/1 T_3.17, 6;
    %dup/vec4;
    %pushi/vec4 99, 0, 7;
    %cmp/u;
    %jmp/1 T_3.18, 6;
    %dup/vec4;
    %pushi/vec4 111, 0, 7;
    %cmp/u;
    %jmp/1 T_3.19, 6;
    %dup/vec4;
    %pushi/vec4 103, 0, 7;
    %cmp/u;
    %jmp/1 T_3.20, 6;
    %dup/vec4;
    %pushi/vec4 55, 0, 7;
    %cmp/u;
    %jmp/1 T_3.21, 6;
    %dup/vec4;
    %pushi/vec4 23, 0, 7;
    %cmp/u;
    %jmp/1 T_3.22, 6;
    %dup/vec4;
    %pushi/vec4 115, 0, 7;
    %cmp/u;
    %jmp/1 T_3.23, 6;
    %vpi_call/w 3 367 "$write", "UNKNOWN op=0x%02X", v0x563d4e516110_0 {0 0 0};
    %jmp T_3.25;
T_3.14 ;
    %load/vec4 v0x563d4e666f40_0;
    %dup/vec4;
    %pushi/vec4 0, 0, 3;
    %cmp/u;
    %jmp/1 T_3.26, 6;
    %dup/vec4;
    %pushi/vec4 7, 0, 3;
    %cmp/u;
    %jmp/1 T_3.27, 6;
    %dup/vec4;
    %pushi/vec4 6, 0, 3;
    %cmp/u;
    %jmp/1 T_3.28, 6;
    %dup/vec4;
    %pushi/vec4 4, 0, 3;
    %cmp/u;
    %jmp/1 T_3.29, 6;
    %dup/vec4;
    %pushi/vec4 1, 0, 3;
    %cmp/u;
    %jmp/1 T_3.30, 6;
    %dup/vec4;
    %pushi/vec4 5, 0, 3;
    %cmp/u;
    %jmp/1 T_3.31, 6;
    %dup/vec4;
    %pushi/vec4 2, 0, 3;
    %cmp/u;
    %jmp/1 T_3.32, 6;
    %vpi_call/w 3 310 "$write", "I-ALU x%0d, x%0d, 0x%X", v0x563d4e516210_0, v0x563d4e664b30_0, v0x563d4e67d180_0 {0 0 0};
    %jmp T_3.34;
T_3.26 ;
    %load/vec4 v0x563d4e67d180_0;
    %vpi_call/w 3 303 "$write", "ADDI  x%0d, x%0d, %0d", v0x563d4e516210_0, v0x563d4e664b30_0, S<0,vec4,s12> {1 0 0};
    %jmp T_3.34;
T_3.27 ;
    %load/vec4 v0x563d4e67d180_0;
    %vpi_call/w 3 304 "$write", "ANDI  x%0d, x%0d, %0d", v0x563d4e516210_0, v0x563d4e664b30_0, S<0,vec4,s12> {1 0 0};
    %jmp T_3.34;
T_3.28 ;
    %load/vec4 v0x563d4e67d180_0;
    %vpi_call/w 3 305 "$write", "ORI   x%0d, x%0d, %0d", v0x563d4e516210_0, v0x563d4e664b30_0, S<0,vec4,s12> {1 0 0};
    %jmp T_3.34;
T_3.29 ;
    %load/vec4 v0x563d4e67d180_0;
    %vpi_call/w 3 306 "$write", "XORI  x%0d, x%0d, %0d", v0x563d4e516210_0, v0x563d4e664b30_0, S<0,vec4,s12> {1 0 0};
    %jmp T_3.34;
T_3.30 ;
    %vpi_call/w 3 307 "$write", "SLLI  x%0d, x%0d, %0d", v0x563d4e516210_0, v0x563d4e664b30_0, v0x563d4e65f2d0_0 {0 0 0};
    %jmp T_3.34;
T_3.31 ;
    %load/vec4 v0x563d4e668af0_0;
    %parti/s 1, 5, 4;
    %flag_set/vec4 8;
    %jmp/0 T_3.35, 8;
    %pushi/vec4 1397899593, 0, 32; draw_string_vec4
    %pushi/vec4 32, 0, 8; draw_string_vec4
    %concat/vec4; draw_string_vec4
    %jmp/1 T_3.36, 8;
T_3.35 ; End of true expr.
    %pushi/vec4 1397902409, 0, 32; draw_string_vec4
    %pushi/vec4 32, 0, 8; draw_string_vec4
    %concat/vec4; draw_string_vec4
    %jmp/0 T_3.36, 8;
 ; End of false expr.
    %blend;
T_3.36;
    %vpi_call/w 3 308 "$write", "%s x%0d, x%0d, %0d", S<0,vec4,u40>, v0x563d4e516210_0, v0x563d4e664b30_0, v0x563d4e65f2d0_0 {1 0 0};
    %jmp T_3.34;
T_3.32 ;
    %load/vec4 v0x563d4e67d180_0;
    %vpi_call/w 3 309 "$write", "SLTI  x%0d, x%0d, %0d", v0x563d4e516210_0, v0x563d4e664b30_0, S<0,vec4,s12> {1 0 0};
    %jmp T_3.34;
T_3.34 ;
    %pop/vec4 1;
    %jmp T_3.25;
T_3.15 ;
    %load/vec4 v0x563d4e668af0_0;
    %cmpi/e 1, 0, 7;
    %jmp/0xz  T_3.37, 4;
    %load/vec4 v0x563d4e666f40_0;
    %dup/vec4;
    %pushi/vec4 0, 0, 3;
    %cmp/u;
    %jmp/1 T_3.39, 6;
    %dup/vec4;
    %pushi/vec4 1, 0, 3;
    %cmp/u;
    %jmp/1 T_3.40, 6;
    %dup/vec4;
    %pushi/vec4 4, 0, 3;
    %cmp/u;
    %jmp/1 T_3.41, 6;
    %dup/vec4;
    %pushi/vec4 5, 0, 3;
    %cmp/u;
    %jmp/1 T_3.42, 6;
    %dup/vec4;
    %pushi/vec4 6, 0, 3;
    %cmp/u;
    %jmp/1 T_3.43, 6;
    %dup/vec4;
    %pushi/vec4 7, 0, 3;
    %cmp/u;
    %jmp/1 T_3.44, 6;
    %vpi_call/w 3 320 "$write", "M-EXT x%0d, x%0d, x%0d", v0x563d4e516210_0, v0x563d4e664b30_0, v0x563d4e65f2d0_0 {0 0 0};
    %jmp T_3.46;
T_3.39 ;
    %vpi_call/w 3 314 "$write", "MUL   x%0d, x%0d, x%0d", v0x563d4e516210_0, v0x563d4e664b30_0, v0x563d4e65f2d0_0 {0 0 0};
    %jmp T_3.46;
T_3.40 ;
    %vpi_call/w 3 315 "$write", "MULH  x%0d, x%0d, x%0d", v0x563d4e516210_0, v0x563d4e664b30_0, v0x563d4e65f2d0_0 {0 0 0};
    %jmp T_3.46;
T_3.41 ;
    %vpi_call/w 3 316 "$write", "DIV   x%0d, x%0d, x%0d", v0x563d4e516210_0, v0x563d4e664b30_0, v0x563d4e65f2d0_0 {0 0 0};
    %jmp T_3.46;
T_3.42 ;
    %vpi_call/w 3 317 "$write", "DIVU  x%0d, x%0d, x%0d", v0x563d4e516210_0, v0x563d4e664b30_0, v0x563d4e65f2d0_0 {0 0 0};
    %jmp T_3.46;
T_3.43 ;
    %vpi_call/w 3 318 "$write", "REM   x%0d, x%0d, x%0d", v0x563d4e516210_0, v0x563d4e664b30_0, v0x563d4e65f2d0_0 {0 0 0};
    %jmp T_3.46;
T_3.44 ;
    %vpi_call/w 3 319 "$write", "REMU  x%0d, x%0d, x%0d", v0x563d4e516210_0, v0x563d4e664b30_0, v0x563d4e65f2d0_0 {0 0 0};
    %jmp T_3.46;
T_3.46 ;
    %pop/vec4 1;
    %jmp T_3.38;
T_3.37 ;
    %load/vec4 v0x563d4e666f40_0;
    %dup/vec4;
    %pushi/vec4 0, 0, 3;
    %cmp/u;
    %jmp/1 T_3.47, 6;
    %dup/vec4;
    %pushi/vec4 7, 0, 3;
    %cmp/u;
    %jmp/1 T_3.48, 6;
    %dup/vec4;
    %pushi/vec4 6, 0, 3;
    %cmp/u;
    %jmp/1 T_3.49, 6;
    %dup/vec4;
    %pushi/vec4 4, 0, 3;
    %cmp/u;
    %jmp/1 T_3.50, 6;
    %dup/vec4;
    %pushi/vec4 1, 0, 3;
    %cmp/u;
    %jmp/1 T_3.51, 6;
    %dup/vec4;
    %pushi/vec4 5, 0, 3;
    %cmp/u;
    %jmp/1 T_3.52, 6;
    %dup/vec4;
    %pushi/vec4 2, 0, 3;
    %cmp/u;
    %jmp/1 T_3.53, 6;
    %dup/vec4;
    %pushi/vec4 3, 0, 3;
    %cmp/u;
    %jmp/1 T_3.54, 6;
    %vpi_call/w 3 330 "$write", "R-TYPE x%0d, x%0d, x%0d", v0x563d4e516210_0, v0x563d4e664b30_0, v0x563d4e65f2d0_0 {0 0 0};
    %jmp T_3.56;
T_3.47 ;
    %load/vec4 v0x563d4e668af0_0;
    %parti/s 1, 5, 4;
    %flag_set/vec4 8;
    %jmp/0 T_3.57, 8;
    %pushi/vec4 5461314, 0, 24; draw_string_vec4
    %jmp/1 T_3.58, 8;
T_3.57 ; End of true expr.
    %pushi/vec4 4277316, 0, 24; draw_string_vec4
    %jmp/0 T_3.58, 8;
 ; End of false expr.
    %blend;
T_3.58;
    %vpi_call/w 3 322 "$write", "%s  x%0d, x%0d, x%0d", S<0,vec4,u24>, v0x563d4e516210_0, v0x563d4e664b30_0, v0x563d4e65f2d0_0 {1 0 0};
    %jmp T_3.56;
T_3.48 ;
    %vpi_call/w 3 323 "$write", "AND   x%0d, x%0d, x%0d", v0x563d4e516210_0, v0x563d4e664b30_0, v0x563d4e65f2d0_0 {0 0 0};
    %jmp T_3.56;
T_3.49 ;
    %vpi_call/w 3 324 "$write", "OR    x%0d, x%0d, x%0d", v0x563d4e516210_0, v0x563d4e664b30_0, v0x563d4e65f2d0_0 {0 0 0};
    %jmp T_3.56;
T_3.50 ;
    %vpi_call/w 3 325 "$write", "XOR   x%0d, x%0d, x%0d", v0x563d4e516210_0, v0x563d4e664b30_0, v0x563d4e65f2d0_0 {0 0 0};
    %jmp T_3.56;
T_3.51 ;
    %vpi_call/w 3 326 "$write", "SLL   x%0d, x%0d, x%0d", v0x563d4e516210_0, v0x563d4e664b30_0, v0x563d4e65f2d0_0 {0 0 0};
    %jmp T_3.56;
T_3.52 ;
    %load/vec4 v0x563d4e668af0_0;
    %parti/s 1, 5, 4;
    %flag_set/vec4 8;
    %jmp/0 T_3.59, 8;
    %pushi/vec4 5460545, 0, 24; draw_string_vec4
    %jmp/1 T_3.60, 8;
T_3.59 ; End of true expr.
    %pushi/vec4 5460556, 0, 24; draw_string_vec4
    %jmp/0 T_3.60, 8;
 ; End of false expr.
    %blend;
T_3.60;
    %vpi_call/w 3 327 "$write", "%s  x%0d, x%0d, x%0d", S<0,vec4,u24>, v0x563d4e516210_0, v0x563d4e664b30_0, v0x563d4e65f2d0_0 {1 0 0};
    %jmp T_3.56;
T_3.53 ;
    %vpi_call/w 3 328 "$write", "SLT   x%0d, x%0d, x%0d", v0x563d4e516210_0, v0x563d4e664b30_0, v0x563d4e65f2d0_0 {0 0 0};
    %jmp T_3.56;
T_3.54 ;
    %vpi_call/w 3 329 "$write", "SLTU  x%0d, x%0d, x%0d", v0x563d4e516210_0, v0x563d4e664b30_0, v0x563d4e65f2d0_0 {0 0 0};
    %jmp T_3.56;
T_3.56 ;
    %pop/vec4 1;
T_3.38 ;
    %jmp T_3.25;
T_3.16 ;
    %load/vec4 v0x563d4e666f40_0;
    %dup/vec4;
    %pushi/vec4 2, 0, 3;
    %cmp/u;
    %jmp/1 T_3.61, 6;
    %dup/vec4;
    %pushi/vec4 0, 0, 3;
    %cmp/u;
    %jmp/1 T_3.62, 6;
    %dup/vec4;
    %pushi/vec4 1, 0, 3;
    %cmp/u;
    %jmp/1 T_3.63, 6;
    %dup/vec4;
    %pushi/vec4 4, 0, 3;
    %cmp/u;
    %jmp/1 T_3.64, 6;
    %dup/vec4;
    %pushi/vec4 5, 0, 3;
    %cmp/u;
    %jmp/1 T_3.65, 6;
    %load/vec4 v0x563d4e67d180_0;
    %vpi_call/w 3 339 "$write", "LOAD  x%0d, %0d(x%0d)", v0x563d4e516210_0, S<0,vec4,s12>, v0x563d4e664b30_0 {1 0 0};
    %jmp T_3.67;
T_3.61 ;
    %load/vec4 v0x563d4e67d180_0;
    %vpi_call/w 3 334 "$write", "LW    x%0d, %0d(x%0d)", v0x563d4e516210_0, S<0,vec4,s12>, v0x563d4e664b30_0 {1 0 0};
    %jmp T_3.67;
T_3.62 ;
    %load/vec4 v0x563d4e67d180_0;
    %vpi_call/w 3 335 "$write", "LB    x%0d, %0d(x%0d)", v0x563d4e516210_0, S<0,vec4,s12>, v0x563d4e664b30_0 {1 0 0};
    %jmp T_3.67;
T_3.63 ;
    %load/vec4 v0x563d4e67d180_0;
    %vpi_call/w 3 336 "$write", "LH    x%0d, %0d(x%0d)", v0x563d4e516210_0, S<0,vec4,s12>, v0x563d4e664b30_0 {1 0 0};
    %jmp T_3.67;
T_3.64 ;
    %load/vec4 v0x563d4e67d180_0;
    %vpi_call/w 3 337 "$write", "LBU   x%0d, %0d(x%0d)", v0x563d4e516210_0, S<0,vec4,s12>, v0x563d4e664b30_0 {1 0 0};
    %jmp T_3.67;
T_3.65 ;
    %load/vec4 v0x563d4e67d180_0;
    %vpi_call/w 3 338 "$write", "LHU   x%0d, %0d(x%0d)", v0x563d4e516210_0, S<0,vec4,s12>, v0x563d4e664b30_0 {1 0 0};
    %jmp T_3.67;
T_3.67 ;
    %pop/vec4 1;
    %jmp T_3.25;
T_3.17 ;
    %load/vec4 v0x563d4e666f40_0;
    %dup/vec4;
    %pushi/vec4 2, 0, 3;
    %cmp/u;
    %jmp/1 T_3.68, 6;
    %dup/vec4;
    %pushi/vec4 0, 0, 3;
    %cmp/u;
    %jmp/1 T_3.69, 6;
    %dup/vec4;
    %pushi/vec4 1, 0, 3;
    %cmp/u;
    %jmp/1 T_3.70, 6;
    %load/vec4 v0x563d4e67dfc0_0;
    %parti/s 7, 25, 6;
    %load/vec4 v0x563d4e67dfc0_0;
    %parti/s 5, 7, 4;
    %concat/vec4; draw_concat_vec4
    %vpi_call/w 3 345 "$write", "STORE x%0d, %0d(x%0d)", v0x563d4e65f2d0_0, S<0,vec4,s12>, v0x563d4e664b30_0 {1 0 0};
    %jmp T_3.72;
T_3.68 ;
    %load/vec4 v0x563d4e67dfc0_0;
    %parti/s 7, 25, 6;
    %load/vec4 v0x563d4e67dfc0_0;
    %parti/s 5, 7, 4;
    %concat/vec4; draw_concat_vec4
    %vpi_call/w 3 342 "$write", "SW    x%0d, %0d(x%0d)", v0x563d4e65f2d0_0, S<0,vec4,s12>, v0x563d4e664b30_0 {1 0 0};
    %jmp T_3.72;
T_3.69 ;
    %load/vec4 v0x563d4e67dfc0_0;
    %parti/s 7, 25, 6;
    %load/vec4 v0x563d4e67dfc0_0;
    %parti/s 5, 7, 4;
    %concat/vec4; draw_concat_vec4
    %vpi_call/w 3 343 "$write", "SB    x%0d, %0d(x%0d)", v0x563d4e65f2d0_0, S<0,vec4,s12>, v0x563d4e664b30_0 {1 0 0};
    %jmp T_3.72;
T_3.70 ;
    %load/vec4 v0x563d4e67dfc0_0;
    %parti/s 7, 25, 6;
    %load/vec4 v0x563d4e67dfc0_0;
    %parti/s 5, 7, 4;
    %concat/vec4; draw_concat_vec4
    %vpi_call/w 3 344 "$write", "SH    x%0d, %0d(x%0d)", v0x563d4e65f2d0_0, S<0,vec4,s12>, v0x563d4e664b30_0 {1 0 0};
    %jmp T_3.72;
T_3.72 ;
    %pop/vec4 1;
    %jmp T_3.25;
T_3.18 ;
    %load/vec4 v0x563d4e666f40_0;
    %dup/vec4;
    %pushi/vec4 0, 0, 3;
    %cmp/u;
    %jmp/1 T_3.73, 6;
    %dup/vec4;
    %pushi/vec4 1, 0, 3;
    %cmp/u;
    %jmp/1 T_3.74, 6;
    %dup/vec4;
    %pushi/vec4 4, 0, 3;
    %cmp/u;
    %jmp/1 T_3.75, 6;
    %dup/vec4;
    %pushi/vec4 5, 0, 3;
    %cmp/u;
    %jmp/1 T_3.76, 6;
    %dup/vec4;
    %pushi/vec4 6, 0, 3;
    %cmp/u;
    %jmp/1 T_3.77, 6;
    %dup/vec4;
    %pushi/vec4 7, 0, 3;
    %cmp/u;
    %jmp/1 T_3.78, 6;
    %vpi_call/w 3 354 "$write", "BRANCH x%0d, x%0d", v0x563d4e664b30_0, v0x563d4e65f2d0_0 {0 0 0};
    %jmp T_3.80;
T_3.73 ;
    %vpi_call/w 3 348 "$write", "BEQ   x%0d, x%0d", v0x563d4e664b30_0, v0x563d4e65f2d0_0 {0 0 0};
    %jmp T_3.80;
T_3.74 ;
    %vpi_call/w 3 349 "$write", "BNE   x%0d, x%0d", v0x563d4e664b30_0, v0x563d4e65f2d0_0 {0 0 0};
    %jmp T_3.80;
T_3.75 ;
    %vpi_call/w 3 350 "$write", "BLT   x%0d, x%0d", v0x563d4e664b30_0, v0x563d4e65f2d0_0 {0 0 0};
    %jmp T_3.80;
T_3.76 ;
    %vpi_call/w 3 351 "$write", "BGE   x%0d, x%0d", v0x563d4e664b30_0, v0x563d4e65f2d0_0 {0 0 0};
    %jmp T_3.80;
T_3.77 ;
    %vpi_call/w 3 352 "$write", "BLTU  x%0d, x%0d", v0x563d4e664b30_0, v0x563d4e65f2d0_0 {0 0 0};
    %jmp T_3.80;
T_3.78 ;
    %vpi_call/w 3 353 "$write", "BGEU  x%0d, x%0d", v0x563d4e664b30_0, v0x563d4e65f2d0_0 {0 0 0};
    %jmp T_3.80;
T_3.80 ;
    %pop/vec4 1;
    %jmp T_3.25;
T_3.19 ;
    %vpi_call/w 3 356 "$write", "JAL   x%0d", v0x563d4e516210_0 {0 0 0};
    %jmp T_3.25;
T_3.20 ;
    %load/vec4 v0x563d4e67d180_0;
    %vpi_call/w 3 357 "$write", "JALR  x%0d, x%0d, %0d", v0x563d4e516210_0, v0x563d4e664b30_0, S<0,vec4,s12> {1 0 0};
    %jmp T_3.25;
T_3.21 ;
    %vpi_call/w 3 358 "$write", "LUI   x%0d, 0x%05X", v0x563d4e516210_0, &PV<v0x563d4e67dfc0_0, 12, 20> {0 0 0};
    %jmp T_3.25;
T_3.22 ;
    %vpi_call/w 3 359 "$write", "AUIPC x%0d, 0x%05X", v0x563d4e516210_0, &PV<v0x563d4e67dfc0_0, 12, 20> {0 0 0};
    %jmp T_3.25;
T_3.23 ;
    %load/vec4 v0x563d4e666f40_0;
    %dup/vec4;
    %pushi/vec4 0, 0, 3;
    %cmp/u;
    %jmp/1 T_3.81, 6;
    %dup/vec4;
    %pushi/vec4 1, 0, 3;
    %cmp/u;
    %jmp/1 T_3.82, 6;
    %dup/vec4;
    %pushi/vec4 2, 0, 3;
    %cmp/u;
    %jmp/1 T_3.83, 6;
    %dup/vec4;
    %pushi/vec4 3, 0, 3;
    %cmp/u;
    %jmp/1 T_3.84, 6;
    %vpi_call/w 3 365 "$write", "SYSTEM 0x%08X", v0x563d4e67dfc0_0 {0 0 0};
    %jmp T_3.86;
T_3.81 ;
    %vpi_call/w 3 361 "$write", "ECALL/EBREAK" {0 0 0};
    %jmp T_3.86;
T_3.82 ;
    %vpi_call/w 3 362 "$write", "CSRRW x%0d, csr0x%03X", v0x563d4e516210_0, &PV<v0x563d4e67dfc0_0, 20, 12> {0 0 0};
    %jmp T_3.86;
T_3.83 ;
    %vpi_call/w 3 363 "$write", "CSRRS x%0d, csr0x%03X", v0x563d4e516210_0, &PV<v0x563d4e67dfc0_0, 20, 12> {0 0 0};
    %jmp T_3.86;
T_3.84 ;
    %vpi_call/w 3 364 "$write", "CSRRC x%0d, csr0x%03X", v0x563d4e516210_0, &PV<v0x563d4e67dfc0_0, 20, 12> {0 0 0};
    %jmp T_3.86;
T_3.86 ;
    %pop/vec4 1;
    %jmp T_3.25;
T_3.25 ;
    %pop/vec4 1;
    %end;
S_0x563d4e654e80 .scope module, "u_dut" "riscv_core" 3 53, 4 42 0, S_0x563d4e6436e0;
 .timescale 0 0;
    .port_info 0 /INPUT 1 "clk_i";
    .port_info 1 /INPUT 1 "rst_i";
    .port_info 2 /INPUT 32 "mem_d_data_rd_i";
    .port_info 3 /INPUT 1 "mem_d_accept_i";
    .port_info 4 /INPUT 1 "mem_d_ack_i";
    .port_info 5 /INPUT 1 "mem_d_error_i";
    .port_info 6 /INPUT 11 "mem_d_resp_tag_i";
    .port_info 7 /INPUT 1 "mem_i_accept_i";
    .port_info 8 /INPUT 1 "mem_i_valid_i";
    .port_info 9 /INPUT 1 "mem_i_error_i";
    .port_info 10 /INPUT 32 "mem_i_inst_i";
    .port_info 11 /INPUT 1 "intr_i";
    .port_info 12 /INPUT 32 "reset_vector_i";
    .port_info 13 /INPUT 32 "cpu_id_i";
    .port_info 14 /OUTPUT 32 "mem_d_addr_o";
    .port_info 15 /OUTPUT 32 "mem_d_data_wr_o";
    .port_info 16 /OUTPUT 1 "mem_d_rd_o";
    .port_info 17 /OUTPUT 4 "mem_d_wr_o";
    .port_info 18 /OUTPUT 1 "mem_d_cacheable_o";
    .port_info 19 /OUTPUT 11 "mem_d_req_tag_o";
    .port_info 20 /OUTPUT 1 "mem_d_invalidate_o";
    .port_info 21 /OUTPUT 1 "mem_d_flush_o";
    .port_info 22 /OUTPUT 1 "mem_i_rd_o";
    .port_info 23 /OUTPUT 1 "mem_i_flush_o";
    .port_info 24 /OUTPUT 1 "mem_i_invalidate_o";
    .port_info 25 /OUTPUT 32 "mem_i_pc_o";
v0x563d4e6ac170_0 .net "arb_cpu_accept_w", 0 0, L_0x563d4e6d2c80;  1 drivers
v0x563d4e6ac230_0 .net "arb_cpu_ack_w", 0 0, L_0x563d4e6d30e0;  1 drivers
v0x563d4e6ac2f0_0 .net "arb_cpu_addr_w", 31 0, L_0x563d4e6cfe50;  1 drivers
v0x563d4e6ac390_0 .net "arb_cpu_cacheable_w", 0 0, L_0x563d4e6d0190;  1 drivers
v0x563d4e6ac430_0 .net "arb_cpu_data_rd_w", 31 0, L_0x563d4e6d2f30;  1 drivers
v0x563d4e6ac4d0_0 .net "arb_cpu_data_wr_w", 31 0, L_0x563d4e6cff40;  1 drivers
v0x563d4e6ac5e0_0 .net "arb_cpu_error_w", 0 0, L_0x563d4e6d3250;  1 drivers
v0x563d4e6ac6d0_0 .net "arb_cpu_flush_w", 0 0, L_0x563d4e6d03f0;  1 drivers
v0x563d4e6ac7c0_0 .net "arb_cpu_invalidate_w", 0 0, L_0x563d4e6cffb0;  1 drivers
v0x563d4e6ac860_0 .net "arb_cpu_rd_w", 0 0, L_0x563d4e6cf070;  1 drivers
v0x563d4e6ac950_0 .net "arb_cpu_req_tag_w", 10 0, L_0x563d4e6d0200;  1 drivers
v0x563d4e6aca60_0 .net "arb_cpu_resp_tag_w", 10 0, L_0x563d4e6d33b0;  1 drivers
v0x563d4e6acb70_0 .net "arb_cpu_wr_w", 3 0, L_0x563d4e6cf8c0;  1 drivers
v0x563d4e6acc80_0 .net "arb_mmu_accept_w", 0 0, L_0x563d4e6d2b70;  1 drivers
v0x563d4e6acd70_0 .net "arb_mmu_ack_w", 0 0, L_0x563d4e6d36b0;  1 drivers
v0x563d4e6ace60_0 .net "arb_mmu_addr_w", 31 0, v0x563d4e6a6c10_0;  1 drivers
L_0x7fe77bd7a258 .functor BUFT 1, C4<1>, C4<0>, C4<0>, C4<0>;
v0x563d4e6acf70_0 .net "arb_mmu_cacheable_w", 0 0, L_0x7fe77bd7a258;  1 drivers
v0x563d4e6ad170_0 .net "arb_mmu_data_rd_w", 31 0, L_0x563d4e6d3540;  1 drivers
L_0x7fe77bd7a1c8 .functor BUFT 1, C4<00000000000000000000000000000000>, C4<0>, C4<0>, C4<0>;
v0x563d4e6ad280_0 .net "arb_mmu_data_wr_w", 31 0, L_0x7fe77bd7a1c8;  1 drivers
v0x563d4e6ad390_0 .net "arb_mmu_error_w", 0 0, L_0x563d4e6d38d0;  1 drivers
L_0x7fe77bd7a330 .functor BUFT 1, C4<0>, C4<0>, C4<0>, C4<0>;
v0x563d4e6ad480_0 .net "arb_mmu_flush_w", 0 0, L_0x7fe77bd7a330;  1 drivers
L_0x7fe77bd7a2e8 .functor BUFT 1, C4<0>, C4<0>, C4<0>, C4<0>;
v0x563d4e6ad570_0 .net "arb_mmu_invalidate_w", 0 0, L_0x7fe77bd7a2e8;  1 drivers
v0x563d4e6ad660_0 .net "arb_mmu_rd_w", 0 0, v0x563d4e6a57c0_0;  1 drivers
L_0x7fe77bd7a2a0 .functor BUFT 1, C4<00000000000>, C4<0>, C4<0>, C4<0>;
v0x563d4e6ad750_0 .net "arb_mmu_req_tag_w", 10 0, L_0x7fe77bd7a2a0;  1 drivers
v0x563d4e6ad860_0 .net "arb_mmu_resp_tag_w", 10 0, L_0x563d4e6d3640;  1 drivers
L_0x7fe77bd7a210 .functor BUFT 1, C4<0000>, C4<0>, C4<0>, C4<0>;
v0x563d4e6ad970_0 .net "arb_mmu_wr_w", 3 0, L_0x7fe77bd7a210;  1 drivers
v0x563d4e6ada80_0 .net "branch_csr_pc_w", 31 0, v0x563d4e638260_0;  1 drivers
v0x563d4e6adb90_0 .net "branch_csr_request_w", 0 0, v0x563d4e637850_0;  1 drivers
v0x563d4e6adc80_0 .net "branch_pc_w", 31 0, v0x563d4e694420_0;  1 drivers
v0x563d4e6add40_0 .net "branch_request_w", 0 0, L_0x563d4e5cff30;  1 drivers
v0x563d4e6adde0_0 .net "clk_i", 0 0, v0x563d4e6b89b0_0;  1 drivers
v0x563d4e6ade80_0 .net "cpu_id_i", 31 0, v0x563d4e6b8a50_0;  1 drivers
v0x563d4e6adf40_0 .net "csr_opcode_valid_w", 0 0, L_0x563d4e6fb8c0;  1 drivers
v0x563d4e6ae030_0 .net "csr_stall_w", 0 0, L_0x563d4e6dd8e0;  1 drivers
v0x563d4e6ae120_0 .net "exec_opcode_valid_w", 0 0, L_0x563d4e6f9b60;  1 drivers
v0x563d4e6ae210_0 .net "exec_stall_w", 0 0, L_0x7fe77bd7a060;  1 drivers
v0x563d4e6ae300_0 .net "fault_addr_w", 31 0, L_0x563d4e6d6380;  1 drivers
v0x563d4e6ae3f0_0 .net "fault_load_w", 0 0, L_0x563d4e6d68f0;  1 drivers
v0x563d4e6ae4e0_0 .net "fault_misaligned_load_w", 0 0, v0x563d4e69d0b0_0;  1 drivers
v0x563d4e6ae5d0_0 .net "fault_misaligned_store_w", 0 0, v0x563d4e69d230_0;  1 drivers
v0x563d4e6ae6c0_0 .net "fault_page_load_w", 0 0, L_0x563d4e6d7310;  1 drivers
v0x563d4e6ae7b0_0 .net "fault_page_store_w", 0 0, L_0x563d4e6d71a0;  1 drivers
v0x563d4e6ae8a0_0 .net "fault_store_w", 0 0, L_0x563d4e6d6e90;  1 drivers
v0x563d4e6ae990_0 .net "fetch_accept_w", 0 0, L_0x563d4e6fe510;  1 drivers
v0x563d4e6aea80_0 .net "fetch_branch_pc_w", 31 0, L_0x563d4e6fca10;  1 drivers
v0x563d4e6aeb90_0 .net "fetch_branch_w", 0 0, L_0x563d4e6fc910;  1 drivers
v0x563d4e6aec80_0 .net "fetch_instr_w", 31 0, L_0x563d4e6ffc10;  1 drivers
v0x563d4e6aed90_0 .net "fetch_invalidate_w", 0 0, v0x563d4e68f650_0;  1 drivers
v0x563d4e6aee80_0 .net "fetch_pc_w", 31 0, L_0x563d4e6ffa20;  1 drivers
v0x563d4e6aef90_0 .net "fetch_valid_w", 0 0, L_0x563d4e6ff910;  1 drivers
v0x563d4e6af080_0 .net "intr_i", 0 0, v0x563d4e6b91b0_0;  1 drivers
v0x563d4e6af120_0 .net "lsu_opcode_valid_w", 0 0, L_0x563d4e6fa6a0;  1 drivers
v0x563d4e6af210_0 .net "lsu_stall_w", 0 0, L_0x563d4e6d6240;  1 drivers
v0x563d4e6af300_0 .net "mem_d_accept_i", 0 0, v0x563d4e6b9440_0;  1 drivers
v0x563d4e6af3a0_0 .net "mem_d_ack_i", 0 0, v0x563d4e6b9530_0;  1 drivers
v0x563d4e6af440_0 .net "mem_d_addr_o", 31 0, L_0x563d4e6d1db0;  alias, 1 drivers
v0x563d4e6af4e0_0 .net "mem_d_cacheable_o", 0 0, L_0x563d4e6d2570;  alias, 1 drivers
v0x563d4e6af580_0 .net "mem_d_data_rd_i", 31 0, v0x563d4e6b9820_0;  1 drivers
v0x563d4e6af620_0 .net "mem_d_data_wr_o", 31 0, L_0x563d4e6d1ff0;  alias, 1 drivers
v0x563d4e6af6c0_0 .net "mem_d_error_i", 0 0, v0x563d4e6b9a40_0;  1 drivers
v0x563d4e6af760_0 .net "mem_d_flush_o", 0 0, L_0x563d4e6d28d0;  alias, 1 drivers
v0x563d4e6af800_0 .net "mem_d_invalidate_o", 0 0, L_0x563d4e6d2710;  alias, 1 drivers
v0x563d4e6af8a0_0 .net "mem_d_rd_o", 0 0, L_0x563d4e6d21b0;  alias, 1 drivers
v0x563d4e6af940_0 .net "mem_d_req_tag_o", 10 0, L_0x563d4e6d25e0;  alias, 1 drivers
v0x563d4e6af9e0_0 .net "mem_d_resp_tag_i", 10 0, v0x563d4e6b9f10_0;  1 drivers
v0x563d4e6afe90_0 .net "mem_d_wr_o", 3 0, L_0x563d4e6d23b0;  alias, 1 drivers
v0x563d4e6aff30_0 .net "mem_i_accept_i", 0 0, v0x563d4e6ba920_0;  1 drivers
v0x563d4e6affd0_0 .net "mem_i_error_i", 0 0, v0x563d4e6baa10_0;  1 drivers
v0x563d4e6b0070_0 .net "mem_i_flush_o", 0 0, L_0x563d4e6cdb40;  alias, 1 drivers
v0x563d4e6b0110_0 .net "mem_i_inst_i", 31 0, v0x563d4e6babf0_0;  1 drivers
v0x563d4e6b01b0_0 .net "mem_i_invalidate_o", 0 0, L_0x563d4e6cdc70;  alias, 1 drivers
v0x563d4e6b0250_0 .net "mem_i_pc_o", 31 0, L_0x563d4e6cd9a0;  alias, 1 drivers
v0x563d4e6b02f0_0 .net "mem_i_rd_o", 0 0, L_0x563d4e6cd5e0;  alias, 1 drivers
v0x563d4e6b0390_0 .net "mem_i_valid_i", 0 0, v0x563d4e6bafb0_0;  1 drivers
v0x563d4e6b0430_0 .net "mmu_fault_addr_w", 31 0, L_0x563d4e6ceb70;  1 drivers
v0x563d4e6b0520_0 .net "mmu_fetch_fault_w", 0 0, v0x563d4e6a6ad0_0;  1 drivers
v0x563d4e6b0610_0 .net "mmu_flush_w", 0 0, L_0x563d4e6dea90;  1 drivers
v0x563d4e6b0700_0 .net "mmu_ifetch_accept_w", 0 0, L_0x563d4e6ce250;  1 drivers
v0x563d4e6b07f0_0 .net "mmu_ifetch_error_w", 0 0, L_0x563d4e6ce480;  1 drivers
v0x563d4e6b08e0_0 .net "mmu_ifetch_flush_w", 0 0, L_0x563d4e6ff470;  1 drivers
v0x563d4e6b09d0_0 .net "mmu_ifetch_inst_w", 31 0, L_0x563d4e6ce4f0;  1 drivers
v0x563d4e6b0ac0_0 .net "mmu_ifetch_invalidate_w", 0 0, L_0x7fe77bd7cd18;  1 drivers
v0x563d4e6b0bb0_0 .net "mmu_ifetch_pc_w", 31 0, L_0x563d4e6ff330;  1 drivers
v0x563d4e6b0ca0_0 .net "mmu_ifetch_rd_w", 0 0, L_0x563d4e6ff270;  1 drivers
v0x563d4e6b0d90_0 .net "mmu_ifetch_valid_w", 0 0, L_0x563d4e6ce310;  1 drivers
v0x563d4e6b0e80_0 .net "mmu_load_fault_w", 0 0, v0x563d4e6a3f00_0;  1 drivers
v0x563d4e6b0f70_0 .net "mmu_lsu_accept_w", 0 0, L_0x563d4e6d1300;  1 drivers
v0x563d4e6b1060_0 .net "mmu_lsu_ack_w", 0 0, L_0x563d4e6d0460;  1 drivers
v0x563d4e6b1150_0 .net "mmu_lsu_addr_w", 31 0, v0x563d4e69c2f0_0;  1 drivers
v0x563d4e6b1240_0 .net "mmu_lsu_cacheable_w", 0 0, v0x563d4e69c570_0;  1 drivers
v0x563d4e6b1330_0 .net "mmu_lsu_data_rd_w", 31 0, L_0x563d4e6d08e0;  1 drivers
v0x563d4e6b1420_0 .net "mmu_lsu_data_wr_w", 31 0, v0x563d4e69c7f0_0;  1 drivers
v0x563d4e6b1510_0 .net "mmu_lsu_error_w", 0 0, L_0x563d4e6d06d0;  1 drivers
v0x563d4e6b1600_0 .net "mmu_lsu_flush_w", 0 0, v0x563d4e69ca50_0;  1 drivers
v0x563d4e6b16f0_0 .net "mmu_lsu_invalidate_w", 0 0, v0x563d4e69cbd0_0;  1 drivers
v0x563d4e6b17e0_0 .net "mmu_lsu_rd_w", 0 0, v0x563d4e69cd50_0;  1 drivers
v0x563d4e6b18d0_0 .net "mmu_lsu_req_tag_w", 10 0, v0x563d4e69cef0_0;  1 drivers
v0x563d4e6b19c0_0 .net "mmu_lsu_resp_tag_w", 10 0, L_0x563d4e6d0660;  1 drivers
v0x563d4e6b1ab0_0 .net "mmu_lsu_wr_w", 3 0, v0x563d4e69d3d0_0;  1 drivers
v0x563d4e6b1ba0_0 .net "mmu_satp_w", 31 0, L_0x563d4e6de160;  1 drivers
v0x563d4e6b1c90_0 .net "mmu_store_fault_w", 0 0, v0x563d4e6a7360_0;  1 drivers
v0x563d4e6b1d80_0 .net "mmu_sum_w", 0 0, L_0x563d4e6dee50;  1 drivers
v0x563d4e6b1e70_0 .net "mmu_supervisor_w", 0 0, L_0x563d4e6ded60;  1 drivers
v0x563d4e6b1f60_0 .net "muldiv_opcode_valid_w", 0 0, L_0x563d4e6fc410;  1 drivers
v0x563d4e6b2050_0 .net "muldiv_stall_w", 0 0, L_0x563d4e6e16f0;  1 drivers
v0x563d4e6b2140_0 .net "opcode_instr_w", 57 0, v0x563d4e68fd30_0;  1 drivers
v0x563d4e6b21e0_0 .net "opcode_opcode_w", 31 0, L_0x563d4e6f81c0;  1 drivers
v0x563d4e6b2280_0 .net "opcode_pc_w", 31 0, v0x563d4e6906d0_0;  1 drivers
v0x563d4e6b2320_0 .net "opcode_ra_idx_w", 4 0, L_0x563d4e6f8570;  1 drivers
v0x563d4e6b23c0_0 .net "opcode_ra_operand_w", 31 0, v0x563d4e6901f0_0;  1 drivers
v0x563d4e6b2460_0 .net "opcode_rb_idx_w", 4 0, L_0x563d4e6f8660;  1 drivers
v0x563d4e6b2500_0 .net "opcode_rb_operand_w", 31 0, v0x563d4e690480_0;  1 drivers
v0x563d4e6b25a0_0 .net "opcode_rd_idx_w", 4 0, L_0x563d4e6f89e0;  1 drivers
v0x563d4e6b2640_0 .net "reset_vector_i", 31 0, v0x563d4e6bb140_0;  1 drivers
v0x563d4e6b26e0_0 .net "rst_i", 0 0, v0x563d4e6bb230_0;  1 drivers
v0x563d4e6b2780_0 .net "writeback_csr_idx_w", 4 0, L_0x563d4e6dd2e0;  1 drivers
v0x563d4e6b2870_0 .net "writeback_csr_squash_w", 0 0, L_0x563d4e6dd5c0;  1 drivers
v0x563d4e6b2960_0 .net "writeback_csr_value_w", 31 0, v0x563d4e653de0_0;  1 drivers
v0x563d4e6b2a00_0 .net "writeback_exec_idx_w", 4 0, v0x563d4e695140_0;  1 drivers
v0x563d4e6b2af0_0 .net "writeback_exec_squash_w", 0 0, L_0x7fe77bd7a018;  1 drivers
v0x563d4e6b2be0_0 .net "writeback_exec_value_w", 31 0, L_0x563d4e5a21d0;  1 drivers
v0x563d4e6b2cd0_0 .net "writeback_mem_idx_w", 4 0, v0x563d4e69e080_0;  1 drivers
v0x563d4e6b2dc0_0 .net "writeback_mem_squash_w", 0 0, L_0x7fe77bd7a6d8;  1 drivers
v0x563d4e6b2eb0_0 .net "writeback_mem_value_w", 31 0, v0x563d4e69e140_0;  1 drivers
v0x563d4e6b2f50_0 .net "writeback_muldiv_idx_w", 4 0, v0x563d4e6abbb0_0;  1 drivers
v0x563d4e6b3040_0 .net "writeback_muldiv_squash_w", 0 0, L_0x7fe77bd7aa38;  1 drivers
v0x563d4e6b3130_0 .net "writeback_muldiv_value_w", 31 0, v0x563d4e6abc70_0;  1 drivers
S_0x563d4e654b00 .scope module, "u_arb" "riscv_mmu_arb" 4 277, 5 42 0, S_0x563d4e654e80;
 .timescale 0 0;
    .port_info 0 /INPUT 1 "clk_i";
    .port_info 1 /INPUT 1 "rst_i";
    .port_info 2 /INPUT 32 "inport_cpu_addr_i";
    .port_info 3 /INPUT 32 "inport_cpu_data_wr_i";
    .port_info 4 /INPUT 1 "inport_cpu_rd_i";
    .port_info 5 /INPUT 4 "inport_cpu_wr_i";
    .port_info 6 /INPUT 1 "inport_cpu_cacheable_i";
    .port_info 7 /INPUT 11 "inport_cpu_req_tag_i";
    .port_info 8 /INPUT 1 "inport_cpu_invalidate_i";
    .port_info 9 /INPUT 1 "inport_cpu_flush_i";
    .port_info 10 /INPUT 32 "inport_mmu_addr_i";
    .port_info 11 /INPUT 32 "inport_mmu_data_wr_i";
    .port_info 12 /INPUT 1 "inport_mmu_rd_i";
    .port_info 13 /INPUT 4 "inport_mmu_wr_i";
    .port_info 14 /INPUT 1 "inport_mmu_cacheable_i";
    .port_info 15 /INPUT 11 "inport_mmu_req_tag_i";
    .port_info 16 /INPUT 1 "inport_mmu_invalidate_i";
    .port_info 17 /INPUT 1 "inport_mmu_flush_i";
    .port_info 18 /INPUT 32 "outport_data_rd_i";
    .port_info 19 /INPUT 1 "outport_accept_i";
    .port_info 20 /INPUT 1 "outport_ack_i";
    .port_info 21 /INPUT 1 "outport_error_i";
    .port_info 22 /INPUT 11 "outport_resp_tag_i";
    .port_info 23 /OUTPUT 32 "inport_cpu_data_rd_o";
    .port_info 24 /OUTPUT 1 "inport_cpu_accept_o";
    .port_info 25 /OUTPUT 1 "inport_cpu_ack_o";
    .port_info 26 /OUTPUT 1 "inport_cpu_error_o";
    .port_info 27 /OUTPUT 11 "inport_cpu_resp_tag_o";
    .port_info 28 /OUTPUT 32 "inport_mmu_data_rd_o";
    .port_info 29 /OUTPUT 1 "inport_mmu_accept_o";
    .port_info 30 /OUTPUT 1 "inport_mmu_ack_o";
    .port_info 31 /OUTPUT 1 "inport_mmu_error_o";
    .port_info 32 /OUTPUT 11 "inport_mmu_resp_tag_o";
    .port_info 33 /OUTPUT 32 "outport_addr_o";
    .port_info 34 /OUTPUT 32 "outport_data_wr_o";
    .port_info 35 /OUTPUT 1 "outport_rd_o";
    .port_info 36 /OUTPUT 4 "outport_wr_o";
    .port_info 37 /OUTPUT 1 "outport_cacheable_o";
    .port_info 38 /OUTPUT 11 "outport_req_tag_o";
    .port_info 39 /OUTPUT 1 "outport_invalidate_o";
    .port_info 40 /OUTPUT 1 "outport_flush_o";
L_0x563d4e6d1cf0 .functor AND 1, L_0x563d4e6d1ac0, L_0x563d4e6d1b90, C4<1>, C4<1>;
L_0x563d4e6d2570 .functor BUFZ 1, L_0x563d4e6d1cf0, C4<0>, C4<0>, C4<0>;
L_0x563d4e6d2b70 .functor AND 1, L_0x563d4e6d1900, v0x563d4e6b9440_0, C4<1>, C4<1>;
L_0x563d4e6d2be0 .functor NOT 1, L_0x563d4e6d1900, C4<0>, C4<0>, C4<0>;
L_0x563d4e6d2c80 .functor AND 1, L_0x563d4e6d2be0, v0x563d4e6b9440_0, C4<1>, C4<1>;
L_0x563d4e6d2f30 .functor BUFZ 32, v0x563d4e6b9820_0, C4<00000000000000000000000000000000>, C4<00000000000000000000000000000000>, C4<00000000000000000000000000000000>;
L_0x563d4e6d3070 .functor NOT 1, L_0x563d4e6d2e20, C4<0>, C4<0>, C4<0>;
L_0x563d4e6d30e0 .functor AND 1, L_0x563d4e6d3070, v0x563d4e6b9530_0, C4<1>, C4<1>;
L_0x563d4e6d31e0 .functor NOT 1, L_0x563d4e6d2e20, C4<0>, C4<0>, C4<0>;
L_0x563d4e6d3250 .functor AND 1, L_0x563d4e6d31e0, v0x563d4e6b9a40_0, C4<1>, C4<1>;
L_0x563d4e6d33b0 .functor BUFZ 11, v0x563d4e6b9f10_0, C4<00000000000>, C4<00000000000>, C4<00000000000>;
L_0x563d4e6d3540 .functor BUFZ 32, v0x563d4e6b9820_0, C4<00000000000000000000000000000000>, C4<00000000000000000000000000000000>, C4<00000000000000000000000000000000>;
L_0x563d4e6d36b0 .functor AND 1, L_0x563d4e6d2e20, v0x563d4e6b9530_0, C4<1>, C4<1>;
L_0x563d4e6d38d0 .functor AND 1, L_0x563d4e6d2e20, v0x563d4e6b9a40_0, C4<1>, C4<1>;
L_0x563d4e6d3640 .functor BUFZ 11, v0x563d4e6b9f10_0, C4<00000000000>, C4<00000000000>, C4<00000000000>;
L_0x7fe77bd7a378 .functor BUFT 1, C4<10000000000000000000000000000000>, C4<0>, C4<0>, C4<0>;
v0x563d4e65fe20_0 .net/2u *"_ivl_2", 31 0, L_0x7fe77bd7a378;  1 drivers
L_0x7fe77bd7a408 .functor BUFT 1, C4<01110000000>, C4<0>, C4<0>, C4<0>;
v0x563d4e6614d0_0 .net/2u *"_ivl_22", 10 0, L_0x7fe77bd7a408;  1 drivers
v0x563d4e661d90_0 .net *"_ivl_32", 0 0, L_0x563d4e6d2be0;  1 drivers
v0x563d4e662350_0 .net *"_ivl_37", 2 0, L_0x563d4e6d2d80;  1 drivers
L_0x7fe77bd7a450 .functor BUFT 1, C4<111>, C4<0>, C4<0>, C4<0>;
v0x563d4e662690_0 .net/2u *"_ivl_38", 2 0, L_0x7fe77bd7a450;  1 drivers
v0x563d4e663bd0_0 .net *"_ivl_4", 0 0, L_0x563d4e6d1ac0;  1 drivers
v0x563d4e65ee50_0 .net *"_ivl_44", 0 0, L_0x563d4e6d3070;  1 drivers
v0x563d4e3078a0_0 .net *"_ivl_48", 0 0, L_0x563d4e6d31e0;  1 drivers
L_0x7fe77bd7a3c0 .functor BUFT 1, C4<10001111111111111111111111111111>, C4<0>, C4<0>, C4<0>;
v0x563d4e3f5bb0_0 .net/2u *"_ivl_6", 31 0, L_0x7fe77bd7a3c0;  1 drivers
v0x563d4e3f91b0_0 .net *"_ivl_8", 0 0, L_0x563d4e6d1b90;  1 drivers
v0x563d4e40c5c0_0 .net "cacheable_w", 0 0, L_0x563d4e6d1cf0;  1 drivers
v0x563d4e40bbe0_0 .net "clk_i", 0 0, v0x563d4e6b89b0_0;  alias, 1 drivers
v0x563d4e3f5820_0 .net "inport_cpu_accept_o", 0 0, L_0x563d4e6d2c80;  alias, 1 drivers
v0x563d4e5baf20_0 .net "inport_cpu_ack_o", 0 0, L_0x563d4e6d30e0;  alias, 1 drivers
v0x563d4e30f990_0 .net "inport_cpu_addr_i", 31 0, L_0x563d4e6cfe50;  alias, 1 drivers
v0x563d4e292510_0 .net "inport_cpu_cacheable_i", 0 0, L_0x563d4e6d0190;  alias, 1 drivers
v0x563d4e28a750_0 .net "inport_cpu_data_rd_o", 31 0, L_0x563d4e6d2f30;  alias, 1 drivers
v0x563d4e2ac180_0 .net "inport_cpu_data_wr_i", 31 0, L_0x563d4e6cff40;  alias, 1 drivers
v0x563d4e2bac00_0 .net "inport_cpu_error_o", 0 0, L_0x563d4e6d3250;  alias, 1 drivers
v0x563d4e2d9a50_0 .net "inport_cpu_flush_i", 0 0, L_0x563d4e6d03f0;  alias, 1 drivers
v0x563d4e39e1d0_0 .net "inport_cpu_invalidate_i", 0 0, L_0x563d4e6cffb0;  alias, 1 drivers
v0x563d4e3ca0f0_0 .net "inport_cpu_rd_i", 0 0, L_0x563d4e6cf070;  alias, 1 drivers
v0x563d4e28d460_0 .net "inport_cpu_req_tag_i", 10 0, L_0x563d4e6d0200;  alias, 1 drivers
v0x563d4e3e5110_0 .net "inport_cpu_resp_tag_o", 10 0, L_0x563d4e6d33b0;  alias, 1 drivers
v0x563d4e332370_0 .net "inport_cpu_wr_i", 3 0, L_0x563d4e6cf8c0;  alias, 1 drivers
v0x563d4e22a6a0_0 .net "inport_mmu_accept_o", 0 0, L_0x563d4e6d2b70;  alias, 1 drivers
v0x563d4e65cb80_0 .net "inport_mmu_ack_o", 0 0, L_0x563d4e6d36b0;  alias, 1 drivers
v0x563d4e651700_0 .net "inport_mmu_addr_i", 31 0, v0x563d4e6a6c10_0;  alias, 1 drivers
v0x563d4e64dc80_0 .net "inport_mmu_cacheable_i", 0 0, L_0x7fe77bd7a258;  alias, 1 drivers
v0x563d4e5100a0_0 .net "inport_mmu_data_rd_o", 31 0, L_0x563d4e6d3540;  alias, 1 drivers
v0x563d4e50c0b0_0 .net "inport_mmu_data_wr_i", 31 0, L_0x7fe77bd7a1c8;  alias, 1 drivers
v0x563d4e50a750_0 .net "inport_mmu_error_o", 0 0, L_0x563d4e6d38d0;  alias, 1 drivers
v0x563d4e536890_0 .net "inport_mmu_flush_i", 0 0, L_0x7fe77bd7a330;  alias, 1 drivers
v0x563d4e31ace0_0 .net "inport_mmu_invalidate_i", 0 0, L_0x7fe77bd7a2e8;  alias, 1 drivers
v0x563d4e31ada0_0 .net "inport_mmu_rd_i", 0 0, v0x563d4e6a57c0_0;  alias, 1 drivers
v0x563d4e31ae60_0 .net "inport_mmu_req_tag_i", 10 0, L_0x7fe77bd7a2a0;  alias, 1 drivers
v0x563d4e53d3f0_0 .net "inport_mmu_resp_tag_o", 10 0, L_0x563d4e6d3640;  alias, 1 drivers
v0x563d4e626c00_0 .net "inport_mmu_wr_i", 3 0, L_0x7fe77bd7a210;  alias, 1 drivers
v0x563d4e525780_0 .net "outport_accept_i", 0 0, v0x563d4e6b9440_0;  alias, 1 drivers
v0x563d4e3ca2e0_0 .net "outport_ack_i", 0 0, v0x563d4e6b9530_0;  alias, 1 drivers
v0x563d4e3a1ab0_0 .net "outport_addr_o", 31 0, L_0x563d4e6d1db0;  alias, 1 drivers
v0x563d4e39d040_0 .net "outport_cacheable_o", 0 0, L_0x563d4e6d2570;  alias, 1 drivers
v0x563d4e274b40_0 .net "outport_data_rd_i", 31 0, v0x563d4e6b9820_0;  alias, 1 drivers
v0x563d4e5acf60_0 .net "outport_data_wr_o", 31 0, L_0x563d4e6d1ff0;  alias, 1 drivers
v0x563d4e5ad060_0 .net "outport_error_i", 0 0, v0x563d4e6b9a40_0;  alias, 1 drivers
v0x563d4e63ef70_0 .net "outport_flush_o", 0 0, L_0x563d4e6d28d0;  alias, 1 drivers
v0x563d4e63f070_0 .net "outport_invalidate_o", 0 0, L_0x563d4e6d2710;  alias, 1 drivers
v0x563d4e3f9400_0 .net "outport_rd_o", 0 0, L_0x563d4e6d21b0;  alias, 1 drivers
v0x563d4e65d560_0 .net "outport_req_tag_o", 10 0, L_0x563d4e6d25e0;  alias, 1 drivers
v0x563d4e65fb30_0 .net "outport_resp_tag_i", 10 0, v0x563d4e6b9f10_0;  alias, 1 drivers
v0x563d4e6651c0_0 .net "outport_wr_o", 3 0, L_0x563d4e6d23b0;  alias, 1 drivers
v0x563d4e5596b0_0 .var "read_hold_q", 0 0;
v0x563d4e5d7e80_0 .net "resp_mmu_w", 0 0, L_0x563d4e6d2e20;  1 drivers
v0x563d4e626ff0_0 .net "rst_i", 0 0, v0x563d4e6bb230_0;  alias, 1 drivers
v0x563d4e6271a0_0 .var "src_mmu_q", 0 0;
v0x563d4e627510_0 .net "src_mmu_w", 0 0, L_0x563d4e6d1900;  1 drivers
E_0x563d4e22ccc0 .event posedge, v0x563d4e626ff0_0, v0x563d4e40bbe0_0;
L_0x563d4e6d1900 .functor MUXZ 1, v0x563d4e6a57c0_0, v0x563d4e6271a0_0, v0x563d4e5596b0_0, C4<>;
L_0x563d4e6d1ac0 .cmp/ge 32, L_0x563d4e6d1db0, L_0x7fe77bd7a378;
L_0x563d4e6d1b90 .cmp/ge 32, L_0x7fe77bd7a3c0, L_0x563d4e6d1db0;
L_0x563d4e6d1db0 .functor MUXZ 32, L_0x563d4e6cfe50, v0x563d4e6a6c10_0, L_0x563d4e6d1900, C4<>;
L_0x563d4e6d1ff0 .functor MUXZ 32, L_0x563d4e6cff40, L_0x7fe77bd7a1c8, L_0x563d4e6d1900, C4<>;
L_0x563d4e6d21b0 .functor MUXZ 1, L_0x563d4e6cf070, v0x563d4e6a57c0_0, L_0x563d4e6d1900, C4<>;
L_0x563d4e6d23b0 .functor MUXZ 4, L_0x563d4e6cf8c0, L_0x7fe77bd7a210, L_0x563d4e6d1900, C4<>;
L_0x563d4e6d25e0 .functor MUXZ 11, L_0x563d4e6d0200, L_0x7fe77bd7a408, L_0x563d4e6d1900, C4<>;
L_0x563d4e6d2710 .functor MUXZ 1, L_0x563d4e6cffb0, L_0x7fe77bd7a2e8, L_0x563d4e6d1900, C4<>;
L_0x563d4e6d28d0 .functor MUXZ 1, L_0x563d4e6d03f0, L_0x7fe77bd7a330, L_0x563d4e6d1900, C4<>;
L_0x563d4e6d2d80 .part v0x563d4e6b9f10_0, 7, 3;
L_0x563d4e6d2e20 .cmp/eq 3, L_0x563d4e6d2d80, L_0x7fe77bd7a450;
S_0x563d4e64aec0 .scope module, "u_csr" "riscv_csr" 4 372, 6 42 0, S_0x563d4e654e80;
 .timescale 0 0;
    .port_info 0 /INPUT 1 "clk_i";
    .port_info 1 /INPUT 1 "rst_i";
    .port_info 2 /INPUT 1 "intr_i";
    .port_info 3 /INPUT 1 "opcode_valid_i";
    .port_info 4 /INPUT 58 "opcode_instr_i";
    .port_info 5 /INPUT 32 "opcode_opcode_i";
    .port_info 6 /INPUT 32 "opcode_pc_i";
    .port_info 7 /INPUT 5 "opcode_rd_idx_i";
    .port_info 8 /INPUT 5 "opcode_ra_idx_i";
    .port_info 9 /INPUT 5 "opcode_rb_idx_i";
    .port_info 10 /INPUT 32 "opcode_ra_operand_i";
    .port_info 11 /INPUT 32 "opcode_rb_operand_i";
    .port_info 12 /INPUT 1 "branch_exec_request_i";
    .port_info 13 /INPUT 32 "branch_exec_pc_i";
    .port_info 14 /INPUT 32 "cpu_id_i";
    .port_info 15 /INPUT 32 "reset_vector_i";
    .port_info 16 /INPUT 1 "fault_store_i";
    .port_info 17 /INPUT 1 "fault_load_i";
    .port_info 18 /INPUT 1 "fault_misaligned_store_i";
    .port_info 19 /INPUT 1 "fault_misaligned_load_i";
    .port_info 20 /INPUT 1 "fault_page_store_i";
    .port_info 21 /INPUT 1 "fault_page_load_i";
    .port_info 22 /INPUT 32 "fault_addr_i";
    .port_info 23 /OUTPUT 5 "writeback_idx_o";
    .port_info 24 /OUTPUT 1 "writeback_squash_o";
    .port_info 25 /OUTPUT 32 "writeback_value_o";
    .port_info 26 /OUTPUT 1 "stall_o";
    .port_info 27 /OUTPUT 1 "branch_csr_request_o";
    .port_info 28 /OUTPUT 32 "branch_csr_pc_o";
    .port_info 29 /OUTPUT 1 "mmu_supervisor_o";
    .port_info 30 /OUTPUT 1 "mmu_sum_o";
    .port_info 31 /OUTPUT 1 "mmu_flush_o";
    .port_info 32 /OUTPUT 32 "mmu_satp_o";
L_0x563d4e6d7730 .functor AND 1, L_0x563d4e6fb8c0, L_0x563d4e6d7660, C4<1>, C4<1>;
L_0x563d4e6d7870 .functor OR 1, L_0x563d4e6d77d0, L_0x563d4e6dcda0, C4<0>, C4<0>;
L_0x563d4e6d7960 .functor AND 1, L_0x563d4e6fb8c0, L_0x563d4e6d7870, C4<1>, C4<1>;
L_0x563d4e6d7b30 .functor AND 1, L_0x563d4e6fb8c0, L_0x563d4e6d7a90, C4<1>, C4<1>;
L_0x563d4e6d7c50 .functor BUFZ 1, v0x563d4e69d0b0_0, C4<0>, C4<0>, C4<0>;
L_0x563d4e6d7d50 .functor BUFZ 1, L_0x563d4e6d68f0, C4<0>, C4<0>, C4<0>;
L_0x563d4e6d7ec0 .functor BUFZ 1, v0x563d4e69d230_0, C4<0>, C4<0>, C4<0>;
L_0x563d4e6d7fc0 .functor BUFZ 1, L_0x563d4e6d6e90, C4<0>, C4<0>, C4<0>;
L_0x563d4e6d8240 .functor AND 1, L_0x563d4e6fb8c0, L_0x563d4e6d8140, C4<1>, C4<1>;
L_0x563d4e6d83e0 .functor AND 1, L_0x563d4e6d8240, L_0x563d4e6d82e0, C4<1>, C4<1>;
L_0x563d4e6d8590 .functor AND 1, L_0x563d4e6fb8c0, L_0x563d4e6d84b0, C4<1>, C4<1>;
L_0x563d4e6d8740 .functor AND 1, L_0x563d4e6d8590, L_0x563d4e6d8600, C4<1>, C4<1>;
L_0x563d4e6d89b0 .functor AND 1, L_0x563d4e6fb8c0, L_0x563d4e6d88c0, C4<1>, C4<1>;
L_0x563d4e6d8ca0 .functor AND 1, L_0x563d4e6d89b0, L_0x563d4e6d8b80, C4<1>, C4<1>;
L_0x563d4e6d8850 .functor AND 1, L_0x563d4e6fb8c0, L_0x563d4e6d8db0, C4<1>, C4<1>;
L_0x563d4e6d8eb0 .functor BUFZ 1, L_0x563d4e6d7310, C4<0>, C4<0>, C4<0>;
L_0x563d4e6d8fe0 .functor BUFZ 1, L_0x563d4e6d71a0, C4<0>, C4<0>, C4<0>;
L_0x7fe77bd7a918 .functor BUFT 1, C4<00000000000000001010000001010000>, C4<0>, C4<0>, C4<0>;
L_0x563d4e6d9940 .functor AND 32, L_0x563d4e6d9110, L_0x7fe77bd7a918, C4<11111111111111111111111111111111>, C4<11111111111111111111111111111111>;
L_0x563d4e6d9be0 .functor OR 1, L_0x563d4e6d9c50, L_0x563d4e6d9cf0, C4<0>, C4<0>;
L_0x563d4e6d9ed0 .functor OR 1, L_0x563d4e6d9be0, L_0x563d4e6d9e30, C4<0>, C4<0>;
L_0x563d4e6da120 .functor OR 1, L_0x563d4e6d9ed0, L_0x563d4e6d9a50, C4<0>, C4<0>;
L_0x563d4e6da2d0 .functor OR 1, L_0x563d4e6da120, L_0x563d4e6da230, C4<0>, C4<0>;
L_0x563d4e6da5e0 .functor OR 1, L_0x563d4e6da2d0, L_0x563d4e6da4a0, C4<0>, C4<0>;
L_0x563d4e6da790 .functor OR 1, L_0x563d4e6da5e0, L_0x563d4e6da6f0, C4<0>, C4<0>;
L_0x563d4e6daac0 .functor OR 1, L_0x563d4e6da790, L_0x563d4e6da970, C4<0>, C4<0>;
L_0x563d4e6dabd0 .functor OR 1, L_0x563d4e6daac0, L_0x563d4e6da540, C4<0>, C4<0>;
L_0x563d4e6daf20 .functor OR 1, L_0x563d4e6dabd0, L_0x563d4e6dadc0, C4<0>, C4<0>;
L_0x563d4e6db0d0 .functor OR 1, L_0x563d4e6daf20, L_0x563d4e6db030, C4<0>, C4<0>;
L_0x563d4e6db2d0 .functor AND 1, L_0x563d4e6fb8c0, L_0x563d4e6db0d0, C4<1>, C4<1>;
L_0x563d4e6db5a0 .functor OR 1, L_0x563d4e6db390, L_0x563d4e6db500, C4<0>, C4<0>;
L_0x563d4e6db930 .functor OR 1, L_0x563d4e6db5a0, L_0x563d4e6db7b0, C4<0>, C4<0>;
L_0x563d4e6dbae0 .functor OR 1, L_0x563d4e6db930, L_0x563d4e6dba40, C4<0>, C4<0>;
L_0x563d4e6db850 .functor OR 1, L_0x563d4e6dbae0, L_0x563d4e6dbd00, C4<0>, C4<0>;
L_0x563d4e6dbf80 .functor OR 1, L_0x563d4e6db850, L_0x563d4e6dbee0, C4<0>, C4<0>;
L_0x563d4e6dc3f0 .functor OR 1, L_0x563d4e6dc1b0, L_0x563d4e6dc350, C4<0>, C4<0>;
L_0x563d4e6dc6b0 .functor OR 1, L_0x563d4e6dc3f0, L_0x563d4e6dc500, C4<0>, C4<0>;
L_0x563d4e6dc090 .functor OR 1, v0x563d4e647340_0, v0x563d4e4b3620_0, C4<0>, C4<0>;
L_0x563d4e6dc100 .functor AND 1, L_0x563d4e6fb8c0, L_0x563d4e6dc090, C4<1>, C4<1>;
L_0x563d4e6dca80 .functor AND 1, v0x563d4e654780_0, v0x563d4e647b00_0, C4<1>, C4<1>;
L_0x563d4e6dcb90 .functor OR 1, L_0x563d4e6dca80, L_0x563d4e6dcaf0, C4<0>, C4<0>;
L_0x563d4e6dcda0 .functor AND 1, L_0x563d4e6dc100, L_0x563d4e6dcb90, C4<1>, C4<1>;
L_0x563d4e6dcf00 .functor OR 1, v0x563d4e654840_0, v0x563d4e654120_0, C4<0>, C4<0>;
L_0x563d4e6dd2e0 .functor AND 5, L_0x563d4e6dd0d0, v0x563d4e6544e0_0, C4<11111>, C4<11111>;
L_0x563d4e6dd5c0 .functor BUFZ 1, v0x563d4e654120_0, C4<0>, C4<0>, C4<0>;
L_0x563d4e6dd630 .functor OR 1, L_0x563d4e6d7310, L_0x563d4e6d71a0, C4<0>, C4<0>;
L_0x563d4e6dd820 .functor OR 1, L_0x563d4e6dd630, v0x563d4e69d0b0_0, C4<0>, C4<0>;
L_0x563d4e6dd8e0 .functor OR 1, L_0x563d4e6dd820, v0x563d4e69d230_0, C4<0>, C4<0>;
L_0x563d4e6dd1c0 .functor AND 1, L_0x563d4e6dddb0, L_0x563d4e6ddea0, C4<1>, C4<1>;
L_0x563d4e6de3e0 .functor OR 1, v0x563d4e647340_0, v0x563d4e4b3620_0, C4<0>, C4<0>;
L_0x563d4e6de6a0 .functor AND 1, L_0x563d4e6fb8c0, L_0x563d4e6de3e0, C4<1>, C4<1>;
L_0x563d4e6dea90 .functor AND 1, L_0x563d4e6de6a0, L_0x563d4e6de800, C4<1>, C4<1>;
L_0x7fe77bd7a8d0 .functor BUFT 1, C4<0000000000000000>, C4<0>, C4<0>, C4<0>;
v0x563d4e2b55c0_0 .net/2u *"_ivl_101", 15 0, L_0x7fe77bd7a8d0;  1 drivers
v0x563d4e2b56c0_0 .net/2u *"_ivl_103", 31 0, L_0x7fe77bd7a918;  1 drivers
v0x563d4e4e1e80_0 .net *"_ivl_105", 31 0, L_0x563d4e6d9940;  1 drivers
v0x563d4e4fe1c0_0 .net *"_ivl_110", 0 0, L_0x563d4e6d9c50;  1 drivers
v0x563d4e4fe3f0_0 .net *"_ivl_112", 0 0, L_0x563d4e6d9cf0;  1 drivers
v0x563d4e644f60_0 .net *"_ivl_113", 0 0, L_0x563d4e6d9be0;  1 drivers
v0x563d4e645520_0 .net *"_ivl_116", 0 0, L_0x563d4e6d9e30;  1 drivers
v0x563d4e646c40_0 .net *"_ivl_117", 0 0, L_0x563d4e6d9ed0;  1 drivers
v0x563d4e6345c0_0 .net *"_ivl_120", 0 0, L_0x563d4e6d9a50;  1 drivers
v0x563d4e633980_0 .net *"_ivl_121", 0 0, L_0x563d4e6da120;  1 drivers
v0x563d4e630aa0_0 .net *"_ivl_124", 0 0, L_0x563d4e6da230;  1 drivers
v0x563d4e4fdaf0_0 .net *"_ivl_125", 0 0, L_0x563d4e6da2d0;  1 drivers
v0x563d4e4fd560_0 .net *"_ivl_128", 0 0, L_0x563d4e6da4a0;  1 drivers
v0x563d4e548540_0 .net *"_ivl_129", 0 0, L_0x563d4e6da5e0;  1 drivers
v0x563d4e523820_0 .net *"_ivl_13", 0 0, L_0x563d4e6d77d0;  1 drivers
v0x563d4e51f7a0_0 .net *"_ivl_132", 0 0, L_0x563d4e6da6f0;  1 drivers
v0x563d4e51ead0_0 .net *"_ivl_133", 0 0, L_0x563d4e6da790;  1 drivers
v0x563d4e51cd20_0 .net *"_ivl_136", 0 0, L_0x563d4e6da970;  1 drivers
v0x563d4e51c010_0 .net *"_ivl_137", 0 0, L_0x563d4e6daac0;  1 drivers
v0x563d4e51b6a0_0 .net *"_ivl_14", 0 0, L_0x563d4e6d7870;  1 drivers
v0x563d4e5b6880_0 .net *"_ivl_140", 0 0, L_0x563d4e6da540;  1 drivers
v0x563d4e5b6130_0 .net *"_ivl_141", 0 0, L_0x563d4e6dabd0;  1 drivers
v0x563d4e5b5900_0 .net *"_ivl_144", 0 0, L_0x563d4e6dadc0;  1 drivers
v0x563d4e5b4360_0 .net *"_ivl_145", 0 0, L_0x563d4e6daf20;  1 drivers
v0x563d4e5b0a60_0 .net *"_ivl_148", 0 0, L_0x563d4e6db030;  1 drivers
v0x563d4e645960_0 .net *"_ivl_149", 0 0, L_0x563d4e6db0d0;  1 drivers
v0x563d4e648140_0 .net *"_ivl_154", 0 0, L_0x563d4e6db390;  1 drivers
v0x563d4e638590_0 .net *"_ivl_156", 0 0, L_0x563d4e6db500;  1 drivers
v0x563d4e4ec9d0_0 .net *"_ivl_158", 0 0, L_0x563d4e6db5a0;  1 drivers
v0x563d4e4ec650_0 .net *"_ivl_16", 0 0, L_0x563d4e6d7960;  1 drivers
v0x563d4e6513f0_0 .net *"_ivl_160", 0 0, L_0x563d4e6db7b0;  1 drivers
v0x563d4e5ac580_0 .net *"_ivl_162", 0 0, L_0x563d4e6db930;  1 drivers
v0x563d4e5ac640_0 .net *"_ivl_164", 0 0, L_0x563d4e6dba40;  1 drivers
v0x563d4e2704f0_0 .net *"_ivl_166", 0 0, L_0x563d4e6dbae0;  1 drivers
v0x563d4e2705b0_0 .net *"_ivl_168", 0 0, L_0x563d4e6dbd00;  1 drivers
v0x563d4e270690_0 .net *"_ivl_170", 0 0, L_0x563d4e6db850;  1 drivers
v0x563d4e504ce0_0 .net *"_ivl_172", 0 0, L_0x563d4e6dbee0;  1 drivers
v0x563d4e5038e0_0 .net *"_ivl_176", 0 0, L_0x563d4e6dc1b0;  1 drivers
v0x563d4e500240_0 .net *"_ivl_178", 0 0, L_0x563d4e6dc350;  1 drivers
v0x563d4e4ffa30_0 .net *"_ivl_180", 0 0, L_0x563d4e6dc3f0;  1 drivers
v0x563d4e4ffaf0_0 .net *"_ivl_182", 0 0, L_0x563d4e6dc500;  1 drivers
v0x563d4e5158d0_0 .net *"_ivl_185", 0 0, L_0x563d4e6dc090;  1 drivers
v0x563d4e515530_0 .net *"_ivl_188", 0 0, L_0x563d4e6dc100;  1 drivers
v0x563d4e5155f0_0 .net *"_ivl_190", 0 0, L_0x563d4e6dca80;  1 drivers
v0x563d4e515170_0 .net *"_ivl_191", 0 0, L_0x563d4e6dcaf0;  1 drivers
v0x563d4e515210_0 .net *"_ivl_194", 0 0, L_0x563d4e6dcb90;  1 drivers
v0x563d4e514db0_0 .net *"_ivl_197", 0 0, L_0x563d4e6dcf00;  1 drivers
v0x563d4e514a10_0 .net *"_ivl_199", 4 0, L_0x563d4e6dd0d0;  1 drivers
L_0x7fe77bd7a720 .functor BUFT 1, C4<0>, C4<0>, C4<0>, C4<0>;
v0x563d4e514690_0 .net/2u *"_ivl_2", 0 0, L_0x7fe77bd7a720;  1 drivers
v0x563d4e4fee60_0 .net *"_ivl_207", 0 0, L_0x563d4e6dd630;  1 drivers
v0x563d4e4fe990_0 .net *"_ivl_209", 0 0, L_0x563d4e6dd820;  1 drivers
v0x563d4e53eb30_0 .net *"_ivl_21", 0 0, L_0x563d4e6d7a90;  1 drivers
L_0x7fe77bd7a960 .functor BUFT 1, C4<11>, C4<0>, C4<0>, C4<0>;
v0x563d4e63c9b0_0 .net/2u *"_ivl_217", 1 0, L_0x7fe77bd7a960;  1 drivers
v0x563d4e63c0a0_0 .net *"_ivl_219", 0 0, L_0x563d4e6dddb0;  1 drivers
v0x563d4e63c160_0 .net *"_ivl_22", 0 0, L_0x563d4e6d7b30;  1 drivers
v0x563d4e63a640_0 .net *"_ivl_222", 0 0, L_0x563d4e6ddea0;  1 drivers
v0x563d4e63a700_0 .net *"_ivl_226", 30 0, L_0x563d4e6de070;  1 drivers
v0x563d4e63a230_0 .net *"_ivl_230", 0 0, L_0x563d4e6de3e0;  1 drivers
v0x563d4e63a2d0_0 .net *"_ivl_232", 0 0, L_0x563d4e6de6a0;  1 drivers
v0x563d4e639db0_0 .net *"_ivl_234", 11 0, L_0x563d4e6de760;  1 drivers
L_0x7fe77bd7a9a8 .functor BUFT 1, C4<000110000000>, C4<0>, C4<0>, C4<0>;
v0x563d4e638e30_0 .net/2u *"_ivl_235", 11 0, L_0x7fe77bd7a9a8;  1 drivers
v0x563d4e4ecbc0_0 .net *"_ivl_237", 0 0, L_0x563d4e6de800;  1 drivers
L_0x7fe77bd7a9f0 .functor BUFT 1, C4<01>, C4<0>, C4<0>, C4<0>;
v0x563d4e4ecc80_0 .net/2u *"_ivl_241", 1 0, L_0x7fe77bd7a9f0;  1 drivers
v0x563d4e4ecf60_0 .net *"_ivl_27", 0 0, L_0x563d4e6d7c50;  1 drivers
v0x563d4e4ed020_0 .net *"_ivl_31", 0 0, L_0x563d4e6d7d50;  1 drivers
v0x563d4e4e2530_0 .net *"_ivl_35", 0 0, L_0x563d4e6d7ec0;  1 drivers
v0x563d4e4e25f0_0 .net *"_ivl_39", 0 0, L_0x563d4e6d7fc0;  1 drivers
v0x563d4e62d6f0_0 .net *"_ivl_43", 0 0, L_0x563d4e6d8140;  1 drivers
v0x563d4e62d7b0_0 .net *"_ivl_44", 0 0, L_0x563d4e6d8240;  1 drivers
L_0x7fe77bd7a768 .functor BUFT 1, C4<00>, C4<0>, C4<0>, C4<0>;
v0x563d4e62d1b0_0 .net/2u *"_ivl_46", 1 0, L_0x7fe77bd7a768;  1 drivers
v0x563d4e62d270_0 .net *"_ivl_48", 0 0, L_0x563d4e6d82e0;  1 drivers
v0x563d4e4a4cd0_0 .net *"_ivl_50", 0 0, L_0x563d4e6d83e0;  1 drivers
v0x563d4e56ae80_0 .net *"_ivl_55", 0 0, L_0x563d4e6d84b0;  1 drivers
v0x563d4e5689a0_0 .net *"_ivl_56", 0 0, L_0x563d4e6d8590;  1 drivers
L_0x7fe77bd7a7b0 .functor BUFT 1, C4<01>, C4<0>, C4<0>, C4<0>;
v0x563d4e52ba90_0 .net/2u *"_ivl_58", 1 0, L_0x7fe77bd7a7b0;  1 drivers
v0x563d4e52b650_0 .net *"_ivl_60", 0 0, L_0x563d4e6d8600;  1 drivers
v0x563d4e52b710_0 .net *"_ivl_62", 0 0, L_0x563d4e6d8740;  1 drivers
L_0x7fe77bd7a7f8 .functor BUFT 1, C4<0>, C4<0>, C4<0>, C4<0>;
v0x563d4e52ab30_0 .net/2u *"_ivl_66", 0 0, L_0x7fe77bd7a7f8;  1 drivers
v0x563d4e52a340_0 .net *"_ivl_7", 0 0, L_0x563d4e6d7660;  1 drivers
v0x563d4e528b40_0 .net *"_ivl_71", 0 0, L_0x563d4e6d88c0;  1 drivers
v0x563d4e528390_0 .net *"_ivl_72", 0 0, L_0x563d4e6d89b0;  1 drivers
L_0x7fe77bd7a840 .functor BUFT 1, C4<11>, C4<0>, C4<0>, C4<0>;
v0x563d4e527f10_0 .net/2u *"_ivl_74", 1 0, L_0x7fe77bd7a840;  1 drivers
v0x563d4e5279f0_0 .net *"_ivl_76", 0 0, L_0x563d4e6d8b80;  1 drivers
v0x563d4e527ab0_0 .net *"_ivl_78", 0 0, L_0x563d4e6d8ca0;  1 drivers
v0x563d4e5274c0_0 .net *"_ivl_8", 0 0, L_0x563d4e6d7730;  1 drivers
v0x563d4e527580_0 .net *"_ivl_83", 0 0, L_0x563d4e6d8db0;  1 drivers
v0x563d4e641ea0_0 .net *"_ivl_84", 0 0, L_0x563d4e6d8850;  1 drivers
v0x563d4e641f60_0 .net *"_ivl_89", 0 0, L_0x563d4e6d8eb0;  1 drivers
L_0x7fe77bd7a888 .functor BUFT 1, C4<0>, C4<0>, C4<0>, C4<0>;
v0x563d4e641c10_0 .net/2u *"_ivl_92", 0 0, L_0x7fe77bd7a888;  1 drivers
v0x563d4e641cd0_0 .net *"_ivl_97", 0 0, L_0x563d4e6d8fe0;  1 drivers
v0x563d4e642130_0 .net "branch_csr_pc_o", 31 0, v0x563d4e638260_0;  alias, 1 drivers
v0x563d4e6421f0_0 .net "branch_csr_request_o", 0 0, v0x563d4e637850_0;  alias, 1 drivers
v0x563d4e5a3750_0 .net "branch_exec_pc_i", 31 0, v0x563d4e694420_0;  alias, 1 drivers
v0x563d4e637790_0 .net "branch_exec_request_i", 0 0, L_0x563d4e5cff30;  alias, 1 drivers
v0x563d4e637850_0 .var "branch_q", 0 0;
v0x563d4e6381c0_0 .var "branch_r", 0 0;
v0x563d4e638260_0 .var "branch_target_q", 31 0;
v0x563d4e6423c0_0 .var "branch_target_r", 31 0;
v0x563d4e4b3580_0 .net "clk_i", 0 0, v0x563d4e6b89b0_0;  alias, 1 drivers
v0x563d4e4b3620_0 .var "clr_r", 0 0;
v0x563d4e56a790_0 .net "cpu_id_i", 31 0, v0x563d4e6b8a50_0;  alias, 1 drivers
v0x563d4e56a870_0 .net "csr_access_fault_w", 0 0, L_0x563d4e6dcda0;  1 drivers
v0x563d4e529840_0 .var "csr_mcause_q", 31 0;
v0x563d4e529900_0 .var "csr_mcause_r", 31 0;
v0x563d4e64ab40_0 .var "csr_mcycle_q", 31 0;
v0x563d4e64ac00_0 .var "csr_mcycle_r", 31 0;
v0x563d4e648840_0 .var "csr_medeleg_q", 31 0;
v0x563d4e648920_0 .var "csr_medeleg_r", 31 0;
v0x563d4e649d40_0 .var "csr_mepc_q", 31 0;
v0x563d4e649e20_0 .var "csr_mepc_r", 31 0;
v0x563d4e648bc0_0 .var "csr_mideleg_q", 31 0;
v0x563d4e648c80_0 .var "csr_mideleg_r", 31 0;
v0x563d4e64b240_0 .var "csr_mie_q", 31 0;
v0x563d4e64b320_0 .var "csr_mie_r", 31 0;
v0x563d4e64b940_0 .var "csr_mip_q", 31 0;
v0x563d4e64ba20_0 .var "csr_mip_r", 31 0;
v0x563d4e642720_0 .var "csr_mpriv_q", 1 0;
v0x563d4e6427e0_0 .var "csr_mpriv_r", 1 0;
v0x563d4e647dc0_0 .var "csr_mscratch_q", 31 0;
v0x563d4e647ea0_0 .var "csr_mscratch_r", 31 0;
v0x563d4e64bcc0_0 .var "csr_mtvec_q", 31 0;
v0x563d4e64bda0_0 .var "csr_mtvec_r", 31 0;
v0x563d4e64ca80_0 .var "csr_satp_q", 31 0;
v0x563d4e64cb40_0 .var "csr_satp_r", 31 0;
v0x563d4e64c3c0_0 .var "csr_scause_q", 31 0;
v0x563d4e64c4a0_0 .var "csr_scause_r", 31 0;
v0x563d4e64c740_0 .var "csr_sepc_q", 31 0;
v0x563d4e64c820_0 .var "csr_sepc_r", 31 0;
v0x563d4e649640_0 .var "csr_sr_q", 31 0;
v0x563d4e6496e0_0 .var "csr_sr_r", 31 0;
v0x563d4e64b5c0_0 .var "csr_sscratch_q", 31 0;
v0x563d4e64b6a0_0 .var "csr_sscratch_r", 31 0;
v0x563d4e656e00_0 .var "csr_stval_q", 31 0;
v0x563d4e656ee0_0 .var "csr_stval_r", 31 0;
v0x563d4e657180_0 .var "csr_stvec_q", 31 0;
v0x563d4e657240_0 .var "csr_stvec_r", 31 0;
v0x563d4e643de0_0 .var "data_r", 31 0;
v0x563d4e643ec0_0 .net "exc_src_w", 31 0, L_0x563d4e6d9110;  1 drivers
v0x563d4e644160_0 .net "exception_m_w", 0 0, L_0x563d4e6d9af0;  1 drivers
v0x563d4e644220_0 .var "exception_s_r", 0 0;
v0x563d4e6444e0_0 .net "fault_addr_i", 31 0, L_0x563d4e6d6380;  alias, 1 drivers
v0x563d4e6445c0_0 .net "fault_load_i", 0 0, L_0x563d4e6d68f0;  alias, 1 drivers
v0x563d4e644860_0 .net "fault_misaligned_load_i", 0 0, v0x563d4e69d0b0_0;  alias, 1 drivers
v0x563d4e644920_0 .net "fault_misaligned_store_i", 0 0, v0x563d4e69d230_0;  alias, 1 drivers
v0x563d4e657880_0 .net "fault_page_load_i", 0 0, L_0x563d4e6d7310;  alias, 1 drivers
v0x563d4e657940_0 .net "fault_page_store_i", 0 0, L_0x563d4e6d71a0;  alias, 1 drivers
v0x563d4e656380_0 .net "fault_store_i", 0 0, L_0x563d4e6d6e90;  alias, 1 drivers
v0x563d4e656440_0 .var "imm12_r", 31 0;
v0x563d4e656700_0 .var "interrupt_s_r", 0 0;
v0x563d4e6567c0_0 .net "intr_i", 0 0, v0x563d4e6b91b0_0;  alias, 1 drivers
v0x563d4e656a80_0 .var "irq_masked_r", 31 0;
v0x563d4e656b60_0 .var "irq_pending_r", 31 0;
v0x563d4e643a60_0 .net "load_inst_w", 0 0, L_0x563d4e6dbf80;  1 drivers
v0x563d4e643b20_0 .var "m_enabled_r", 0 0;
v0x563d4e658300_0 .var "m_interrupts_r", 31 0;
v0x563d4e6583e0_0 .net "mmu_enable_w", 0 0, L_0x563d4e6dd1c0;  1 drivers
v0x563d4e644be0_0 .net "mmu_flush_o", 0 0, L_0x563d4e6dea90;  alias, 1 drivers
v0x563d4e644ca0_0 .net "mmu_satp_o", 31 0, L_0x563d4e6de160;  alias, 1 drivers
v0x563d4e657c00_0 .net "mmu_sum_o", 0 0, L_0x563d4e6dee50;  alias, 1 drivers
v0x563d4e657cc0_0 .net "mmu_supervisor_o", 0 0, L_0x563d4e6ded60;  alias, 1 drivers
v0x563d4e657f80_0 .net "opcode_instr_i", 57 0, v0x563d4e68fd30_0;  alias, 1 drivers
v0x563d4e658060_0 .net "opcode_opcode_i", 31 0, L_0x563d4e6f81c0;  alias, 1 drivers
v0x563d4e645be0_0 .net "opcode_pc_i", 31 0, v0x563d4e6906d0_0;  alias, 1 drivers
v0x563d4e645cc0_0 .net "opcode_ra_idx_i", 4 0, L_0x563d4e6f8570;  alias, 1 drivers
v0x563d4e645ed0_0 .net "opcode_ra_operand_i", 31 0, v0x563d4e6901f0_0;  alias, 1 drivers
v0x563d4e645fb0_0 .net "opcode_rb_idx_i", 4 0, L_0x563d4e6f8660;  alias, 1 drivers
v0x563d4e6461c0_0 .net "opcode_rb_operand_i", 31 0, v0x563d4e690480_0;  alias, 1 drivers
v0x563d4e6462a0_0 .net "opcode_rd_idx_i", 4 0, L_0x563d4e6f89e0;  alias, 1 drivers
v0x563d4e6476c0_0 .net "opcode_valid_i", 0 0, L_0x563d4e6fb8c0;  alias, 1 drivers
v0x563d4e647780_0 .var "pc_m_q", 31 0;
v0x563d4e647a40_0 .var "priv_r", 1 0;
v0x563d4e647b00_0 .var "readonly_r", 0 0;
v0x563d4e646540_0 .var "reset_q", 0 0;
v0x563d4e646600_0 .net "reset_vector_i", 31 0, v0x563d4e6bb140_0;  alias, 1 drivers
v0x563d4e6468c0_0 .var "result_r", 31 0;
v0x563d4e6469a0_0 .net "rst_i", 0 0, v0x563d4e6bb230_0;  alias, 1 drivers
v0x563d4e646fc0_0 .var "s_enabled_r", 0 0;
v0x563d4e647060_0 .var "s_interrupts_r", 31 0;
v0x563d4e647340_0 .var "set_r", 0 0;
v0x563d4e647400_0 .net "stall_o", 0 0, L_0x563d4e6dd8e0;  alias, 1 drivers
v0x563d4e657500_0 .net "store_inst_w", 0 0, L_0x563d4e6dc6b0;  1 drivers
v0x563d4e6575c0_0 .var "take_exception_r", 0 0;
v0x563d4e656000_0 .var "take_intr_r", 0 0;
v0x563d4e6560c0_0 .net "valid_unit_inst_w", 0 0, L_0x563d4e6db2d0;  1 drivers
v0x563d4e654780_0 .var "write_r", 0 0;
v0x563d4e654840_0 .var "writeback_en_q", 0 0;
v0x563d4e654400_0 .net "writeback_idx_o", 4 0, L_0x563d4e6dd2e0;  alias, 1 drivers
v0x563d4e6544e0_0 .var "writeback_idx_q", 4 0;
v0x563d4e654080_0 .net "writeback_squash_o", 0 0, L_0x563d4e6dd5c0;  alias, 1 drivers
v0x563d4e654120_0 .var "writeback_squash_q", 0 0;
v0x563d4e653d00_0 .net "writeback_value_o", 31 0, v0x563d4e653de0_0;  alias, 1 drivers
v0x563d4e653de0_0 .var "writeback_value_q", 31 0;
E_0x563d4e214fd0/0 .event edge, v0x563d4e6575c0_0, v0x563d4e642720_0, v0x563d4e644220_0, v0x563d4e657180_0;
E_0x563d4e214fd0/1 .event edge, v0x563d4e64bcc0_0, v0x563d4e656000_0, v0x563d4e656700_0, v0x563d4e657f80_0;
E_0x563d4e214fd0/2 .event edge, v0x563d4e6476c0_0, v0x563d4e643ec0_0, v0x563d4e648840_0, v0x563d4e658060_0;
E_0x563d4e214fd0/3 .event edge, v0x563d4e64c740_0, v0x563d4e649d40_0;
E_0x563d4e214fd0 .event/or E_0x563d4e214fd0/0, E_0x563d4e214fd0/1, E_0x563d4e214fd0/2, E_0x563d4e214fd0/3;
E_0x563d4e688b50/0 .event edge, v0x563d4e649d40_0, v0x563d4e649640_0, v0x563d4e529840_0, v0x563d4e64bcc0_0;
E_0x563d4e688b50/1 .event edge, v0x563d4e64b940_0, v0x563d4e64b240_0, v0x563d4e642720_0, v0x563d4e647dc0_0;
E_0x563d4e688b50/2 .event edge, v0x563d4e648840_0, v0x563d4e648bc0_0, v0x563d4e64c740_0, v0x563d4e657180_0;
E_0x563d4e688b50/3 .event edge, v0x563d4e64c3c0_0, v0x563d4e656e00_0, v0x563d4e64ca80_0, v0x563d4e64b5c0_0;
E_0x563d4e688b50/4 .event edge, v0x563d4e64ab40_0, v0x563d4e656a80_0, v0x563d4e6476c0_0, v0x563d4e643a60_0;
E_0x563d4e688b50/5 .event edge, v0x563d4e657500_0, v0x563d4e644160_0, v0x563d4e643ec0_0, v0x563d4e6575c0_0;
E_0x563d4e688b50/6 .event edge, v0x563d4e644220_0, v0x563d4e6496e0_0, v0x563d4e647780_0, v0x563d4e645be0_0;
E_0x563d4e688b50/7 .event edge, v0x563d4e6421f0_0, v0x563d4e642130_0, v0x563d4e6560c0_0, v0x563d4e637790_0;
E_0x563d4e688b50/8 .event edge, v0x563d4e5a3750_0, v0x563d4e6444e0_0, v0x563d4e656000_0, v0x563d4e656700_0;
E_0x563d4e688b50/9 .event edge, v0x563d4e647340_0, v0x563d4e4b3620_0, v0x563d4e657f80_0, v0x563d4e645cc0_0;
E_0x563d4e688b50/10 .event edge, v0x563d4e645ed0_0, v0x563d4e656440_0, v0x563d4e643de0_0, v0x563d4e647ea0_0;
E_0x563d4e688b50/11 .event edge, v0x563d4e649e20_0, v0x563d4e64bda0_0, v0x563d4e529900_0, v0x563d4e64ba20_0;
E_0x563d4e688b50/12 .event edge, v0x563d4e64b320_0, v0x563d4e56a790_0, v0x563d4e648920_0, v0x563d4e648c80_0;
E_0x563d4e688b50/13 .event edge, v0x563d4e64c820_0, v0x563d4e657240_0, v0x563d4e64c4a0_0, v0x563d4e656ee0_0;
E_0x563d4e688b50/14 .event edge, v0x563d4e64cb40_0, v0x563d4e64b6a0_0, v0x563d4e658060_0, v0x563d4e6567c0_0;
E_0x563d4e688b50 .event/or E_0x563d4e688b50/0, E_0x563d4e688b50/1, E_0x563d4e688b50/2, E_0x563d4e688b50/3, E_0x563d4e688b50/4, E_0x563d4e688b50/5, E_0x563d4e688b50/6, E_0x563d4e688b50/7, E_0x563d4e688b50/8, E_0x563d4e688b50/9, E_0x563d4e688b50/10, E_0x563d4e688b50/11, E_0x563d4e688b50/12, E_0x563d4e688b50/13, E_0x563d4e688b50/14;
E_0x563d4e688b90/0 .event edge, v0x563d4e64b940_0, v0x563d4e64b240_0, v0x563d4e642720_0, v0x563d4e649640_0;
E_0x563d4e688b90/1 .event edge, v0x563d4e643b20_0, v0x563d4e656b60_0, v0x563d4e648bc0_0, v0x563d4e646fc0_0;
E_0x563d4e688b90/2 .event edge, v0x563d4e658300_0, v0x563d4e647060_0;
E_0x563d4e688b90 .event/or E_0x563d4e688b90/0, E_0x563d4e688b90/1, E_0x563d4e688b90/2;
E_0x563d4e1f1400 .event edge, v0x563d4e658060_0, v0x563d4e657f80_0, v0x563d4e656440_0, v0x563d4e645cc0_0;
L_0x563d4e6d7660 .part v0x563d4e68fd30_0, 55, 1;
L_0x563d4e6d77d0 .part v0x563d4e68fd30_0, 57, 1;
L_0x563d4e6d7a90 .part v0x563d4e68fd30_0, 39, 1;
L_0x563d4e6d8140 .part v0x563d4e68fd30_0, 38, 1;
L_0x563d4e6d82e0 .cmp/eq 2, v0x563d4e642720_0, L_0x7fe77bd7a768;
L_0x563d4e6d84b0 .part v0x563d4e68fd30_0, 38, 1;
L_0x563d4e6d8600 .cmp/eq 2, v0x563d4e642720_0, L_0x7fe77bd7a7b0;
L_0x563d4e6d88c0 .part v0x563d4e68fd30_0, 38, 1;
L_0x563d4e6d8b80 .cmp/eq 2, v0x563d4e642720_0, L_0x7fe77bd7a840;
L_0x563d4e6d8db0 .part v0x563d4e68fd30_0, 56, 1;
LS_0x563d4e6d9110_0_0 .concat8 [ 1 1 1 1], L_0x7fe77bd7a720, L_0x563d4e6d7730, L_0x563d4e6d7960, L_0x563d4e6d7b30;
LS_0x563d4e6d9110_0_4 .concat8 [ 1 1 1 1], L_0x563d4e6d7c50, L_0x563d4e6d7d50, L_0x563d4e6d7ec0, L_0x563d4e6d7fc0;
LS_0x563d4e6d9110_0_8 .concat8 [ 1 1 1 1], L_0x563d4e6d83e0, L_0x563d4e6d8740, L_0x7fe77bd7a7f8, L_0x563d4e6d8ca0;
LS_0x563d4e6d9110_0_12 .concat8 [ 1 1 1 1], L_0x563d4e6d8850, L_0x563d4e6d8eb0, L_0x7fe77bd7a888, L_0x563d4e6d8fe0;
LS_0x563d4e6d9110_0_16 .concat8 [ 16 0 0 0], L_0x7fe77bd7a8d0;
LS_0x563d4e6d9110_1_0 .concat8 [ 4 4 4 4], LS_0x563d4e6d9110_0_0, LS_0x563d4e6d9110_0_4, LS_0x563d4e6d9110_0_8, LS_0x563d4e6d9110_0_12;
LS_0x563d4e6d9110_1_4 .concat8 [ 16 0 0 0], LS_0x563d4e6d9110_0_16;
L_0x563d4e6d9110 .concat8 [ 16 16 0 0], LS_0x563d4e6d9110_1_0, LS_0x563d4e6d9110_1_4;
L_0x563d4e6d9af0 .reduce/or L_0x563d4e6d9940;
L_0x563d4e6d9c50 .part v0x563d4e68fd30_0, 41, 1;
L_0x563d4e6d9cf0 .part v0x563d4e68fd30_0, 42, 1;
L_0x563d4e6d9e30 .part v0x563d4e68fd30_0, 43, 1;
L_0x563d4e6d9a50 .part v0x563d4e68fd30_0, 44, 1;
L_0x563d4e6da230 .part v0x563d4e68fd30_0, 45, 1;
L_0x563d4e6da4a0 .part v0x563d4e68fd30_0, 46, 1;
L_0x563d4e6da6f0 .part v0x563d4e68fd30_0, 38, 1;
L_0x563d4e6da970 .part v0x563d4e68fd30_0, 39, 1;
L_0x563d4e6da540 .part v0x563d4e68fd30_0, 40, 1;
L_0x563d4e6dadc0 .part v0x563d4e68fd30_0, 55, 1;
L_0x563d4e6db030 .part v0x563d4e68fd30_0, 56, 1;
L_0x563d4e6db390 .part v0x563d4e68fd30_0, 29, 1;
L_0x563d4e6db500 .part v0x563d4e68fd30_0, 30, 1;
L_0x563d4e6db7b0 .part v0x563d4e68fd30_0, 31, 1;
L_0x563d4e6dba40 .part v0x563d4e68fd30_0, 32, 1;
L_0x563d4e6dbd00 .part v0x563d4e68fd30_0, 33, 1;
L_0x563d4e6dbee0 .part v0x563d4e68fd30_0, 34, 1;
L_0x563d4e6dc1b0 .part v0x563d4e68fd30_0, 35, 1;
L_0x563d4e6dc350 .part v0x563d4e68fd30_0, 36, 1;
L_0x563d4e6dc500 .part v0x563d4e68fd30_0, 37, 1;
L_0x563d4e6dcaf0 .cmp/gt 2, v0x563d4e647a40_0, v0x563d4e642720_0;
LS_0x563d4e6dd0d0_0_0 .concat [ 1 1 1 1], L_0x563d4e6dcf00, L_0x563d4e6dcf00, L_0x563d4e6dcf00, L_0x563d4e6dcf00;
LS_0x563d4e6dd0d0_0_4 .concat [ 1 0 0 0], L_0x563d4e6dcf00;
L_0x563d4e6dd0d0 .concat [ 4 1 0 0], LS_0x563d4e6dd0d0_0_0, LS_0x563d4e6dd0d0_0_4;
L_0x563d4e6dddb0 .cmp/ne 2, v0x563d4e642720_0, L_0x7fe77bd7a960;
L_0x563d4e6ddea0 .part v0x563d4e64ca80_0, 31, 1;
L_0x563d4e6de070 .part v0x563d4e64ca80_0, 0, 31;
L_0x563d4e6de160 .concat [ 31 1 0 0], L_0x563d4e6de070, L_0x563d4e6dd1c0;
L_0x563d4e6de760 .part v0x563d4e656440_0, 0, 12;
L_0x563d4e6de800 .cmp/eq 12, L_0x563d4e6de760, L_0x7fe77bd7a9a8;
L_0x563d4e6ded60 .cmp/eq 2, v0x563d4e642720_0, L_0x7fe77bd7a9f0;
L_0x563d4e6dee50 .part v0x563d4e649640_0, 18, 1;
S_0x563d4e64a0c0 .scope module, "u_decode" "riscv_decode" 4 436, 7 42 0, S_0x563d4e654e80;
 .timescale 0 0;
    .port_info 0 /INPUT 1 "clk_i";
    .port_info 1 /INPUT 1 "rst_i";
    .port_info 2 /INPUT 1 "fetch_valid_i";
    .port_info 3 /INPUT 32 "fetch_instr_i";
    .port_info 4 /INPUT 32 "fetch_pc_i";
    .port_info 5 /INPUT 1 "branch_request_i";
    .port_info 6 /INPUT 32 "branch_pc_i";
    .port_info 7 /INPUT 1 "branch_csr_request_i";
    .port_info 8 /INPUT 32 "branch_csr_pc_i";
    .port_info 9 /INPUT 5 "writeback_exec_idx_i";
    .port_info 10 /INPUT 1 "writeback_exec_squash_i";
    .port_info 11 /INPUT 32 "writeback_exec_value_i";
    .port_info 12 /INPUT 5 "writeback_mem_idx_i";
    .port_info 13 /INPUT 1 "writeback_mem_squash_i";
    .port_info 14 /INPUT 32 "writeback_mem_value_i";
    .port_info 15 /INPUT 5 "writeback_csr_idx_i";
    .port_info 16 /INPUT 1 "writeback_csr_squash_i";
    .port_info 17 /INPUT 32 "writeback_csr_value_i";
    .port_info 18 /INPUT 5 "writeback_muldiv_idx_i";
    .port_info 19 /INPUT 1 "writeback_muldiv_squash_i";
    .port_info 20 /INPUT 32 "writeback_muldiv_value_i";
    .port_info 21 /INPUT 1 "exec_stall_i";
    .port_info 22 /INPUT 1 "lsu_stall_i";
    .port_info 23 /INPUT 1 "csr_stall_i";
    .port_info 24 /INPUT 1 "muldiv_stall_i";
    .port_info 25 /OUTPUT 1 "fetch_branch_o";
    .port_info 26 /OUTPUT 32 "fetch_branch_pc_o";
    .port_info 27 /OUTPUT 1 "fetch_accept_o";
    .port_info 28 /OUTPUT 1 "exec_opcode_valid_o";
    .port_info 29 /OUTPUT 1 "lsu_opcode_valid_o";
    .port_info 30 /OUTPUT 1 "csr_opcode_valid_o";
    .port_info 31 /OUTPUT 1 "muldiv_opcode_valid_o";
    .port_info 32 /OUTPUT 58 "opcode_instr_o";
    .port_info 33 /OUTPUT 32 "opcode_opcode_o";
    .port_info 34 /OUTPUT 32 "opcode_pc_o";
    .port_info 35 /OUTPUT 5 "opcode_rd_idx_o";
    .port_info 36 /OUTPUT 5 "opcode_ra_idx_o";
    .port_info 37 /OUTPUT 5 "opcode_rb_idx_o";
    .port_info 38 /OUTPUT 32 "opcode_ra_operand_o";
    .port_info 39 /OUTPUT 32 "opcode_rb_operand_o";
    .port_info 40 /OUTPUT 1 "fetch_invalidate_o";
L_0x563d4e6e1ae0 .functor OR 1, v0x563d4e690d30_0, L_0x7fe77bd7a060, C4<0>, C4<0>;
L_0x563d4e6e1c10 .functor OR 1, L_0x563d4e6e1ae0, L_0x563d4e6d6240, C4<0>, C4<0>;
L_0x563d4e6e1d40 .functor OR 1, L_0x563d4e6e1c10, L_0x563d4e6dd8e0, C4<0>, C4<0>;
L_0x563d4e6e1e70 .functor OR 1, L_0x563d4e6e1d40, L_0x563d4e6e16f0, C4<0>, C4<0>;
L_0x563d4e6e1f10 .functor NOT 1, L_0x7fe77bd7a018, C4<0>, C4<0>, C4<0>;
L_0x563d4e6e2170 .functor AND 5, v0x563d4e695140_0, L_0x563d4e6e2010, C4<11111>, C4<11111>;
L_0x563d4e6e2270 .functor NOT 1, L_0x7fe77bd7a6d8, C4<0>, C4<0>, C4<0>;
L_0x563d4e6e24a0 .functor AND 5, v0x563d4e69e080_0, L_0x563d4e6e2370, C4<11111>, C4<11111>;
L_0x563d4e6e25f0 .functor NOT 1, L_0x563d4e6dd5c0, C4<0>, C4<0>, C4<0>;
L_0x563d4e6e2820 .functor AND 5, L_0x563d4e6dd2e0, L_0x563d4e6e26f0, C4<11111>, C4<11111>;
L_0x563d4e6e2920 .functor NOT 1, L_0x7fe77bd7aa38, C4<0>, C4<0>, C4<0>;
L_0x563d4e6e2b80 .functor AND 5, v0x563d4e6abbb0_0, L_0x563d4e6e2a20, C4<11111>, C4<11111>;
L_0x563d4e6e2fc0 .functor OR 1, L_0x563d4e6e2e40, L_0x563d4e6e2ee0, C4<0>, C4<0>;
L_0x563d4e6e2c80 .functor OR 1, L_0x563d4e6e2fc0, L_0x563d4e6e3080, C4<0>, C4<0>;
L_0x563d4e6e32b0 .functor OR 1, L_0x563d4e6e2c80, L_0x563d4e6e31c0, C4<0>, C4<0>;
L_0x563d4e6d4af0 .functor OR 1, L_0x563d4e6e32b0, L_0x563d4e6e3450, C4<0>, C4<0>;
L_0x563d4e6e3e50 .functor OR 1, L_0x563d4e6d4af0, L_0x563d4e6e3d50, C4<0>, C4<0>;
L_0x563d4e6e4050 .functor OR 1, L_0x563d4e6e3e50, L_0x563d4e6e3fb0, C4<0>, C4<0>;
L_0x563d4e6e4270 .functor OR 1, L_0x563d4e6e4050, L_0x563d4e6e4160, C4<0>, C4<0>;
L_0x563d4e6e4430 .functor OR 1, L_0x563d4e6e4270, L_0x563d4e6e3f10, C4<0>, C4<0>;
L_0x563d4e6e4200 .functor OR 1, L_0x563d4e6e4430, L_0x563d4e6e4540, C4<0>, C4<0>;
L_0x563d4e6e47c0 .functor OR 1, L_0x563d4e6e4200, L_0x563d4e6e4380, C4<0>, C4<0>;
L_0x563d4e6e4a00 .functor OR 1, L_0x563d4e6e47c0, L_0x563d4e6e48d0, C4<0>, C4<0>;
L_0x563d4e6e4c80 .functor OR 1, L_0x563d4e6e4a00, L_0x563d4e6e4be0, C4<0>, C4<0>;
L_0x563d4e6e4ed0 .functor OR 1, L_0x563d4e6e4c80, L_0x563d4e6e4d90, C4<0>, C4<0>;
L_0x563d4e6e5160 .functor OR 1, L_0x563d4e6e4ed0, L_0x563d4e6e50c0, C4<0>, C4<0>;
L_0x563d4e6e53c0 .functor OR 1, L_0x563d4e6e5160, L_0x563d4e6e5270, C4<0>, C4<0>;
L_0x563d4e6e4fe0 .functor OR 1, L_0x563d4e6e53c0, L_0x563d4e6e4e30, C4<0>, C4<0>;
L_0x563d4e6e5310 .functor OR 1, L_0x563d4e6e4fe0, L_0x563d4e6e5610, C4<0>, C4<0>;
L_0x563d4e6e59b0 .functor OR 1, L_0x563d4e6e5310, L_0x563d4e6e5910, C4<0>, C4<0>;
L_0x563d4e6e56b0 .functor OR 1, L_0x563d4e6e59b0, L_0x563d4e6e5ac0, C4<0>, C4<0>;
L_0x7fe77bd7aa80 .functor BUFT 1, C4<00000000000000000111000001111111>, C4<0>, C4<0>, C4<0>;
L_0x563d4e6e5d90 .functor AND 32, L_0x563d4e6ffc10, L_0x7fe77bd7aa80, C4<11111111111111111111111111111111>, C4<11111111111111111111111111111111>;
L_0x7fe77bd7ab10 .functor BUFT 1, C4<00000000000000000111000001111111>, C4<0>, C4<0>, C4<0>;
L_0x563d4e6e5f90 .functor AND 32, L_0x563d4e6ffc10, L_0x7fe77bd7ab10, C4<11111111111111111111111111111111>, C4<11111111111111111111111111111111>;
L_0x7fe77bd7aba0 .functor BUFT 1, C4<00000000000000000111000001111111>, C4<0>, C4<0>, C4<0>;
L_0x563d4e6e5b60 .functor AND 32, L_0x563d4e6ffc10, L_0x7fe77bd7aba0, C4<11111111111111111111111111111111>, C4<11111111111111111111111111111111>;
L_0x7fe77bd7ac30 .functor BUFT 1, C4<00000000000000000111000001111111>, C4<0>, C4<0>, C4<0>;
L_0x563d4e6e6480 .functor AND 32, L_0x563d4e6ffc10, L_0x7fe77bd7ac30, C4<11111111111111111111111111111111>, C4<11111111111111111111111111111111>;
L_0x7fe77bd7acc0 .functor BUFT 1, C4<00000000000000000111000001111111>, C4<0>, C4<0>, C4<0>;
L_0x563d4e6e6260 .functor AND 32, L_0x563d4e6ffc10, L_0x7fe77bd7acc0, C4<11111111111111111111111111111111>, C4<11111111111111111111111111111111>;
L_0x7fe77bd7ad50 .functor BUFT 1, C4<00000000000000000111000001111111>, C4<0>, C4<0>, C4<0>;
L_0x563d4e6e68f0 .functor AND 32, L_0x563d4e6ffc10, L_0x7fe77bd7ad50, C4<11111111111111111111111111111111>, C4<11111111111111111111111111111111>;
L_0x7fe77bd7ade0 .functor BUFT 1, C4<11111100000000000111000001111111>, C4<0>, C4<0>, C4<0>;
L_0x563d4e6e6d30 .functor AND 32, L_0x563d4e6ffc10, L_0x7fe77bd7ade0, C4<11111111111111111111111111111111>, C4<11111111111111111111111111111111>;
L_0x7fe77bd7ae70 .functor BUFT 1, C4<11111100000000000111000001111111>, C4<0>, C4<0>, C4<0>;
L_0x563d4e6e6f30 .functor AND 32, L_0x563d4e6ffc10, L_0x7fe77bd7ae70, C4<11111111111111111111111111111111>, C4<11111111111111111111111111111111>;
L_0x7fe77bd7af00 .functor BUFT 1, C4<11111100000000000111000001111111>, C4<0>, C4<0>, C4<0>;
L_0x563d4e6e7390 .functor AND 32, L_0x563d4e6ffc10, L_0x7fe77bd7af00, C4<11111111111111111111111111111111>, C4<11111111111111111111111111111111>;
L_0x7fe77bd7af90 .functor BUFT 1, C4<00000000000000000000000001111111>, C4<0>, C4<0>, C4<0>;
L_0x563d4e6e7590 .functor AND 32, L_0x563d4e6ffc10, L_0x7fe77bd7af90, C4<11111111111111111111111111111111>, C4<11111111111111111111111111111111>;
L_0x7fe77bd7b020 .functor BUFT 1, C4<00000000000000000000000001111111>, C4<0>, C4<0>, C4<0>;
L_0x563d4e6e7a10 .functor AND 32, L_0x563d4e6ffc10, L_0x7fe77bd7b020, C4<11111111111111111111111111111111>, C4<11111111111111111111111111111111>;
L_0x7fe77bd7b0b0 .functor BUFT 1, C4<11111110000000000111000001111111>, C4<0>, C4<0>, C4<0>;
L_0x563d4e6e7c10 .functor AND 32, L_0x563d4e6ffc10, L_0x7fe77bd7b0b0, C4<11111111111111111111111111111111>, C4<11111111111111111111111111111111>;
L_0x7fe77bd7b140 .functor BUFT 1, C4<11111110000000000111000001111111>, C4<0>, C4<0>, C4<0>;
L_0x563d4e6e78f0 .functor AND 32, L_0x563d4e6ffc10, L_0x7fe77bd7b140, C4<11111111111111111111111111111111>, C4<11111111111111111111111111111111>;
L_0x7fe77bd7b1d0 .functor BUFT 1, C4<11111110000000000111000001111111>, C4<0>, C4<0>, C4<0>;
L_0x563d4e6e81a0 .functor AND 32, L_0x563d4e6ffc10, L_0x7fe77bd7b1d0, C4<11111111111111111111111111111111>, C4<11111111111111111111111111111111>;
L_0x7fe77bd7b260 .functor BUFT 1, C4<11111110000000000111000001111111>, C4<0>, C4<0>, C4<0>;
L_0x563d4e6e8660 .functor AND 32, L_0x563d4e6ffc10, L_0x7fe77bd7b260, C4<11111111111111111111111111111111>, C4<11111111111111111111111111111111>;
L_0x7fe77bd7b2f0 .functor BUFT 1, C4<11111110000000000111000001111111>, C4<0>, C4<0>, C4<0>;
L_0x563d4e6e8860 .functor AND 32, L_0x563d4e6ffc10, L_0x7fe77bd7b2f0, C4<11111111111111111111111111111111>, C4<11111111111111111111111111111111>;
L_0x7fe77bd7b380 .functor BUFT 1, C4<11111110000000000111000001111111>, C4<0>, C4<0>, C4<0>;
L_0x563d4e6e8d40 .functor AND 32, L_0x563d4e6ffc10, L_0x7fe77bd7b380, C4<11111111111111111111111111111111>, C4<11111111111111111111111111111111>;
L_0x7fe77bd7b410 .functor BUFT 1, C4<11111110000000000111000001111111>, C4<0>, C4<0>, C4<0>;
L_0x563d4e6e8f40 .functor AND 32, L_0x563d4e6ffc10, L_0x7fe77bd7b410, C4<11111111111111111111111111111111>, C4<11111111111111111111111111111111>;
L_0x7fe77bd7b4a0 .functor BUFT 1, C4<11111110000000000111000001111111>, C4<0>, C4<0>, C4<0>;
L_0x563d4e6e9440 .functor AND 32, L_0x563d4e6ffc10, L_0x7fe77bd7b4a0, C4<11111111111111111111111111111111>, C4<11111111111111111111111111111111>;
L_0x7fe77bd7b530 .functor BUFT 1, C4<11111110000000000111000001111111>, C4<0>, C4<0>, C4<0>;
L_0x563d4e6e9670 .functor AND 32, L_0x563d4e6ffc10, L_0x7fe77bd7b530, C4<11111111111111111111111111111111>, C4<11111111111111111111111111111111>;
L_0x7fe77bd7b5c0 .functor BUFT 1, C4<11111110000000000111000001111111>, C4<0>, C4<0>, C4<0>;
L_0x563d4e6e9b90 .functor AND 32, L_0x563d4e6ffc10, L_0x7fe77bd7b5c0, C4<11111111111111111111111111111111>, C4<11111111111111111111111111111111>;
L_0x7fe77bd7b650 .functor BUFT 1, C4<00000000000000000000000001111111>, C4<0>, C4<0>, C4<0>;
L_0x563d4e6e9d90 .functor AND 32, L_0x563d4e6ffc10, L_0x7fe77bd7b650, C4<11111111111111111111111111111111>, C4<11111111111111111111111111111111>;
L_0x7fe77bd7b6e0 .functor BUFT 1, C4<00000000000000000111000001111111>, C4<0>, C4<0>, C4<0>;
L_0x563d4e6ea300 .functor AND 32, L_0x563d4e6ffc10, L_0x7fe77bd7b6e0, C4<11111111111111111111111111111111>, C4<11111111111111111111111111111111>;
L_0x7fe77bd7b770 .functor BUFT 1, C4<00000000000000000111000001111111>, C4<0>, C4<0>, C4<0>;
L_0x563d4e6ea530 .functor AND 32, L_0x563d4e6ffc10, L_0x7fe77bd7b770, C4<11111111111111111111111111111111>, C4<11111111111111111111111111111111>;
L_0x7fe77bd7b800 .functor BUFT 1, C4<00000000000000000111000001111111>, C4<0>, C4<0>, C4<0>;
L_0x563d4e6eaa90 .functor AND 32, L_0x563d4e6ffc10, L_0x7fe77bd7b800, C4<11111111111111111111111111111111>, C4<11111111111111111111111111111111>;
L_0x7fe77bd7b890 .functor BUFT 1, C4<00000000000000000111000001111111>, C4<0>, C4<0>, C4<0>;
L_0x563d4e6eacc0 .functor AND 32, L_0x563d4e6ffc10, L_0x7fe77bd7b890, C4<11111111111111111111111111111111>, C4<11111111111111111111111111111111>;
L_0x7fe77bd7b920 .functor BUFT 1, C4<00000000000000000111000001111111>, C4<0>, C4<0>, C4<0>;
L_0x563d4e6eb240 .functor AND 32, L_0x563d4e6ffc10, L_0x7fe77bd7b920, C4<11111111111111111111111111111111>, C4<11111111111111111111111111111111>;
L_0x7fe77bd7b9b0 .functor BUFT 1, C4<00000000000000000111000001111111>, C4<0>, C4<0>, C4<0>;
L_0x563d4e6eb470 .functor AND 32, L_0x563d4e6ffc10, L_0x7fe77bd7b9b0, C4<11111111111111111111111111111111>, C4<11111111111111111111111111111111>;
L_0x7fe77bd7ba40 .functor BUFT 1, C4<00000000000000000111000001111111>, C4<0>, C4<0>, C4<0>;
L_0x563d4e6eba40 .functor AND 32, L_0x563d4e6ffc10, L_0x7fe77bd7ba40, C4<11111111111111111111111111111111>, C4<11111111111111111111111111111111>;
L_0x7fe77bd7bad0 .functor BUFT 1, C4<00000000000000000111000001111111>, C4<0>, C4<0>, C4<0>;
L_0x563d4e6ebc70 .functor AND 32, L_0x563d4e6ffc10, L_0x7fe77bd7bad0, C4<11111111111111111111111111111111>, C4<11111111111111111111111111111111>;
L_0x7fe77bd7bb60 .functor BUFT 1, C4<00000000000000000111000001111111>, C4<0>, C4<0>, C4<0>;
L_0x563d4e6ec5a0 .functor AND 32, L_0x563d4e6ffc10, L_0x7fe77bd7bb60, C4<11111111111111111111111111111111>, C4<11111111111111111111111111111111>;
L_0x7fe77bd7bbf0 .functor BUFT 1, C4<00000000000000000111000001111111>, C4<0>, C4<0>, C4<0>;
L_0x563d4e6ec7a0 .functor AND 32, L_0x563d4e6ffc10, L_0x7fe77bd7bbf0, C4<11111111111111111111111111111111>, C4<11111111111111111111111111111111>;
L_0x7fe77bd7bc80 .functor BUFT 1, C4<00000000000000000111000001111111>, C4<0>, C4<0>, C4<0>;
L_0x563d4e6ecd80 .functor AND 32, L_0x563d4e6ffc10, L_0x7fe77bd7bc80, C4<11111111111111111111111111111111>, C4<11111111111111111111111111111111>;
L_0x7fe77bd7bd10 .functor BUFT 1, C4<00000000000000000111000001111111>, C4<0>, C4<0>, C4<0>;
L_0x563d4e6ecf80 .functor AND 32, L_0x563d4e6ffc10, L_0x7fe77bd7bd10, C4<11111111111111111111111111111111>, C4<11111111111111111111111111111111>;
L_0x7fe77bd7bda0 .functor BUFT 1, C4<00000000000000000111000001111111>, C4<0>, C4<0>, C4<0>;
L_0x563d4e6ed580 .functor AND 32, L_0x563d4e6ffc10, L_0x7fe77bd7bda0, C4<11111111111111111111111111111111>, C4<11111111111111111111111111111111>;
L_0x7fe77bd7be30 .functor BUFT 1, C4<00000000000000000111000001111111>, C4<0>, C4<0>, C4<0>;
L_0x563d4e6ed780 .functor AND 32, L_0x563d4e6ffc10, L_0x7fe77bd7be30, C4<11111111111111111111111111111111>, C4<11111111111111111111111111111111>;
L_0x7fe77bd7bec0 .functor BUFT 1, C4<00000000000000000111000001111111>, C4<0>, C4<0>, C4<0>;
L_0x563d4e6edda0 .functor AND 32, L_0x563d4e6ffc10, L_0x7fe77bd7bec0, C4<11111111111111111111111111111111>, C4<11111111111111111111111111111111>;
L_0x7fe77bd7bf50 .functor BUFT 1, C4<00000000000000000111000001111111>, C4<0>, C4<0>, C4<0>;
L_0x563d4e6edfd0 .functor AND 32, L_0x563d4e6ffc10, L_0x7fe77bd7bf50, C4<11111111111111111111111111111111>, C4<11111111111111111111111111111111>;
L_0x7fe77bd7bfe0 .functor BUFT 1, C4<11111111111111111111111111111111>, C4<0>, C4<0>, C4<0>;
L_0x563d4e6ee640 .functor AND 32, L_0x563d4e6ffc10, L_0x7fe77bd7bfe0, C4<11111111111111111111111111111111>, C4<11111111111111111111111111111111>;
L_0x7fe77bd7c070 .functor BUFT 1, C4<11111111111111111111111111111111>, C4<0>, C4<0>, C4<0>;
L_0x563d4e6ee870 .functor AND 32, L_0x563d4e6ffc10, L_0x7fe77bd7c070, C4<11111111111111111111111111111111>, C4<11111111111111111111111111111111>;
L_0x7fe77bd7c100 .functor BUFT 1, C4<11011111111111111111111111111111>, C4<0>, C4<0>, C4<0>;
L_0x563d4e6eef00 .functor AND 32, L_0x563d4e6ffc10, L_0x7fe77bd7c100, C4<11111111111111111111111111111111>, C4<11111111111111111111111111111111>;
L_0x7fe77bd7c190 .functor BUFT 1, C4<00000000000000000111000001111111>, C4<0>, C4<0>, C4<0>;
L_0x563d4e6ef130 .functor AND 32, L_0x563d4e6ffc10, L_0x7fe77bd7c190, C4<11111111111111111111111111111111>, C4<11111111111111111111111111111111>;
L_0x7fe77bd7c220 .functor BUFT 1, C4<00000000000000000111000001111111>, C4<0>, C4<0>, C4<0>;
L_0x563d4e6ef7e0 .functor AND 32, L_0x563d4e6ffc10, L_0x7fe77bd7c220, C4<11111111111111111111111111111111>, C4<11111111111111111111111111111111>;
L_0x7fe77bd7c2b0 .functor BUFT 1, C4<00000000000000000111000001111111>, C4<0>, C4<0>, C4<0>;
L_0x563d4e6ef9e0 .functor AND 32, L_0x563d4e6ffc10, L_0x7fe77bd7c2b0, C4<11111111111111111111111111111111>, C4<11111111111111111111111111111111>;
L_0x7fe77bd7c340 .functor BUFT 1, C4<00000000000000000111000001111111>, C4<0>, C4<0>, C4<0>;
L_0x563d4e6f0080 .functor AND 32, L_0x563d4e6ffc10, L_0x7fe77bd7c340, C4<11111111111111111111111111111111>, C4<11111111111111111111111111111111>;
L_0x7fe77bd7c3d0 .functor BUFT 1, C4<00000000000000000111000001111111>, C4<0>, C4<0>, C4<0>;
L_0x563d4e6f0280 .functor AND 32, L_0x563d4e6ffc10, L_0x7fe77bd7c3d0, C4<11111111111111111111111111111111>, C4<11111111111111111111111111111111>;
L_0x7fe77bd7c460 .functor BUFT 1, C4<00000000000000000111000001111111>, C4<0>, C4<0>, C4<0>;
L_0x563d4e6f10b0 .functor AND 32, L_0x563d4e6ffc10, L_0x7fe77bd7c460, C4<11111111111111111111111111111111>, C4<11111111111111111111111111111111>;
L_0x7fe77bd7c4f0 .functor BUFT 1, C4<11111110000000000111000001111111>, C4<0>, C4<0>, C4<0>;
L_0x563d4e6f12b0 .functor AND 32, L_0x563d4e6ffc10, L_0x7fe77bd7c4f0, C4<11111111111111111111111111111111>, C4<11111111111111111111111111111111>;
L_0x7fe77bd7c580 .functor BUFT 1, C4<11111110000000000111000001111111>, C4<0>, C4<0>, C4<0>;
L_0x563d4e6f1990 .functor AND 32, L_0x563d4e6ffc10, L_0x7fe77bd7c580, C4<11111111111111111111111111111111>, C4<11111111111111111111111111111111>;
L_0x7fe77bd7c610 .functor BUFT 1, C4<11111110000000000111000001111111>, C4<0>, C4<0>, C4<0>;
L_0x563d4e6f1b90 .functor AND 32, L_0x563d4e6ffc10, L_0x7fe77bd7c610, C4<11111111111111111111111111111111>, C4<11111111111111111111111111111111>;
L_0x7fe77bd7c6a0 .functor BUFT 1, C4<11111110000000000111000001111111>, C4<0>, C4<0>, C4<0>;
L_0x563d4e6f2290 .functor AND 32, L_0x563d4e6ffc10, L_0x7fe77bd7c6a0, C4<11111111111111111111111111111111>, C4<11111111111111111111111111111111>;
L_0x7fe77bd7c730 .functor BUFT 1, C4<11111110000000000111000001111111>, C4<0>, C4<0>, C4<0>;
L_0x563d4e6f2490 .functor AND 32, L_0x563d4e6ffc10, L_0x7fe77bd7c730, C4<11111111111111111111111111111111>, C4<11111111111111111111111111111111>;
L_0x7fe77bd7c7c0 .functor BUFT 1, C4<11111110000000000111000001111111>, C4<0>, C4<0>, C4<0>;
L_0x563d4e6f2be0 .functor AND 32, L_0x563d4e6ffc10, L_0x7fe77bd7c7c0, C4<11111111111111111111111111111111>, C4<11111111111111111111111111111111>;
L_0x7fe77bd7c850 .functor BUFT 1, C4<11111110000000000111000001111111>, C4<0>, C4<0>, C4<0>;
L_0x563d4e6f2e10 .functor AND 32, L_0x563d4e6ffc10, L_0x7fe77bd7c850, C4<11111111111111111111111111111111>, C4<11111111111111111111111111111111>;
L_0x7fe77bd7c8e0 .functor BUFT 1, C4<11111110000000000111000001111111>, C4<0>, C4<0>, C4<0>;
L_0x563d4e6f3580 .functor AND 32, L_0x563d4e6ffc10, L_0x7fe77bd7c8e0, C4<11111111111111111111111111111111>, C4<11111111111111111111111111111111>;
L_0x7fe77bd7c970 .functor BUFT 1, C4<11111110000000000000000001111111>, C4<0>, C4<0>, C4<0>;
L_0x563d4e6f37b0 .functor AND 32, L_0x563d4e6ffc10, L_0x7fe77bd7c970, C4<11111111111111111111111111111111>, C4<11111111111111111111111111111111>;
L_0x7fe77bd7ca00 .functor BUFT 1, C4<11111110000000000000000001111111>, C4<0>, C4<0>, C4<0>;
L_0x563d4e6f3f40 .functor AND 32, L_0x563d4e6ffc10, L_0x7fe77bd7ca00, C4<11111111111111111111111111111111>, C4<11111111111111111111111111111111>;
L_0x7fe77bd7cad8 .functor BUFT 1, C4<11111111111111111000111111111111>, C4<0>, C4<0>, C4<0>;
L_0x563d4e6f56d0 .functor AND 32, L_0x563d4e6ffc10, L_0x7fe77bd7cad8, C4<11111111111111111111111111111111>, C4<11111111111111111111111111111111>;
L_0x7fe77bd7cb68 .functor BUFT 1, C4<00000000000000000111000001111111>, C4<0>, C4<0>, C4<0>;
L_0x563d4e6f5bb0 .functor AND 32, L_0x563d4e6ffc10, L_0x7fe77bd7cb68, C4<11111111111111111111111111111111>, C4<11111111111111111111111111111111>;
L_0x563d4e6f6060 .functor OR 1, L_0x563d4e6f5a70, L_0x563d4e6f5c70, C4<0>, C4<0>;
L_0x7fe77bd7cbf8 .functor BUFT 1, C4<11111110000000000111111111111111>, C4<0>, C4<0>, C4<0>;
L_0x563d4e6f6460 .functor AND 32, L_0x563d4e6ffc10, L_0x7fe77bd7cbf8, C4<11111111111111111111111111111111>, C4<11111111111111111111111111111111>;
L_0x563d4e6f6660 .functor OR 1, L_0x563d4e6f6060, L_0x563d4e6f6520, C4<0>, C4<0>;
L_0x7fe77bd7cc88 .functor BUFT 1, C4<00000000000000000111000001111111>, C4<0>, C4<0>, C4<0>;
L_0x563d4e6f6a70 .functor AND 32, L_0x563d4e6ffc10, L_0x7fe77bd7cc88, C4<11111111111111111111111111111111>, C4<11111111111111111111111111111111>;
L_0x563d4e6f6f30 .functor OR 1, L_0x563d4e6f6660, L_0x563d4e6f6b30, C4<0>, C4<0>;
L_0x563d4e6f7800 .functor NOT 1, L_0x563d4e6f7440, C4<0>, C4<0>, C4<0>;
L_0x563d4e6f78c0 .functor NOT 1, L_0x563d4e6f6f30, C4<0>, C4<0>, C4<0>;
L_0x563d4e6f7ca0 .functor AND 1, L_0x563d4e6f7800, L_0x563d4e6f78c0, C4<1>, C4<1>;
L_0x563d4e6f81c0 .functor BUFZ 32, v0x563d4e68f710_0, C4<00000000000000000000000000000000>, C4<00000000000000000000000000000000>, C4<00000000000000000000000000000000>;
L_0x563d4e6f9240 .functor AND 1, v0x563d4e690630_0, L_0x563d4e6f8eb0, C4<1>, C4<1>;
L_0x563d4e6f9350 .functor AND 1, L_0x563d4e6f9240, L_0x563d4e6f92b0, C4<1>, C4<1>;
L_0x563d4e6f9b60 .functor AND 1, L_0x563d4e6f9350, L_0x563d4e6f97c0, C4<1>, C4<1>;
L_0x563d4e6f9cc0 .functor AND 1, v0x563d4e690630_0, L_0x563d4e6f9c20, C4<1>, C4<1>;
L_0x563d4e6fa4f0 .functor AND 1, L_0x563d4e6f9cc0, L_0x563d4e6fa140, C4<1>, C4<1>;
L_0x563d4e6fa6a0 .functor AND 1, L_0x563d4e6fa4f0, L_0x563d4e6fa600, C4<1>, C4<1>;
L_0x563d4e6faef0 .functor AND 1, v0x563d4e690630_0, L_0x563d4e6fab30, C4<1>, C4<1>;
L_0x563d4e6fb050 .functor AND 1, L_0x563d4e6faef0, L_0x563d4e6fafb0, C4<1>, C4<1>;
L_0x563d4e6fb8c0 .functor AND 1, L_0x563d4e6fb050, L_0x563d4e6fb4f0, C4<1>, C4<1>;
L_0x563d4e6fba70 .functor AND 1, v0x563d4e690630_0, L_0x563d4e6fb9d0, C4<1>, C4<1>;
L_0x563d4e6fc260 .functor AND 1, L_0x563d4e6fba70, L_0x563d4e6fbe80, C4<1>, C4<1>;
L_0x563d4e6fc410 .functor AND 1, L_0x563d4e6fc260, L_0x563d4e6fc370, C4<1>, C4<1>;
L_0x563d4e6fc910 .functor OR 1, L_0x563d4e5cff30, v0x563d4e637850_0, C4<0>, C4<0>;
L_0x563d4e6fd330 .functor AND 1, L_0x563d4e6fce90, L_0x563d4e6fcf30, C4<1>, C4<1>;
L_0x563d4e6fd850 .functor AND 1, L_0x563d4e6fd330, L_0x563d4e6fd7b0, C4<1>, C4<1>;
L_0x563d4e6fde80 .functor AND 1, L_0x563d4e6fd850, L_0x563d4e6fd960, C4<1>, C4<1>;
L_0x563d4e6fe400 .functor AND 1, L_0x563d4e6fde80, L_0x563d4e6fe360, C4<1>, C4<1>;
L_0x563d4e6fe510 .functor OR 1, v0x563d4e637850_0, L_0x563d4e6fe400, C4<0>, C4<0>;
v0x563d4e64dfc0_0 .net *"_ivl_1", 0 0, L_0x563d4e6e1ae0;  1 drivers
v0x563d4e64e0a0_0 .net *"_ivl_10", 4 0, L_0x563d4e6e2010;  1 drivers
v0x563d4e642c60_0 .net *"_ivl_101", 0 0, L_0x563d4e6e5610;  1 drivers
v0x563d4e642d20_0 .net *"_ivl_103", 0 0, L_0x563d4e6e5310;  1 drivers
v0x563d4e64dac0_0 .net *"_ivl_105", 0 0, L_0x563d4e6e5910;  1 drivers
v0x563d4e64d780_0 .net *"_ivl_107", 0 0, L_0x563d4e6e59b0;  1 drivers
v0x563d4e64d840_0 .net *"_ivl_109", 0 0, L_0x563d4e6e5ac0;  1 drivers
v0x563d4e64d440_0 .net/2u *"_ivl_114", 31 0, L_0x7fe77bd7aa80;  1 drivers
v0x563d4e64d520_0 .net *"_ivl_116", 31 0, L_0x563d4e6e5d90;  1 drivers
L_0x7fe77bd7aac8 .functor BUFT 1, C4<00000000000000000111000000010011>, C4<0>, C4<0>, C4<0>;
v0x563d4e64d100_0 .net/2u *"_ivl_118", 31 0, L_0x7fe77bd7aac8;  1 drivers
v0x563d4e64d1e0_0 .net *"_ivl_120", 0 0, L_0x563d4e6e5e50;  1 drivers
v0x563d4e64cdc0_0 .net/2u *"_ivl_124", 31 0, L_0x7fe77bd7ab10;  1 drivers
v0x563d4e64cea0_0 .net *"_ivl_126", 31 0, L_0x563d4e6e5f90;  1 drivers
L_0x7fe77bd7ab58 .functor BUFT 1, C4<00000000000000000000000000010011>, C4<0>, C4<0>, C4<0>;
v0x563d4e5ac350_0 .net/2u *"_ivl_128", 31 0, L_0x7fe77bd7ab58;  1 drivers
v0x563d4e5ac430_0 .net *"_ivl_130", 0 0, L_0x563d4e6e6120;  1 drivers
v0x563d4e5abf70_0 .net/2u *"_ivl_134", 31 0, L_0x7fe77bd7aba0;  1 drivers
v0x563d4e5ac050_0 .net *"_ivl_136", 31 0, L_0x563d4e6e5b60;  1 drivers
L_0x7fe77bd7abe8 .functor BUFT 1, C4<00000000000000000010000000010011>, C4<0>, C4<0>, C4<0>;
v0x563d4e508e60_0 .net/2u *"_ivl_138", 31 0, L_0x7fe77bd7abe8;  1 drivers
v0x563d4e508f40_0 .net *"_ivl_14", 0 0, L_0x563d4e6e2270;  1 drivers
v0x563d4e508ab0_0 .net *"_ivl_140", 0 0, L_0x563d4e6e6340;  1 drivers
v0x563d4e508b70_0 .net/2u *"_ivl_144", 31 0, L_0x7fe77bd7ac30;  1 drivers
v0x563d4e506310_0 .net *"_ivl_146", 31 0, L_0x563d4e6e6480;  1 drivers
L_0x7fe77bd7ac78 .functor BUFT 1, C4<00000000000000000011000000010011>, C4<0>, C4<0>, C4<0>;
v0x563d4e5063f0_0 .net/2u *"_ivl_148", 31 0, L_0x7fe77bd7ac78;  1 drivers
v0x563d4e506020_0 .net *"_ivl_150", 0 0, L_0x563d4e6e6000;  1 drivers
v0x563d4e5060e0_0 .net/2u *"_ivl_154", 31 0, L_0x7fe77bd7acc0;  1 drivers
v0x563d4e514360_0 .net *"_ivl_156", 31 0, L_0x563d4e6e6260;  1 drivers
L_0x7fe77bd7ad08 .functor BUFT 1, C4<00000000000000000110000000010011>, C4<0>, C4<0>, C4<0>;
v0x563d4e514440_0 .net/2u *"_ivl_158", 31 0, L_0x7fe77bd7ad08;  1 drivers
v0x563d4e513fc0_0 .net *"_ivl_16", 4 0, L_0x563d4e6e2370;  1 drivers
v0x563d4e512000_0 .net *"_ivl_160", 0 0, L_0x563d4e6e67b0;  1 drivers
v0x563d4e5120c0_0 .net/2u *"_ivl_164", 31 0, L_0x7fe77bd7ad50;  1 drivers
v0x563d4e511c50_0 .net *"_ivl_166", 31 0, L_0x563d4e6e68f0;  1 drivers
L_0x7fe77bd7ad98 .functor BUFT 1, C4<00000000000000000100000000010011>, C4<0>, C4<0>, C4<0>;
v0x563d4e511d30_0 .net/2u *"_ivl_168", 31 0, L_0x7fe77bd7ad98;  1 drivers
v0x563d4e5118a0_0 .net *"_ivl_170", 0 0, L_0x563d4e6e6af0;  1 drivers
v0x563d4e38f580_0 .net/2u *"_ivl_174", 31 0, L_0x7fe77bd7ade0;  1 drivers
v0x563d4e38f660_0 .net *"_ivl_176", 31 0, L_0x563d4e6e6d30;  1 drivers
L_0x7fe77bd7ae28 .functor BUFT 1, C4<00000000000000000001000000010011>, C4<0>, C4<0>, C4<0>;
v0x563d4e38f740_0 .net/2u *"_ivl_178", 31 0, L_0x7fe77bd7ae28;  1 drivers
v0x563d4e511960_0 .net *"_ivl_180", 0 0, L_0x563d4e6e6df0;  1 drivers
v0x563d4e5114f0_0 .net/2u *"_ivl_184", 31 0, L_0x7fe77bd7ae70;  1 drivers
v0x563d4e5115d0_0 .net *"_ivl_186", 31 0, L_0x563d4e6e6f30;  1 drivers
L_0x7fe77bd7aeb8 .functor BUFT 1, C4<00000000000000000101000000010011>, C4<0>, C4<0>, C4<0>;
v0x563d4e511180_0 .net/2u *"_ivl_188", 31 0, L_0x7fe77bd7aeb8;  1 drivers
v0x563d4e510d90_0 .net *"_ivl_190", 0 0, L_0x563d4e6e7140;  1 drivers
v0x563d4e510e50_0 .net/2u *"_ivl_194", 31 0, L_0x7fe77bd7af00;  1 drivers
v0x563d4e5109e0_0 .net *"_ivl_196", 31 0, L_0x563d4e6e7390;  1 drivers
L_0x7fe77bd7af48 .functor BUFT 1, C4<01000000000000000101000000010011>, C4<0>, C4<0>, C4<0>;
v0x563d4e510ac0_0 .net/2u *"_ivl_198", 31 0, L_0x7fe77bd7af48;  1 drivers
v0x563d4e510630_0 .net *"_ivl_20", 0 0, L_0x563d4e6e25f0;  1 drivers
v0x563d4e510710_0 .net *"_ivl_200", 0 0, L_0x563d4e6e7450;  1 drivers
v0x563d4e5102a0_0 .net/2u *"_ivl_204", 31 0, L_0x7fe77bd7af90;  1 drivers
v0x563d4e50c960_0 .net *"_ivl_206", 31 0, L_0x563d4e6e7590;  1 drivers
L_0x7fe77bd7afd8 .functor BUFT 1, C4<00000000000000000000000000110111>, C4<0>, C4<0>, C4<0>;
v0x563d4e50ca40_0 .net/2u *"_ivl_208", 31 0, L_0x7fe77bd7afd8;  1 drivers
v0x563d4e50c5e0_0 .net *"_ivl_210", 0 0, L_0x563d4e6e77b0;  1 drivers
v0x563d4e50c6a0_0 .net/2u *"_ivl_214", 31 0, L_0x7fe77bd7b020;  1 drivers
v0x563d4e50c290_0 .net *"_ivl_216", 31 0, L_0x563d4e6e7a10;  1 drivers
L_0x7fe77bd7b068 .functor BUFT 1, C4<00000000000000000000000000010111>, C4<0>, C4<0>, C4<0>;
v0x563d4e50c370_0 .net/2u *"_ivl_218", 31 0, L_0x7fe77bd7b068;  1 drivers
v0x563d4e4fe6c0_0 .net *"_ivl_22", 4 0, L_0x563d4e6e26f0;  1 drivers
v0x563d4e50ad70_0 .net *"_ivl_220", 0 0, L_0x563d4e6e7ad0;  1 drivers
v0x563d4e50ae30_0 .net/2u *"_ivl_224", 31 0, L_0x7fe77bd7b0b0;  1 drivers
v0x563d4e538530_0 .net *"_ivl_226", 31 0, L_0x563d4e6e7c10;  1 drivers
L_0x7fe77bd7b0f8 .functor BUFT 1, C4<00000000000000000000000000110011>, C4<0>, C4<0>, C4<0>;
v0x563d4e538610_0 .net/2u *"_ivl_228", 31 0, L_0x7fe77bd7b0f8;  1 drivers
v0x563d4e538150_0 .net *"_ivl_230", 0 0, L_0x563d4e6e7e40;  1 drivers
v0x563d4e538210_0 .net/2u *"_ivl_234", 31 0, L_0x7fe77bd7b140;  1 drivers
v0x563d4e537d70_0 .net *"_ivl_236", 31 0, L_0x563d4e6e78f0;  1 drivers
L_0x7fe77bd7b188 .functor BUFT 1, C4<01000000000000000000000000110011>, C4<0>, C4<0>, C4<0>;
v0x563d4e537e50_0 .net/2u *"_ivl_238", 31 0, L_0x7fe77bd7b188;  1 drivers
v0x563d4e5379d0_0 .net *"_ivl_240", 0 0, L_0x563d4e6e80b0;  1 drivers
v0x563d4e5375b0_0 .net/2u *"_ivl_244", 31 0, L_0x7fe77bd7b1d0;  1 drivers
v0x563d4e537690_0 .net *"_ivl_246", 31 0, L_0x563d4e6e81a0;  1 drivers
L_0x7fe77bd7b218 .functor BUFT 1, C4<00000000000000000010000000110011>, C4<0>, C4<0>, C4<0>;
v0x563d4e5371d0_0 .net/2u *"_ivl_248", 31 0, L_0x7fe77bd7b218;  1 drivers
v0x563d4e5372b0_0 .net *"_ivl_250", 0 0, L_0x563d4e6e83e0;  1 drivers
v0x563d4e536df0_0 .net/2u *"_ivl_254", 31 0, L_0x7fe77bd7b260;  1 drivers
v0x563d4e536ed0_0 .net *"_ivl_256", 31 0, L_0x563d4e6e8660;  1 drivers
L_0x7fe77bd7b2a8 .functor BUFT 1, C4<00000000000000000011000000110011>, C4<0>, C4<0>, C4<0>;
v0x563d4e536ac0_0 .net/2u *"_ivl_258", 31 0, L_0x7fe77bd7b2a8;  1 drivers
v0x563d4e53e900_0 .net *"_ivl_26", 0 0, L_0x563d4e6e2920;  1 drivers
v0x563d4e53e9e0_0 .net *"_ivl_260", 0 0, L_0x563d4e6e8720;  1 drivers
v0x563d4e53e520_0 .net/2u *"_ivl_264", 31 0, L_0x7fe77bd7b2f0;  1 drivers
v0x563d4e53e600_0 .net *"_ivl_266", 31 0, L_0x563d4e6e8860;  1 drivers
L_0x7fe77bd7b338 .functor BUFT 1, C4<00000000000000000100000000110011>, C4<0>, C4<0>, C4<0>;
v0x563d4e53e140_0 .net/2u *"_ivl_268", 31 0, L_0x7fe77bd7b338;  1 drivers
v0x563d4e53e220_0 .net *"_ivl_270", 0 0, L_0x563d4e6e8ab0;  1 drivers
v0x563d4e53dd90_0 .net/2u *"_ivl_274", 31 0, L_0x7fe77bd7b380;  1 drivers
v0x563d4e53de70_0 .net *"_ivl_276", 31 0, L_0x563d4e6e8d40;  1 drivers
L_0x7fe77bd7b3c8 .functor BUFT 1, C4<00000000000000000110000000110011>, C4<0>, C4<0>, C4<0>;
v0x563d4e53da20_0 .net/2u *"_ivl_278", 31 0, L_0x7fe77bd7b3c8;  1 drivers
v0x563d4e53d600_0 .net *"_ivl_28", 4 0, L_0x563d4e6e2a20;  1 drivers
v0x563d4e53d6e0_0 .net *"_ivl_280", 0 0, L_0x563d4e6e8e00;  1 drivers
v0x563d4e53a310_0 .net/2u *"_ivl_284", 31 0, L_0x7fe77bd7b410;  1 drivers
v0x563d4e53a3f0_0 .net *"_ivl_286", 31 0, L_0x563d4e6e8f40;  1 drivers
L_0x7fe77bd7b458 .functor BUFT 1, C4<00000000000000000111000000110011>, C4<0>, C4<0>, C4<0>;
v0x563d4e4e21d0_0 .net/2u *"_ivl_288", 31 0, L_0x7fe77bd7b458;  1 drivers
v0x563d4e4e22b0_0 .net *"_ivl_290", 0 0, L_0x563d4e6e91a0;  1 drivers
v0x563d4e4e2c00_0 .net/2u *"_ivl_294", 31 0, L_0x7fe77bd7b4a0;  1 drivers
v0x563d4e627f40_0 .net *"_ivl_296", 31 0, L_0x563d4e6e9440;  1 drivers
L_0x7fe77bd7b4e8 .functor BUFT 1, C4<00000000000000000001000000110011>, C4<0>, C4<0>, C4<0>;
v0x563d4e628020_0 .net/2u *"_ivl_298", 31 0, L_0x7fe77bd7b4e8;  1 drivers
v0x563d4e627c90_0 .net *"_ivl_3", 0 0, L_0x563d4e6e1c10;  1 drivers
v0x563d4e627d50_0 .net *"_ivl_300", 0 0, L_0x563d4e6e9500;  1 drivers
v0x563d4e626d70_0 .net/2u *"_ivl_304", 31 0, L_0x7fe77bd7b530;  1 drivers
v0x563d4e626e50_0 .net *"_ivl_306", 31 0, L_0x563d4e6e9670;  1 drivers
L_0x7fe77bd7b578 .functor BUFT 1, C4<00000000000000000101000000110011>, C4<0>, C4<0>, C4<0>;
v0x563d4e5bb5c0_0 .net/2u *"_ivl_308", 31 0, L_0x7fe77bd7b578;  1 drivers
v0x563d4e5bb6a0_0 .net *"_ivl_310", 0 0, L_0x563d4e6e98e0;  1 drivers
v0x563d4e5bb200_0 .net/2u *"_ivl_314", 31 0, L_0x7fe77bd7b5c0;  1 drivers
v0x563d4e567050_0 .net *"_ivl_316", 31 0, L_0x563d4e6e9b90;  1 drivers
L_0x7fe77bd7b608 .functor BUFT 1, C4<01000000000000000101000000110011>, C4<0>, C4<0>, C4<0>;
v0x563d4e567130_0 .net/2u *"_ivl_318", 31 0, L_0x7fe77bd7b608;  1 drivers
v0x563d4e566c70_0 .net *"_ivl_320", 0 0, L_0x563d4e6e9c50;  1 drivers
v0x563d4e566d30_0 .net/2u *"_ivl_324", 31 0, L_0x7fe77bd7b650;  1 drivers
v0x563d4e565c70_0 .net *"_ivl_326", 31 0, L_0x563d4e6e9d90;  1 drivers
L_0x7fe77bd7b698 .functor BUFT 1, C4<00000000000000000000000001101111>, C4<0>, C4<0>, C4<0>;
v0x563d4e565d50_0 .net/2u *"_ivl_328", 31 0, L_0x7fe77bd7b698;  1 drivers
v0x563d4e565910_0 .net *"_ivl_330", 0 0, L_0x563d4e6ea010;  1 drivers
v0x563d4e5659d0_0 .net/2u *"_ivl_334", 31 0, L_0x7fe77bd7b6e0;  1 drivers
v0x563d4e52bfa0_0 .net *"_ivl_336", 31 0, L_0x563d4e6ea300;  1 drivers
L_0x7fe77bd7b728 .functor BUFT 1, C4<00000000000000000000000001100111>, C4<0>, C4<0>, C4<0>;
v0x563d4e52b360_0 .net/2u *"_ivl_338", 31 0, L_0x7fe77bd7b728;  1 drivers
v0x563d4e52b440_0 .net *"_ivl_340", 0 0, L_0x563d4e6ea3c0;  1 drivers
v0x563d4e52afe0_0 .net/2u *"_ivl_344", 31 0, L_0x7fe77bd7b770;  1 drivers
v0x563d4e52b0c0_0 .net *"_ivl_346", 31 0, L_0x563d4e6ea530;  1 drivers
L_0x7fe77bd7b7b8 .functor BUFT 1, C4<00000000000000000000000001100011>, C4<0>, C4<0>, C4<0>;
v0x563d4e529d10_0 .net/2u *"_ivl_348", 31 0, L_0x7fe77bd7b7b8;  1 drivers
v0x563d4e529df0_0 .net *"_ivl_35", 0 0, L_0x563d4e6e2e40;  1 drivers
v0x563d4e531390_0 .net *"_ivl_350", 0 0, L_0x563d4e6ea7c0;  1 drivers
v0x563d4e5b78d0_0 .net/2u *"_ivl_354", 31 0, L_0x7fe77bd7b800;  1 drivers
v0x563d4e5b79b0_0 .net *"_ivl_356", 31 0, L_0x563d4e6eaa90;  1 drivers
L_0x7fe77bd7b848 .functor BUFT 1, C4<00000000000000000001000001100011>, C4<0>, C4<0>, C4<0>;
v0x563d4e568080_0 .net/2u *"_ivl_358", 31 0, L_0x7fe77bd7b848;  1 drivers
v0x563d4e568160_0 .net *"_ivl_360", 0 0, L_0x563d4e6eab50;  1 drivers
v0x563d4e659a50_0 .net/2u *"_ivl_364", 31 0, L_0x7fe77bd7b890;  1 drivers
v0x563d4e659b30_0 .net *"_ivl_366", 31 0, L_0x563d4e6eacc0;  1 drivers
L_0x7fe77bd7b8d8 .functor BUFT 1, C4<00000000000000000100000001100011>, C4<0>, C4<0>, C4<0>;
v0x563d4e65ba10_0 .net/2u *"_ivl_368", 31 0, L_0x7fe77bd7b8d8;  1 drivers
v0x563d4e65baf0_0 .net *"_ivl_37", 0 0, L_0x563d4e6e2ee0;  1 drivers
v0x563d4e517140_0 .net *"_ivl_370", 0 0, L_0x563d4e6eaf60;  1 drivers
v0x563d4e517200_0 .net/2u *"_ivl_374", 31 0, L_0x7fe77bd7b920;  1 drivers
v0x563d4e63f840_0 .net *"_ivl_376", 31 0, L_0x563d4e6eb240;  1 drivers
L_0x7fe77bd7b968 .functor BUFT 1, C4<00000000000000000101000001100011>, C4<0>, C4<0>, C4<0>;
v0x563d4e63f920_0 .net/2u *"_ivl_378", 31 0, L_0x7fe77bd7b968;  1 drivers
v0x563d4e63ffa0_0 .net *"_ivl_380", 0 0, L_0x563d4e6eb300;  1 drivers
v0x563d4e640060_0 .net/2u *"_ivl_384", 31 0, L_0x7fe77bd7b9b0;  1 drivers
v0x563d4e640860_0 .net *"_ivl_386", 31 0, L_0x563d4e6eb470;  1 drivers
L_0x7fe77bd7b9f8 .functor BUFT 1, C4<00000000000000000110000001100011>, C4<0>, C4<0>, C4<0>;
v0x563d4e632040_0 .net/2u *"_ivl_388", 31 0, L_0x7fe77bd7b9f8;  1 drivers
v0x563d4e632120_0 .net *"_ivl_39", 0 0, L_0x563d4e6e2fc0;  1 drivers
v0x563d4e5aa960_0 .net *"_ivl_390", 0 0, L_0x563d4e6eb720;  1 drivers
v0x563d4e5aaa00_0 .net/2u *"_ivl_394", 31 0, L_0x7fe77bd7ba40;  1 drivers
v0x563d4e5a9e60_0 .net *"_ivl_396", 31 0, L_0x563d4e6eba40;  1 drivers
L_0x7fe77bd7ba88 .functor BUFT 1, C4<00000000000000000111000001100011>, C4<0>, C4<0>, C4<0>;
v0x563d4e5a9f20_0 .net/2u *"_ivl_398", 31 0, L_0x7fe77bd7ba88;  1 drivers
v0x563d4e508630_0 .net *"_ivl_400", 0 0, L_0x563d4e6ebb00;  1 drivers
v0x563d4e5086f0_0 .net/2u *"_ivl_404", 31 0, L_0x7fe77bd7bad0;  1 drivers
v0x563d4e505b30_0 .net *"_ivl_406", 31 0, L_0x563d4e6ebc70;  1 drivers
L_0x7fe77bd7bb18 .functor BUFT 1, C4<00000000000000000000000000000011>, C4<0>, C4<0>, C4<0>;
v0x563d4e505c10_0 .net/2u *"_ivl_408", 31 0, L_0x7fe77bd7bb18;  1 drivers
v0x563d4e504690_0 .net *"_ivl_41", 0 0, L_0x563d4e6e3080;  1 drivers
v0x563d4e504770_0 .net *"_ivl_410", 0 0, L_0x563d4e6ec2f0;  1 drivers
v0x563d4e502b20_0 .net/2u *"_ivl_414", 31 0, L_0x7fe77bd7bb60;  1 drivers
v0x563d4e502c00_0 .net *"_ivl_416", 31 0, L_0x563d4e6ec5a0;  1 drivers
L_0x7fe77bd7bba8 .functor BUFT 1, C4<00000000000000000001000000000011>, C4<0>, C4<0>, C4<0>;
v0x563d4e5018f0_0 .net/2u *"_ivl_418", 31 0, L_0x7fe77bd7bba8;  1 drivers
v0x563d4e5019b0_0 .net *"_ivl_420", 0 0, L_0x563d4e6ec660;  1 drivers
v0x563d4e500da0_0 .net/2u *"_ivl_424", 31 0, L_0x7fe77bd7bbf0;  1 drivers
v0x563d4e500e60_0 .net *"_ivl_426", 31 0, L_0x563d4e6ec7a0;  1 drivers
L_0x7fe77bd7bc38 .functor BUFT 1, C4<00000000000000000010000000000011>, C4<0>, C4<0>, C4<0>;
v0x563d4e5139d0_0 .net/2u *"_ivl_428", 31 0, L_0x7fe77bd7bc38;  1 drivers
v0x563d4e513ab0_0 .net *"_ivl_43", 0 0, L_0x563d4e6e2c80;  1 drivers
v0x563d4e50fe00_0 .net *"_ivl_430", 0 0, L_0x563d4e6eca70;  1 drivers
v0x563d4e50fec0_0 .net/2u *"_ivl_434", 31 0, L_0x7fe77bd7bc80;  1 drivers
v0x563d4e50ebd0_0 .net *"_ivl_436", 31 0, L_0x563d4e6ecd80;  1 drivers
L_0x7fe77bd7bcc8 .functor BUFT 1, C4<00000000000000000100000000000011>, C4<0>, C4<0>, C4<0>;
v0x563d4e50ecb0_0 .net/2u *"_ivl_438", 31 0, L_0x7fe77bd7bcc8;  1 drivers
v0x563d4e50d7b0_0 .net *"_ivl_440", 0 0, L_0x563d4e6ece40;  1 drivers
v0x563d4e50d870_0 .net/2u *"_ivl_444", 31 0, L_0x7fe77bd7bd10;  1 drivers
v0x563d4e50bd60_0 .net *"_ivl_446", 31 0, L_0x563d4e6ecf80;  1 drivers
L_0x7fe77bd7bd58 .functor BUFT 1, C4<00000000000000000101000000000011>, C4<0>, C4<0>, C4<0>;
v0x563d4e50be40_0 .net/2u *"_ivl_448", 31 0, L_0x7fe77bd7bd58;  1 drivers
v0x563d4e50a480_0 .net *"_ivl_45", 0 0, L_0x563d4e6e31c0;  1 drivers
v0x563d4e53d150_0 .net *"_ivl_450", 0 0, L_0x563d4e6ed260;  1 drivers
v0x563d4e53d210_0 .net/2u *"_ivl_454", 31 0, L_0x7fe77bd7bda0;  1 drivers
v0x563d4e53b9e0_0 .net *"_ivl_456", 31 0, L_0x563d4e6ed580;  1 drivers
L_0x7fe77bd7bde8 .functor BUFT 1, C4<00000000000000000110000000000011>, C4<0>, C4<0>, C4<0>;
v0x563d4e53bac0_0 .net/2u *"_ivl_458", 31 0, L_0x7fe77bd7bde8;  1 drivers
v0x563d4e63b570_0 .net *"_ivl_460", 0 0, L_0x563d4e6ed640;  1 drivers
v0x563d4e63b630_0 .net/2u *"_ivl_464", 31 0, L_0x7fe77bd7be30;  1 drivers
v0x563d4e639850_0 .net *"_ivl_466", 31 0, L_0x563d4e6ed780;  1 drivers
L_0x7fe77bd7be78 .functor BUFT 1, C4<00000000000000000000000000100011>, C4<0>, C4<0>, C4<0>;
v0x563d4e639930_0 .net/2u *"_ivl_468", 31 0, L_0x7fe77bd7be78;  1 drivers
v0x563d4e627a50_0 .net *"_ivl_47", 0 0, L_0x563d4e6e32b0;  1 drivers
v0x563d4e627b10_0 .net *"_ivl_470", 0 0, L_0x563d4e6eda70;  1 drivers
v0x563d4e627710_0 .net/2u *"_ivl_474", 31 0, L_0x7fe77bd7bec0;  1 drivers
v0x563d4e6277d0_0 .net *"_ivl_476", 31 0, L_0x563d4e6edda0;  1 drivers
L_0x7fe77bd7bf08 .functor BUFT 1, C4<00000000000000000001000000100011>, C4<0>, C4<0>, C4<0>;
v0x563d4e6268f0_0 .net/2u *"_ivl_478", 31 0, L_0x7fe77bd7bf08;  1 drivers
v0x563d4e6269d0_0 .net *"_ivl_480", 0 0, L_0x563d4e6ede60;  1 drivers
v0x563d4e6257a0_0 .net/2u *"_ivl_484", 31 0, L_0x7fe77bd7bf50;  1 drivers
v0x563d4e625880_0 .net *"_ivl_486", 31 0, L_0x563d4e6edfd0;  1 drivers
L_0x7fe77bd7bf98 .functor BUFT 1, C4<00000000000000000010000000100011>, C4<0>, C4<0>, C4<0>;
v0x563d4e5babc0_0 .net/2u *"_ivl_488", 31 0, L_0x7fe77bd7bf98;  1 drivers
v0x563d4e5bac80_0 .net *"_ivl_49", 0 0, L_0x563d4e6e3450;  1 drivers
v0x563d4e5b9eb0_0 .net *"_ivl_490", 0 0, L_0x563d4e6ee2d0;  1 drivers
v0x563d4e5b9f70_0 .net/2u *"_ivl_494", 31 0, L_0x7fe77bd7bfe0;  1 drivers
v0x563d4e5b91a0_0 .net *"_ivl_496", 31 0, L_0x563d4e6ee640;  1 drivers
L_0x7fe77bd7c028 .functor BUFT 1, C4<00000000000000000000000001110011>, C4<0>, C4<0>, C4<0>;
v0x563d4e5b9280_0 .net/2u *"_ivl_498", 31 0, L_0x7fe77bd7c028;  1 drivers
v0x563d4e5b84b0_0 .net *"_ivl_5", 0 0, L_0x563d4e6e1d40;  1 drivers
v0x563d4e5b8570_0 .net *"_ivl_500", 0 0, L_0x563d4e6ee700;  1 drivers
v0x563d4e4a4ae0_0 .net/2u *"_ivl_504", 31 0, L_0x7fe77bd7c070;  1 drivers
v0x563d4e4a4bc0_0 .net *"_ivl_506", 31 0, L_0x563d4e6ee870;  1 drivers
L_0x7fe77bd7c0b8 .functor BUFT 1, C4<00000000000100000000000001110011>, C4<0>, C4<0>, C4<0>;
v0x563d4e5666e0_0 .net/2u *"_ivl_508", 31 0, L_0x7fe77bd7c0b8;  1 drivers
v0x563d4e5667c0_0 .net *"_ivl_51", 0 0, L_0x563d4e6d4af0;  1 drivers
v0x563d4e565300_0 .net *"_ivl_510", 0 0, L_0x563d4e6eeb80;  1 drivers
v0x563d4e5653c0_0 .net/2u *"_ivl_514", 31 0, L_0x7fe77bd7c100;  1 drivers
v0x563d4e55e840_0 .net *"_ivl_516", 31 0, L_0x563d4e6eef00;  1 drivers
L_0x7fe77bd7c148 .functor BUFT 1, C4<00010000001000000000000001110011>, C4<0>, C4<0>, C4<0>;
v0x563d4e55e920_0 .net/2u *"_ivl_518", 31 0, L_0x7fe77bd7c148;  1 drivers
v0x563d4e2803d0_0 .net *"_ivl_520", 0 0, L_0x563d4e6eefc0;  1 drivers
v0x563d4e280490_0 .net/2u *"_ivl_524", 31 0, L_0x7fe77bd7c190;  1 drivers
v0x563d4e5abb60_0 .net *"_ivl_526", 31 0, L_0x563d4e6ef130;  1 drivers
L_0x7fe77bd7c1d8 .functor BUFT 1, C4<00000000000000000001000001110011>, C4<0>, C4<0>, C4<0>;
v0x563d4e5a9460_0 .net/2u *"_ivl_528", 31 0, L_0x7fe77bd7c1d8;  1 drivers
v0x563d4e5a9540_0 .net *"_ivl_53", 0 0, L_0x563d4e6e3d50;  1 drivers
v0x563d4e5a86c0_0 .net *"_ivl_530", 0 0, L_0x563d4e6ef450;  1 drivers
v0x563d4e5a8780_0 .net/2u *"_ivl_534", 31 0, L_0x7fe77bd7c220;  1 drivers
v0x563d4e5a7920_0 .net *"_ivl_536", 31 0, L_0x563d4e6ef7e0;  1 drivers
L_0x7fe77bd7c268 .functor BUFT 1, C4<00000000000000000010000001110011>, C4<0>, C4<0>, C4<0>;
v0x563d4e5a7a00_0 .net/2u *"_ivl_538", 31 0, L_0x7fe77bd7c268;  1 drivers
v0x563d4e507550_0 .net *"_ivl_540", 0 0, L_0x563d4e6ef8a0;  1 drivers
v0x563d4e507610_0 .net/2u *"_ivl_544", 31 0, L_0x7fe77bd7c2b0;  1 drivers
v0x563d4e5366b0_0 .net *"_ivl_546", 31 0, L_0x563d4e6ef9e0;  1 drivers
L_0x7fe77bd7c2f8 .functor BUFT 1, C4<00000000000000000011000001110011>, C4<0>, C4<0>, C4<0>;
v0x563d4e536790_0 .net/2u *"_ivl_548", 31 0, L_0x7fe77bd7c2f8;  1 drivers
v0x563d4e535220_0 .net *"_ivl_55", 0 0, L_0x563d4e6e3e50;  1 drivers
v0x563d4e5352e0_0 .net *"_ivl_550", 0 0, L_0x563d4e6efd10;  1 drivers
v0x563d4e533d90_0 .net/2u *"_ivl_554", 31 0, L_0x7fe77bd7c340;  1 drivers
v0x563d4e533e70_0 .net *"_ivl_556", 31 0, L_0x563d4e6f0080;  1 drivers
L_0x7fe77bd7c388 .functor BUFT 1, C4<00000000000000000101000001110011>, C4<0>, C4<0>, C4<0>;
v0x563d4e532950_0 .net/2u *"_ivl_558", 31 0, L_0x7fe77bd7c388;  1 drivers
v0x563d4e532a30_0 .net *"_ivl_560", 0 0, L_0x563d4e6f0140;  1 drivers
v0x563d4e52fd40_0 .net/2u *"_ivl_564", 31 0, L_0x7fe77bd7c3d0;  1 drivers
v0x563d4e52fe20_0 .net *"_ivl_566", 31 0, L_0x563d4e6f0280;  1 drivers
L_0x7fe77bd7c418 .functor BUFT 1, C4<00000000000000000110000001110011>, C4<0>, C4<0>, C4<0>;
v0x563d4e539e90_0 .net/2u *"_ivl_568", 31 0, L_0x7fe77bd7c418;  1 drivers
v0x563d4e539f70_0 .net *"_ivl_57", 0 0, L_0x563d4e6e3fb0;  1 drivers
v0x563d4e62fab0_0 .net *"_ivl_570", 0 0, L_0x563d4e6f0dd0;  1 drivers
v0x563d4e62fb70_0 .net/2u *"_ivl_574", 31 0, L_0x7fe77bd7c460;  1 drivers
v0x563d4e62ce40_0 .net *"_ivl_576", 31 0, L_0x563d4e6f10b0;  1 drivers
L_0x7fe77bd7c4a8 .functor BUFT 1, C4<00000000000000000111000001110011>, C4<0>, C4<0>, C4<0>;
v0x563d4e62cf20_0 .net/2u *"_ivl_578", 31 0, L_0x7fe77bd7c4a8;  1 drivers
v0x563d4e62b970_0 .net *"_ivl_580", 0 0, L_0x563d4e6f1170;  1 drivers
v0x563d4e62ba30_0 .net/2u *"_ivl_584", 31 0, L_0x7fe77bd7c4f0;  1 drivers
v0x563d4e62a480_0 .net *"_ivl_586", 31 0, L_0x563d4e6f12b0;  1 drivers
L_0x7fe77bd7c538 .functor BUFT 1, C4<00000010000000000000000000110011>, C4<0>, C4<0>, C4<0>;
v0x563d4e629130_0 .net/2u *"_ivl_588", 31 0, L_0x7fe77bd7c538;  1 drivers
v0x563d4e629210_0 .net *"_ivl_59", 0 0, L_0x563d4e6e4050;  1 drivers
v0x563d4e5e1ad0_0 .net *"_ivl_590", 0 0, L_0x563d4e6f1600;  1 drivers
v0x563d4e5e1b90_0 .net/2u *"_ivl_594", 31 0, L_0x7fe77bd7c580;  1 drivers
v0x563d4e56a150_0 .net *"_ivl_596", 31 0, L_0x563d4e6f1990;  1 drivers
L_0x7fe77bd7c5c8 .functor BUFT 1, C4<00000010000000000001000000110011>, C4<0>, C4<0>, C4<0>;
v0x563d4e56a230_0 .net/2u *"_ivl_598", 31 0, L_0x7fe77bd7c5c8;  1 drivers
v0x563d4e564660_0 .net *"_ivl_600", 0 0, L_0x563d4e6f1a50;  1 drivers
v0x563d4e564720_0 .net/2u *"_ivl_604", 31 0, L_0x7fe77bd7c610;  1 drivers
v0x563d4e562ee0_0 .net *"_ivl_606", 31 0, L_0x563d4e6f1b90;  1 drivers
L_0x7fe77bd7c658 .functor BUFT 1, C4<00000010000000000010000000110011>, C4<0>, C4<0>, C4<0>;
v0x563d4e562fc0_0 .net/2u *"_ivl_608", 31 0, L_0x7fe77bd7c658;  1 drivers
v0x563d4e5618c0_0 .net *"_ivl_61", 0 0, L_0x563d4e6e4160;  1 drivers
v0x563d4e5619a0_0 .net *"_ivl_610", 0 0, L_0x563d4e6f1ef0;  1 drivers
v0x563d4e50b120_0 .net/2u *"_ivl_614", 31 0, L_0x7fe77bd7c6a0;  1 drivers
v0x563d4e50b200_0 .net *"_ivl_616", 31 0, L_0x563d4e6f2290;  1 drivers
L_0x7fe77bd7c6e8 .functor BUFT 1, C4<00000010000000000011000000110011>, C4<0>, C4<0>, C4<0>;
v0x563d4e50a9c0_0 .net/2u *"_ivl_618", 31 0, L_0x7fe77bd7c6e8;  1 drivers
v0x563d4e50aaa0_0 .net *"_ivl_620", 0 0, L_0x563d4e6f2350;  1 drivers
v0x563d4e642920_0 .net/2u *"_ivl_624", 31 0, L_0x7fe77bd7c730;  1 drivers
v0x563d4e6429e0_0 .net *"_ivl_626", 31 0, L_0x563d4e6f2490;  1 drivers
L_0x7fe77bd7c778 .functor BUFT 1, C4<00000010000000000100000000110011>, C4<0>, C4<0>, C4<0>;
v0x563d4e5d0050_0 .net/2u *"_ivl_628", 31 0, L_0x7fe77bd7c778;  1 drivers
v0x563d4e5d0110_0 .net *"_ivl_63", 0 0, L_0x563d4e6e4270;  1 drivers
v0x563d4e5a59d0_0 .net *"_ivl_630", 0 0, L_0x563d4e6f2800;  1 drivers
v0x563d4e5a5a90_0 .net/2u *"_ivl_634", 31 0, L_0x7fe77bd7c7c0;  1 drivers
v0x563d4e3c1720_0 .net *"_ivl_636", 31 0, L_0x563d4e6f2be0;  1 drivers
L_0x7fe77bd7c808 .functor BUFT 1, C4<00000010000000000101000000110011>, C4<0>, C4<0>, C4<0>;
v0x563d4e3c1800_0 .net/2u *"_ivl_638", 31 0, L_0x7fe77bd7c808;  1 drivers
v0x563d4e3c18e0_0 .net *"_ivl_640", 0 0, L_0x563d4e6f2ca0;  1 drivers
v0x563d4e3c19a0_0 .net/2u *"_ivl_644", 31 0, L_0x7fe77bd7c850;  1 drivers
v0x563d4e3c1a80_0 .net *"_ivl_646", 31 0, L_0x563d4e6f2e10;  1 drivers
L_0x7fe77bd7c898 .functor BUFT 1, C4<00000010000000000110000000110011>, C4<0>, C4<0>, C4<0>;
v0x563d4e301860_0 .net/2u *"_ivl_648", 31 0, L_0x7fe77bd7c898;  1 drivers
v0x563d4e301940_0 .net *"_ivl_65", 0 0, L_0x563d4e6e3f10;  1 drivers
v0x563d4e301a20_0 .net *"_ivl_650", 0 0, L_0x563d4e6f3190;  1 drivers
v0x563d4e301ae0_0 .net/2u *"_ivl_654", 31 0, L_0x7fe77bd7c8e0;  1 drivers
v0x563d4e301bc0_0 .net *"_ivl_656", 31 0, L_0x563d4e6f3580;  1 drivers
L_0x7fe77bd7c928 .functor BUFT 1, C4<00000010000000000111000000110011>, C4<0>, C4<0>, C4<0>;
v0x563d4e238560_0 .net/2u *"_ivl_658", 31 0, L_0x7fe77bd7c928;  1 drivers
v0x563d4e238640_0 .net *"_ivl_660", 0 0, L_0x563d4e6f3640;  1 drivers
v0x563d4e238700_0 .net/2u *"_ivl_664", 31 0, L_0x7fe77bd7c970;  1 drivers
v0x563d4e2387e0_0 .net *"_ivl_666", 31 0, L_0x563d4e6f37b0;  1 drivers
L_0x7fe77bd7c9b8 .functor BUFT 1, C4<00000000000000000000000001010011>, C4<0>, C4<0>, C4<0>;
v0x563d4e2388c0_0 .net/2u *"_ivl_668", 31 0, L_0x7fe77bd7c9b8;  1 drivers
v0x563d4e3f5010_0 .net *"_ivl_67", 0 0, L_0x563d4e6e4430;  1 drivers
v0x563d4e3f50d0_0 .net *"_ivl_670", 0 0, L_0x563d4e6f3b40;  1 drivers
v0x563d4e3f5190_0 .net/2u *"_ivl_674", 31 0, L_0x7fe77bd7ca00;  1 drivers
v0x563d4e3f5230_0 .net *"_ivl_676", 31 0, L_0x563d4e6f3f40;  1 drivers
L_0x7fe77bd7ca48 .functor BUFT 1, C4<00001000000000000000000001010011>, C4<0>, C4<0>, C4<0>;
v0x563d4e3f5310_0 .net/2u *"_ivl_678", 31 0, L_0x7fe77bd7ca48;  1 drivers
v0x563d4e3f53f0_0 .net *"_ivl_680", 0 0, L_0x563d4e6f4000;  1 drivers
L_0x7fe77bd7ca90 .functor BUFT 1, C4<0>, C4<0>, C4<0>, C4<0>;
v0x563d4e1f0cf0_0 .net/2u *"_ivl_685", 0 0, L_0x7fe77bd7ca90;  1 drivers
v0x563d4e1f0dd0_0 .net/2u *"_ivl_687", 31 0, L_0x7fe77bd7cad8;  1 drivers
v0x563d4e1f0eb0_0 .net *"_ivl_689", 31 0, L_0x563d4e6f56d0;  1 drivers
v0x563d4e1f0f90_0 .net *"_ivl_69", 0 0, L_0x563d4e6e4540;  1 drivers
L_0x7fe77bd7cb20 .functor BUFT 1, C4<00010000010100000000000001110011>, C4<0>, C4<0>, C4<0>;
v0x563d4e1f1070_0 .net/2u *"_ivl_691", 31 0, L_0x7fe77bd7cb20;  1 drivers
v0x563d4e68a8e0_0 .net *"_ivl_693", 0 0, L_0x563d4e6f5a70;  1 drivers
v0x563d4e68a9a0_0 .net/2u *"_ivl_695", 31 0, L_0x7fe77bd7cb68;  1 drivers
v0x563d4e68aa80_0 .net *"_ivl_697", 31 0, L_0x563d4e6f5bb0;  1 drivers
L_0x7fe77bd7cbb0 .functor BUFT 1, C4<00000000000000000000000000001111>, C4<0>, C4<0>, C4<0>;
v0x563d4e68ab60_0 .net/2u *"_ivl_699", 31 0, L_0x7fe77bd7cbb0;  1 drivers
v0x563d4e68ac40_0 .net *"_ivl_701", 0 0, L_0x563d4e6f5c70;  1 drivers
v0x563d4e68ad00_0 .net *"_ivl_703", 0 0, L_0x563d4e6f6060;  1 drivers
v0x563d4e68ade0_0 .net/2u *"_ivl_705", 31 0, L_0x7fe77bd7cbf8;  1 drivers
v0x563d4e68aec0_0 .net *"_ivl_707", 31 0, L_0x563d4e6f6460;  1 drivers
L_0x7fe77bd7cc40 .functor BUFT 1, C4<00010010000000000000000001110011>, C4<0>, C4<0>, C4<0>;
v0x563d4e68afa0_0 .net/2u *"_ivl_709", 31 0, L_0x7fe77bd7cc40;  1 drivers
v0x563d4e68c100_0 .net *"_ivl_71", 0 0, L_0x563d4e6e4200;  1 drivers
v0x563d4e68c1a0_0 .net *"_ivl_711", 0 0, L_0x563d4e6f6520;  1 drivers
v0x563d4e68c240_0 .net *"_ivl_713", 0 0, L_0x563d4e6f6660;  1 drivers
v0x563d4e68c2e0_0 .net/2u *"_ivl_715", 31 0, L_0x7fe77bd7cc88;  1 drivers
v0x563d4e68c380_0 .net *"_ivl_717", 31 0, L_0x563d4e6f6a70;  1 drivers
L_0x7fe77bd7ccd0 .functor BUFT 1, C4<00000000000000000001000000001111>, C4<0>, C4<0>, C4<0>;
v0x563d4e68c420_0 .net/2u *"_ivl_719", 31 0, L_0x7fe77bd7ccd0;  1 drivers
v0x563d4e68c4c0_0 .net *"_ivl_721", 0 0, L_0x563d4e6f6b30;  1 drivers
v0x563d4e68c560_0 .net *"_ivl_726", 56 0, L_0x563d4e6f7350;  1 drivers
v0x563d4e68c600_0 .net *"_ivl_728", 0 0, L_0x563d4e6f7440;  1 drivers
v0x563d4e68c6a0_0 .net *"_ivl_729", 0 0, L_0x563d4e6f7800;  1 drivers
v0x563d4e68c740_0 .net *"_ivl_73", 0 0, L_0x563d4e6e4380;  1 drivers
v0x563d4e68c7e0_0 .net *"_ivl_731", 0 0, L_0x563d4e6f78c0;  1 drivers
v0x563d4e68c880_0 .net *"_ivl_75", 0 0, L_0x563d4e6e47c0;  1 drivers
v0x563d4e68c920_0 .net *"_ivl_752", 0 0, L_0x563d4e6f8eb0;  1 drivers
v0x563d4e68c9c0_0 .net *"_ivl_754", 0 0, L_0x563d4e6f9240;  1 drivers
v0x563d4e68ca80_0 .net *"_ivl_756", 0 0, L_0x563d4e6f92b0;  1 drivers
v0x563d4e68cb40_0 .net *"_ivl_758", 0 0, L_0x563d4e6f9350;  1 drivers
v0x563d4e68cc00_0 .net *"_ivl_760", 0 0, L_0x563d4e6f97c0;  1 drivers
v0x563d4e68ccc0_0 .net *"_ivl_764", 0 0, L_0x563d4e6f9c20;  1 drivers
v0x563d4e68cd80_0 .net *"_ivl_766", 0 0, L_0x563d4e6f9cc0;  1 drivers
v0x563d4e68ce40_0 .net *"_ivl_768", 0 0, L_0x563d4e6fa140;  1 drivers
v0x563d4e68cf00_0 .net *"_ivl_77", 0 0, L_0x563d4e6e48d0;  1 drivers
v0x563d4e68cfe0_0 .net *"_ivl_770", 0 0, L_0x563d4e6fa4f0;  1 drivers
v0x563d4e68d0a0_0 .net *"_ivl_772", 0 0, L_0x563d4e6fa600;  1 drivers
v0x563d4e68d160_0 .net *"_ivl_776", 0 0, L_0x563d4e6fab30;  1 drivers
v0x563d4e68d220_0 .net *"_ivl_778", 0 0, L_0x563d4e6faef0;  1 drivers
v0x563d4e68d2e0_0 .net *"_ivl_780", 0 0, L_0x563d4e6fafb0;  1 drivers
v0x563d4e68d3a0_0 .net *"_ivl_782", 0 0, L_0x563d4e6fb050;  1 drivers
v0x563d4e68d460_0 .net *"_ivl_784", 0 0, L_0x563d4e6fb4f0;  1 drivers
v0x563d4e68d520_0 .net *"_ivl_788", 0 0, L_0x563d4e6fb9d0;  1 drivers
v0x563d4e68d5e0_0 .net *"_ivl_79", 0 0, L_0x563d4e6e4a00;  1 drivers
v0x563d4e68d6a0_0 .net *"_ivl_790", 0 0, L_0x563d4e6fba70;  1 drivers
v0x563d4e68d760_0 .net *"_ivl_792", 0 0, L_0x563d4e6fbe80;  1 drivers
v0x563d4e68d820_0 .net *"_ivl_794", 0 0, L_0x563d4e6fc260;  1 drivers
v0x563d4e68d8e0_0 .net *"_ivl_796", 0 0, L_0x563d4e6fc370;  1 drivers
v0x563d4e68d9a0_0 .net *"_ivl_8", 0 0, L_0x563d4e6e1f10;  1 drivers
v0x563d4e68da80_0 .net *"_ivl_804", 0 0, L_0x563d4e6fce90;  1 drivers
v0x563d4e68db40_0 .net *"_ivl_806", 0 0, L_0x563d4e6fcf30;  1 drivers
v0x563d4e68dc00_0 .net *"_ivl_808", 0 0, L_0x563d4e6fd330;  1 drivers
v0x563d4e68dcc0_0 .net *"_ivl_81", 0 0, L_0x563d4e6e4be0;  1 drivers
v0x563d4e68dda0_0 .net *"_ivl_810", 0 0, L_0x563d4e6fd7b0;  1 drivers
v0x563d4e68de60_0 .net *"_ivl_812", 0 0, L_0x563d4e6fd850;  1 drivers
v0x563d4e68df20_0 .net *"_ivl_814", 0 0, L_0x563d4e6fd960;  1 drivers
v0x563d4e68dfe0_0 .net *"_ivl_816", 0 0, L_0x563d4e6fde80;  1 drivers
v0x563d4e68e0a0_0 .net *"_ivl_818", 0 0, L_0x563d4e6fe360;  1 drivers
v0x563d4e68e160_0 .net *"_ivl_820", 0 0, L_0x563d4e6fe400;  1 drivers
v0x563d4e68e220_0 .net *"_ivl_83", 0 0, L_0x563d4e6e4c80;  1 drivers
v0x563d4e68e2e0_0 .net *"_ivl_85", 0 0, L_0x563d4e6e4d90;  1 drivers
v0x563d4e68e3c0_0 .net *"_ivl_87", 0 0, L_0x563d4e6e4ed0;  1 drivers
v0x563d4e68e480_0 .net *"_ivl_89", 0 0, L_0x563d4e6e50c0;  1 drivers
v0x563d4e68e560_0 .net *"_ivl_91", 0 0, L_0x563d4e6e5160;  1 drivers
v0x563d4e68e620_0 .net *"_ivl_93", 0 0, L_0x563d4e6e5270;  1 drivers
v0x563d4e68e700_0 .net *"_ivl_95", 0 0, L_0x563d4e6e53c0;  1 drivers
v0x563d4e68e7c0_0 .net *"_ivl_97", 0 0, L_0x563d4e6e4e30;  1 drivers
v0x563d4e68e8a0_0 .net *"_ivl_99", 0 0, L_0x563d4e6e4fe0;  1 drivers
v0x563d4e68e960_0 .net "branch_csr_pc_i", 31 0, v0x563d4e638260_0;  alias, 1 drivers
v0x563d4e68ea20_0 .net "branch_csr_request_i", 0 0, v0x563d4e637850_0;  alias, 1 drivers
v0x563d4e68eaf0_0 .net "branch_pc_i", 31 0, v0x563d4e694420_0;  alias, 1 drivers
v0x563d4e68ebc0_0 .net "branch_request_i", 0 0, L_0x563d4e5cff30;  alias, 1 drivers
v0x563d4e68ec90_0 .net "clk_i", 0 0, v0x563d4e6b89b0_0;  alias, 1 drivers
v0x563d4e68ed30_0 .net "csr_opcode_valid_o", 0 0, L_0x563d4e6fb8c0;  alias, 1 drivers
v0x563d4e68ee00_0 .net "csr_stall_i", 0 0, L_0x563d4e6dd8e0;  alias, 1 drivers
v0x563d4e68eed0_0 .var "current_scoreboard_r", 31 0;
v0x563d4e68ef70_0 .net "exec_opcode_valid_o", 0 0, L_0x563d4e6f9b60;  alias, 1 drivers
v0x563d4e68f010_0 .net "exec_stall_i", 0 0, L_0x7fe77bd7a060;  alias, 1 drivers
v0x563d4e68f0b0_0 .net "fetch_accept_o", 0 0, L_0x563d4e6fe510;  alias, 1 drivers
v0x563d4e68f170_0 .net "fetch_branch_o", 0 0, L_0x563d4e6fc910;  alias, 1 drivers
v0x563d4e68f230_0 .net "fetch_branch_pc_o", 31 0, L_0x563d4e6fca10;  alias, 1 drivers
v0x563d4e68f310_0 .net "fetch_instr_i", 31 0, L_0x563d4e6ffc10;  alias, 1 drivers
v0x563d4e68f3f0_0 .net "fetch_invalidate_o", 0 0, v0x563d4e68f650_0;  alias, 1 drivers
v0x563d4e68f4b0_0 .net "fetch_pc_i", 31 0, L_0x563d4e6ffa20;  alias, 1 drivers
v0x563d4e68f590_0 .net "fetch_valid_i", 0 0, L_0x563d4e6ff910;  alias, 1 drivers
v0x563d4e68f650_0 .var "ifence_q", 0 0;
v0x563d4e68f710_0 .var "inst_q", 31 0;
v0x563d4e68f7f0_0 .net "invalid_inst_w", 0 0, L_0x563d4e6f7ca0;  1 drivers
v0x563d4e68f8b0_0 .net "lsu_opcode_valid_o", 0 0, L_0x563d4e6fa6a0;  alias, 1 drivers
v0x563d4e68f970_0 .net "lsu_stall_i", 0 0, L_0x563d4e6d6240;  alias, 1 drivers
v0x563d4e68fa30_0 .net "muldiv_opcode_valid_o", 0 0, L_0x563d4e6fc410;  alias, 1 drivers
v0x563d4e68faf0_0 .net "muldiv_stall_i", 0 0, L_0x563d4e6e16f0;  alias, 1 drivers
v0x563d4e68fbb0_0 .net "nop_instr_w", 0 0, L_0x563d4e6f6f30;  1 drivers
v0x563d4e68fc70_0 .net "opcode_instr_o", 57 0, v0x563d4e68fd30_0;  alias, 1 drivers
v0x563d4e68fd30_0 .var "opcode_instr_q", 57 0;
v0x563d4e68fdf0_0 .net "opcode_instr_w", 57 0, L_0x563d4e6f4170;  1 drivers
v0x563d4e68fed0_0 .net "opcode_opcode_o", 31 0, L_0x563d4e6f81c0;  alias, 1 drivers
v0x563d4e68ffc0_0 .net "opcode_pc_o", 31 0, v0x563d4e6906d0_0;  alias, 1 drivers
v0x563d4e690090_0 .net "opcode_ra_idx_o", 4 0, L_0x563d4e6f8570;  alias, 1 drivers
v0x563d4e690130_0 .net "opcode_ra_operand_o", 31 0, v0x563d4e6901f0_0;  alias, 1 drivers
v0x563d4e6901f0_0 .var "opcode_ra_operand_r", 31 0;
v0x563d4e6902b0_0 .net "opcode_rb_idx_o", 4 0, L_0x563d4e6f8660;  alias, 1 drivers
v0x563d4e6903c0_0 .net "opcode_rb_operand_o", 31 0, v0x563d4e690480_0;  alias, 1 drivers
v0x563d4e690480_0 .var "opcode_rb_operand_r", 31 0;
v0x563d4e690540_0 .net "opcode_rd_idx_o", 4 0, L_0x563d4e6f89e0;  alias, 1 drivers
v0x563d4e690630_0 .var "opcode_valid_r", 0 0;
v0x563d4e6906d0_0 .var "pc_q", 31 0;
v0x563d4e6907b0_0 .net "ra_value_w", 31 0, L_0x563d4e6e2cf0;  1 drivers
v0x563d4e6908a0_0 .net "rb_value_w", 31 0, L_0x563d4e6e2d60;  1 drivers
v0x563d4e690970_0 .net "rst_i", 0 0, v0x563d4e6bb230_0;  alias, 1 drivers
v0x563d4e690a10_0 .net "sb_alloc_w", 0 0, L_0x563d4e6e56b0;  1 drivers
v0x563d4e690ab0_0 .var "scoreboard_q", 31 0;
v0x563d4e690b90_0 .var "scoreboard_r", 31 0;
v0x563d4e690c70_0 .net "stall_input_w", 0 0, L_0x563d4e6e1e70;  1 drivers
v0x563d4e690d30_0 .var "stall_scoreboard_r", 0 0;
v0x563d4e690df0_0 .var "valid_q", 0 0;
v0x563d4e690eb0_0 .net "wb_csr_rd_w", 4 0, L_0x563d4e6e2820;  1 drivers
v0x563d4e690fa0_0 .net "wb_exec_rd_w", 4 0, L_0x563d4e6e2170;  1 drivers
v0x563d4e691060_0 .net "wb_mem_rd_w", 4 0, L_0x563d4e6e24a0;  1 drivers
v0x563d4e691150_0 .net "wb_muldiv_rd_w", 4 0, L_0x563d4e6e2b80;  1 drivers
v0x563d4e691220_0 .var "wb_rd_r", 4 0;
v0x563d4e6912f0_0 .var "wb_res_r", 31 0;
v0x563d4e6913c0_0 .net "writeback_csr_idx_i", 4 0, L_0x563d4e6dd2e0;  alias, 1 drivers
v0x563d4e691490_0 .net "writeback_csr_squash_i", 0 0, L_0x563d4e6dd5c0;  alias, 1 drivers
v0x563d4e691560_0 .net "writeback_csr_value_i", 31 0, v0x563d4e653de0_0;  alias, 1 drivers
v0x563d4e691650_0 .net "writeback_exec_idx_i", 4 0, v0x563d4e695140_0;  alias, 1 drivers
v0x563d4e691710_0 .net "writeback_exec_squash_i", 0 0, L_0x7fe77bd7a018;  alias, 1 drivers
v0x563d4e6917d0_0 .net "writeback_exec_value_i", 31 0, L_0x563d4e5a21d0;  alias, 1 drivers
v0x563d4e6918b0_0 .net "writeback_mem_idx_i", 4 0, v0x563d4e69e080_0;  alias, 1 drivers
v0x563d4e691990_0 .net "writeback_mem_squash_i", 0 0, L_0x7fe77bd7a6d8;  alias, 1 drivers
v0x563d4e691a50_0 .net "writeback_mem_value_i", 31 0, v0x563d4e69e140_0;  alias, 1 drivers
v0x563d4e691b10_0 .net "writeback_muldiv_idx_i", 4 0, v0x563d4e6abbb0_0;  alias, 1 drivers
v0x563d4e691bd0_0 .net "writeback_muldiv_squash_i", 0 0, L_0x7fe77bd7aa38;  alias, 1 drivers
v0x563d4e691c90_0 .net "writeback_muldiv_value_i", 31 0, v0x563d4e6abc70_0;  alias, 1 drivers
E_0x563d4e2dafc0/0 .event edge, v0x563d4e690df0_0, v0x563d4e6421f0_0, v0x563d4e690ab0_0, v0x563d4e6918b0_0;
E_0x563d4e2dafc0/1 .event edge, v0x563d4e645cc0_0, v0x563d4e68eed0_0, v0x563d4e645fb0_0, v0x563d4e6462a0_0;
E_0x563d4e2dafc0 .event/or E_0x563d4e2dafc0/0, E_0x563d4e2dafc0/1;
E_0x563d4e2db050/0 .event edge, v0x563d4e691710_0, v0x563d4e691650_0, v0x563d4e645cc0_0, v0x563d4e6917d0_0;
E_0x563d4e2db050/1 .event edge, v0x563d4e691990_0, v0x563d4e6918b0_0, v0x563d4e652560_0, v0x563d4e652fc0_0;
E_0x563d4e2db050/2 .event edge, v0x563d4e645fb0_0, v0x563d4e652800_0;
E_0x563d4e2db050 .event/or E_0x563d4e2db050/0, E_0x563d4e2db050/1, E_0x563d4e2db050/2;
E_0x563d4e63ca90/0 .event edge, v0x563d4e690ab0_0, v0x563d4e6918b0_0, v0x563d4e690a10_0, v0x563d4e68ef70_0;
E_0x563d4e63ca90/1 .event edge, v0x563d4e68f8b0_0, v0x563d4e6476c0_0, v0x563d4e68fa30_0, v0x563d4e6462a0_0;
E_0x563d4e63ca90/2 .event edge, v0x563d4e654400_0, v0x563d4e691b10_0;
E_0x563d4e63ca90 .event/or E_0x563d4e63ca90/0, E_0x563d4e63ca90/1, E_0x563d4e63ca90/2;
E_0x563d4e63cad0 .event edge, v0x563d4e690fa0_0, v0x563d4e6917d0_0;
LS_0x563d4e6e2010_0_0 .concat [ 1 1 1 1], L_0x563d4e6e1f10, L_0x563d4e6e1f10, L_0x563d4e6e1f10, L_0x563d4e6e1f10;
LS_0x563d4e6e2010_0_4 .concat [ 1 0 0 0], L_0x563d4e6e1f10;
L_0x563d4e6e2010 .concat [ 4 1 0 0], LS_0x563d4e6e2010_0_0, LS_0x563d4e6e2010_0_4;
LS_0x563d4e6e2370_0_0 .concat [ 1 1 1 1], L_0x563d4e6e2270, L_0x563d4e6e2270, L_0x563d4e6e2270, L_0x563d4e6e2270;
LS_0x563d4e6e2370_0_4 .concat [ 1 0 0 0], L_0x563d4e6e2270;
L_0x563d4e6e2370 .concat [ 4 1 0 0], LS_0x563d4e6e2370_0_0, LS_0x563d4e6e2370_0_4;
LS_0x563d4e6e26f0_0_0 .concat [ 1 1 1 1], L_0x563d4e6e25f0, L_0x563d4e6e25f0, L_0x563d4e6e25f0, L_0x563d4e6e25f0;
LS_0x563d4e6e26f0_0_4 .concat [ 1 0 0 0], L_0x563d4e6e25f0;
L_0x563d4e6e26f0 .concat [ 4 1 0 0], LS_0x563d4e6e26f0_0_0, LS_0x563d4e6e26f0_0_4;
LS_0x563d4e6e2a20_0_0 .concat [ 1 1 1 1], L_0x563d4e6e2920, L_0x563d4e6e2920, L_0x563d4e6e2920, L_0x563d4e6e2920;
LS_0x563d4e6e2a20_0_4 .concat [ 1 0 0 0], L_0x563d4e6e2920;
L_0x563d4e6e2a20 .concat [ 4 1 0 0], LS_0x563d4e6e2a20_0_0, LS_0x563d4e6e2a20_0_4;
L_0x563d4e6e2e40 .part v0x563d4e68fd30_0, 29, 1;
L_0x563d4e6e2ee0 .part v0x563d4e68fd30_0, 30, 1;
L_0x563d4e6e3080 .part v0x563d4e68fd30_0, 31, 1;
L_0x563d4e6e31c0 .part v0x563d4e68fd30_0, 32, 1;
L_0x563d4e6e3450 .part v0x563d4e68fd30_0, 33, 1;
L_0x563d4e6e3d50 .part v0x563d4e68fd30_0, 34, 1;
L_0x563d4e6e3fb0 .part v0x563d4e68fd30_0, 41, 1;
L_0x563d4e6e4160 .part v0x563d4e68fd30_0, 42, 1;
L_0x563d4e6e3f10 .part v0x563d4e68fd30_0, 43, 1;
L_0x563d4e6e4540 .part v0x563d4e68fd30_0, 44, 1;
L_0x563d4e6e4380 .part v0x563d4e68fd30_0, 45, 1;
L_0x563d4e6e48d0 .part v0x563d4e68fd30_0, 46, 1;
L_0x563d4e6e4be0 .part v0x563d4e68fd30_0, 47, 1;
L_0x563d4e6e4d90 .part v0x563d4e68fd30_0, 48, 1;
L_0x563d4e6e50c0 .part v0x563d4e68fd30_0, 49, 1;
L_0x563d4e6e5270 .part v0x563d4e68fd30_0, 50, 1;
L_0x563d4e6e4e30 .part v0x563d4e68fd30_0, 51, 1;
L_0x563d4e6e5610 .part v0x563d4e68fd30_0, 52, 1;
L_0x563d4e6e5910 .part v0x563d4e68fd30_0, 53, 1;
L_0x563d4e6e5ac0 .part v0x563d4e68fd30_0, 54, 1;
L_0x563d4e6e5e50 .cmp/eq 32, L_0x563d4e6e5d90, L_0x7fe77bd7aac8;
L_0x563d4e6e6120 .cmp/eq 32, L_0x563d4e6e5f90, L_0x7fe77bd7ab58;
L_0x563d4e6e6340 .cmp/eq 32, L_0x563d4e6e5b60, L_0x7fe77bd7abe8;
L_0x563d4e6e6000 .cmp/eq 32, L_0x563d4e6e6480, L_0x7fe77bd7ac78;
L_0x563d4e6e67b0 .cmp/eq 32, L_0x563d4e6e6260, L_0x7fe77bd7ad08;
L_0x563d4e6e6af0 .cmp/eq 32, L_0x563d4e6e68f0, L_0x7fe77bd7ad98;
L_0x563d4e6e6df0 .cmp/eq 32, L_0x563d4e6e6d30, L_0x7fe77bd7ae28;
L_0x563d4e6e7140 .cmp/eq 32, L_0x563d4e6e6f30, L_0x7fe77bd7aeb8;
L_0x563d4e6e7450 .cmp/eq 32, L_0x563d4e6e7390, L_0x7fe77bd7af48;
L_0x563d4e6e77b0 .cmp/eq 32, L_0x563d4e6e7590, L_0x7fe77bd7afd8;
L_0x563d4e6e7ad0 .cmp/eq 32, L_0x563d4e6e7a10, L_0x7fe77bd7b068;
L_0x563d4e6e7e40 .cmp/eq 32, L_0x563d4e6e7c10, L_0x7fe77bd7b0f8;
L_0x563d4e6e80b0 .cmp/eq 32, L_0x563d4e6e78f0, L_0x7fe77bd7b188;
L_0x563d4e6e83e0 .cmp/eq 32, L_0x563d4e6e81a0, L_0x7fe77bd7b218;
L_0x563d4e6e8720 .cmp/eq 32, L_0x563d4e6e8660, L_0x7fe77bd7b2a8;
L_0x563d4e6e8ab0 .cmp/eq 32, L_0x563d4e6e8860, L_0x7fe77bd7b338;
L_0x563d4e6e8e00 .cmp/eq 32, L_0x563d4e6e8d40, L_0x7fe77bd7b3c8;
L_0x563d4e6e91a0 .cmp/eq 32, L_0x563d4e6e8f40, L_0x7fe77bd7b458;
L_0x563d4e6e9500 .cmp/eq 32, L_0x563d4e6e9440, L_0x7fe77bd7b4e8;
L_0x563d4e6e98e0 .cmp/eq 32, L_0x563d4e6e9670, L_0x7fe77bd7b578;
L_0x563d4e6e9c50 .cmp/eq 32, L_0x563d4e6e9b90, L_0x7fe77bd7b608;
L_0x563d4e6ea010 .cmp/eq 32, L_0x563d4e6e9d90, L_0x7fe77bd7b698;
L_0x563d4e6ea3c0 .cmp/eq 32, L_0x563d4e6ea300, L_0x7fe77bd7b728;
L_0x563d4e6ea7c0 .cmp/eq 32, L_0x563d4e6ea530, L_0x7fe77bd7b7b8;
L_0x563d4e6eab50 .cmp/eq 32, L_0x563d4e6eaa90, L_0x7fe77bd7b848;
L_0x563d4e6eaf60 .cmp/eq 32, L_0x563d4e6eacc0, L_0x7fe77bd7b8d8;
L_0x563d4e6eb300 .cmp/eq 32, L_0x563d4e6eb240, L_0x7fe77bd7b968;
L_0x563d4e6eb720 .cmp/eq 32, L_0x563d4e6eb470, L_0x7fe77bd7b9f8;
L_0x563d4e6ebb00 .cmp/eq 32, L_0x563d4e6eba40, L_0x7fe77bd7ba88;
L_0x563d4e6ec2f0 .cmp/eq 32, L_0x563d4e6ebc70, L_0x7fe77bd7bb18;
L_0x563d4e6ec660 .cmp/eq 32, L_0x563d4e6ec5a0, L_0x7fe77bd7bba8;
L_0x563d4e6eca70 .cmp/eq 32, L_0x563d4e6ec7a0, L_0x7fe77bd7bc38;
L_0x563d4e6ece40 .cmp/eq 32, L_0x563d4e6ecd80, L_0x7fe77bd7bcc8;
L_0x563d4e6ed260 .cmp/eq 32, L_0x563d4e6ecf80, L_0x7fe77bd7bd58;
L_0x563d4e6ed640 .cmp/eq 32, L_0x563d4e6ed580, L_0x7fe77bd7bde8;
L_0x563d4e6eda70 .cmp/eq 32, L_0x563d4e6ed780, L_0x7fe77bd7be78;
L_0x563d4e6ede60 .cmp/eq 32, L_0x563d4e6edda0, L_0x7fe77bd7bf08;
L_0x563d4e6ee2d0 .cmp/eq 32, L_0x563d4e6edfd0, L_0x7fe77bd7bf98;
L_0x563d4e6ee700 .cmp/eq 32, L_0x563d4e6ee640, L_0x7fe77bd7c028;
L_0x563d4e6eeb80 .cmp/eq 32, L_0x563d4e6ee870, L_0x7fe77bd7c0b8;
L_0x563d4e6eefc0 .cmp/eq 32, L_0x563d4e6eef00, L_0x7fe77bd7c148;
L_0x563d4e6ef450 .cmp/eq 32, L_0x563d4e6ef130, L_0x7fe77bd7c1d8;
L_0x563d4e6ef8a0 .cmp/eq 32, L_0x563d4e6ef7e0, L_0x7fe77bd7c268;
L_0x563d4e6efd10 .cmp/eq 32, L_0x563d4e6ef9e0, L_0x7fe77bd7c2f8;
L_0x563d4e6f0140 .cmp/eq 32, L_0x563d4e6f0080, L_0x7fe77bd7c388;
L_0x563d4e6f0dd0 .cmp/eq 32, L_0x563d4e6f0280, L_0x7fe77bd7c418;
L_0x563d4e6f1170 .cmp/eq 32, L_0x563d4e6f10b0, L_0x7fe77bd7c4a8;
L_0x563d4e6f1600 .cmp/eq 32, L_0x563d4e6f12b0, L_0x7fe77bd7c538;
L_0x563d4e6f1a50 .cmp/eq 32, L_0x563d4e6f1990, L_0x7fe77bd7c5c8;
L_0x563d4e6f1ef0 .cmp/eq 32, L_0x563d4e6f1b90, L_0x7fe77bd7c658;
L_0x563d4e6f2350 .cmp/eq 32, L_0x563d4e6f2290, L_0x7fe77bd7c6e8;
L_0x563d4e6f2800 .cmp/eq 32, L_0x563d4e6f2490, L_0x7fe77bd7c778;
L_0x563d4e6f2ca0 .cmp/eq 32, L_0x563d4e6f2be0, L_0x7fe77bd7c808;
L_0x563d4e6f3190 .cmp/eq 32, L_0x563d4e6f2e10, L_0x7fe77bd7c898;
L_0x563d4e6f3640 .cmp/eq 32, L_0x563d4e6f3580, L_0x7fe77bd7c928;
L_0x563d4e6f3b40 .cmp/eq 32, L_0x563d4e6f37b0, L_0x7fe77bd7c9b8;
L_0x563d4e6f4000 .cmp/eq 32, L_0x563d4e6f3f40, L_0x7fe77bd7ca48;
LS_0x563d4e6f4170_0_0 .concat8 [ 1 1 1 1], L_0x563d4e6e5e50, L_0x563d4e6e6120, L_0x563d4e6e6340, L_0x563d4e6e6000;
LS_0x563d4e6f4170_0_4 .concat8 [ 1 1 1 1], L_0x563d4e6e67b0, L_0x563d4e6e6af0, L_0x563d4e6e6df0, L_0x563d4e6e7140;
LS_0x563d4e6f4170_0_8 .concat8 [ 1 1 1 1], L_0x563d4e6e7450, L_0x563d4e6e77b0, L_0x563d4e6e7ad0, L_0x563d4e6e7e40;
LS_0x563d4e6f4170_0_12 .concat8 [ 1 1 1 1], L_0x563d4e6e80b0, L_0x563d4e6e83e0, L_0x563d4e6e8720, L_0x563d4e6e8ab0;
LS_0x563d4e6f4170_0_16 .concat8 [ 1 1 1 1], L_0x563d4e6e8e00, L_0x563d4e6e91a0, L_0x563d4e6e9500, L_0x563d4e6e98e0;
LS_0x563d4e6f4170_0_20 .concat8 [ 1 1 1 1], L_0x563d4e6e9c50, L_0x563d4e6ea010, L_0x563d4e6ea3c0, L_0x563d4e6ea7c0;
LS_0x563d4e6f4170_0_24 .concat8 [ 1 1 1 1], L_0x563d4e6eab50, L_0x563d4e6eaf60, L_0x563d4e6eb300, L_0x563d4e6eb720;
LS_0x563d4e6f4170_0_28 .concat8 [ 1 1 1 1], L_0x563d4e6ebb00, L_0x563d4e6ec2f0, L_0x563d4e6ec660, L_0x563d4e6eca70;
LS_0x563d4e6f4170_0_32 .concat8 [ 1 1 1 1], L_0x563d4e6ece40, L_0x563d4e6ed260, L_0x563d4e6ed640, L_0x563d4e6eda70;
LS_0x563d4e6f4170_0_36 .concat8 [ 1 1 1 1], L_0x563d4e6ede60, L_0x563d4e6ee2d0, L_0x563d4e6ee700, L_0x563d4e6eeb80;
LS_0x563d4e6f4170_0_40 .concat8 [ 1 1 1 1], L_0x563d4e6eefc0, L_0x563d4e6ef450, L_0x563d4e6ef8a0, L_0x563d4e6efd10;
LS_0x563d4e6f4170_0_44 .concat8 [ 1 1 1 1], L_0x563d4e6f0140, L_0x563d4e6f0dd0, L_0x563d4e6f1170, L_0x563d4e6f1600;
LS_0x563d4e6f4170_0_48 .concat8 [ 1 1 1 1], L_0x563d4e6f1a50, L_0x563d4e6f1ef0, L_0x563d4e6f2350, L_0x563d4e6f2800;
LS_0x563d4e6f4170_0_52 .concat8 [ 1 1 1 1], L_0x563d4e6f2ca0, L_0x563d4e6f3190, L_0x563d4e6f3640, L_0x563d4e6f3b40;
LS_0x563d4e6f4170_0_56 .concat8 [ 1 1 0 0], L_0x563d4e6f4000, L_0x7fe77bd7ca90;
LS_0x563d4e6f4170_1_0 .concat8 [ 4 4 4 4], LS_0x563d4e6f4170_0_0, LS_0x563d4e6f4170_0_4, LS_0x563d4e6f4170_0_8, LS_0x563d4e6f4170_0_12;
LS_0x563d4e6f4170_1_4 .concat8 [ 4 4 4 4], LS_0x563d4e6f4170_0_16, LS_0x563d4e6f4170_0_20, LS_0x563d4e6f4170_0_24, LS_0x563d4e6f4170_0_28;
LS_0x563d4e6f4170_1_8 .concat8 [ 4 4 4 4], LS_0x563d4e6f4170_0_32, LS_0x563d4e6f4170_0_36, LS_0x563d4e6f4170_0_40, LS_0x563d4e6f4170_0_44;
LS_0x563d4e6f4170_1_12 .concat8 [ 4 4 2 0], LS_0x563d4e6f4170_0_48, LS_0x563d4e6f4170_0_52, LS_0x563d4e6f4170_0_56;
L_0x563d4e6f4170 .concat8 [ 16 16 16 10], LS_0x563d4e6f4170_1_0, LS_0x563d4e6f4170_1_4, LS_0x563d4e6f4170_1_8, LS_0x563d4e6f4170_1_12;
L_0x563d4e6f5a70 .cmp/eq 32, L_0x563d4e6f56d0, L_0x7fe77bd7cb20;
L_0x563d4e6f5c70 .cmp/eq 32, L_0x563d4e6f5bb0, L_0x7fe77bd7cbb0;
L_0x563d4e6f6520 .cmp/eq 32, L_0x563d4e6f6460, L_0x7fe77bd7cc40;
L_0x563d4e6f6b30 .cmp/eq 32, L_0x563d4e6f6a70, L_0x7fe77bd7ccd0;
L_0x563d4e6f7350 .part L_0x563d4e6f4170, 0, 57;
L_0x563d4e6f7440 .reduce/or L_0x563d4e6f7350;
L_0x563d4e6f8570 .part v0x563d4e68f710_0, 15, 5;
L_0x563d4e6f8660 .part v0x563d4e68f710_0, 20, 5;
L_0x563d4e6f89e0 .part v0x563d4e68f710_0, 7, 5;
L_0x563d4e6f8eb0 .reduce/nor L_0x563d4e6d6240;
L_0x563d4e6f92b0 .reduce/nor L_0x563d4e6dd8e0;
L_0x563d4e6f97c0 .reduce/nor L_0x563d4e6e16f0;
L_0x563d4e6f9c20 .reduce/nor L_0x7fe77bd7a060;
L_0x563d4e6fa140 .reduce/nor L_0x563d4e6dd8e0;
L_0x563d4e6fa600 .reduce/nor L_0x563d4e6e16f0;
L_0x563d4e6fab30 .reduce/nor L_0x7fe77bd7a060;
L_0x563d4e6fafb0 .reduce/nor L_0x563d4e6d6240;
L_0x563d4e6fb4f0 .reduce/nor L_0x563d4e6e16f0;
L_0x563d4e6fb9d0 .reduce/nor L_0x7fe77bd7a060;
L_0x563d4e6fbe80 .reduce/nor L_0x563d4e6d6240;
L_0x563d4e6fc370 .reduce/nor L_0x563d4e6dd8e0;
L_0x563d4e6fca10 .functor MUXZ 32, v0x563d4e694420_0, v0x563d4e638260_0, v0x563d4e637850_0, C4<>;
L_0x563d4e6fce90 .reduce/nor L_0x7fe77bd7a060;
L_0x563d4e6fcf30 .reduce/nor v0x563d4e690d30_0;
L_0x563d4e6fd7b0 .reduce/nor L_0x563d4e6d6240;
L_0x563d4e6fd960 .reduce/nor L_0x563d4e6dd8e0;
L_0x563d4e6fe360 .reduce/nor L_0x563d4e6e16f0;
L_0x563d4e7010a0 .part v0x563d4e68f710_0, 15, 5;
L_0x563d4e7014c0 .part v0x563d4e68f710_0, 20, 5;
S_0x563d4e64a440 .scope module, "u_regfile" "riscv_regfile" 7 133, 8 42 0, S_0x563d4e64a0c0;
 .timescale 0 0;
    .port_info 0 /INPUT 1 "clk_i";
    .port_info 1 /INPUT 1 "rst_i";
    .port_info 2 /INPUT 5 "rd0_i";
    .port_info 3 /INPUT 5 "rd1_i";
    .port_info 4 /INPUT 5 "rd2_i";
    .port_info 5 /INPUT 5 "rd3_i";
    .port_info 6 /INPUT 32 "rd0_value_i";
    .port_info 7 /INPUT 32 "rd1_value_i";
    .port_info 8 /INPUT 32 "rd2_value_i";
    .port_info 9 /INPUT 32 "rd3_value_i";
    .port_info 10 /INPUT 5 "ra_i";
    .port_info 11 /INPUT 5 "rb_i";
    .port_info 12 /OUTPUT 32 "ra_value_o";
    .port_info 13 /OUTPUT 32 "rb_value_o";
L_0x563d4e6e2cf0 .functor BUFZ 32, v0x563d4e652b80_0, C4<00000000000000000000000000000000>, C4<00000000000000000000000000000000>, C4<00000000000000000000000000000000>;
L_0x563d4e6e2d60 .functor BUFZ 32, v0x563d4e6528c0_0, C4<00000000000000000000000000000000>, C4<00000000000000000000000000000000>, C4<00000000000000000000000000000000>;
v0x563d4e653280_0 .net "clk_i", 0 0, v0x563d4e6b89b0_0;  alias, 1 drivers
v0x563d4e652f00_0 .net "ra_i", 4 0, L_0x563d4e6f8570;  alias, 1 drivers
v0x563d4e652fc0_0 .net "ra_value_o", 31 0, L_0x563d4e6e2cf0;  alias, 1 drivers
v0x563d4e652b80_0 .var "ra_value_r", 31 0;
v0x563d4e652c60_0 .net "rb_i", 4 0, L_0x563d4e6f8660;  alias, 1 drivers
v0x563d4e652800_0 .net "rb_value_o", 31 0, L_0x563d4e6e2d60;  alias, 1 drivers
v0x563d4e6528c0_0 .var "rb_value_r", 31 0;
v0x563d4e643360_0 .net "rd0_i", 4 0, v0x563d4e691220_0;  1 drivers
v0x563d4e643440_0 .net "rd0_value_i", 31 0, v0x563d4e6912f0_0;  1 drivers
v0x563d4e652480_0 .net "rd1_i", 4 0, L_0x563d4e6e24a0;  alias, 1 drivers
v0x563d4e652560_0 .net "rd1_value_i", 31 0, v0x563d4e69e140_0;  alias, 1 drivers
v0x563d4e652100_0 .net "rd2_i", 4 0, L_0x563d4e6e2820;  alias, 1 drivers
v0x563d4e6521e0_0 .net "rd2_value_i", 31 0, v0x563d4e653de0_0;  alias, 1 drivers
v0x563d4e651d80_0 .net "rd3_i", 4 0, L_0x563d4e6e2b80;  alias, 1 drivers
v0x563d4e651e20_0 .net "rd3_value_i", 31 0, v0x563d4e6abc70_0;  alias, 1 drivers
v0x563d4e651a00_0 .var "reg_r10_q", 31 0;
v0x563d4e651ae0_0 .var "reg_r11_q", 31 0;
v0x563d4e6510c0_0 .var "reg_r12_q", 31 0;
v0x563d4e6511a0_0 .var "reg_r13_q", 31 0;
v0x563d4e650d40_0 .var "reg_r14_q", 31 0;
v0x563d4e650e20_0 .var "reg_r15_q", 31 0;
v0x563d4e6509c0_0 .var "reg_r16_q", 31 0;
v0x563d4e650aa0_0 .var "reg_r17_q", 31 0;
v0x563d4e650640_0 .var "reg_r18_q", 31 0;
v0x563d4e650720_0 .var "reg_r19_q", 31 0;
v0x563d4e6502c0_0 .var "reg_r1_q", 31 0;
v0x563d4e6503a0_0 .var "reg_r20_q", 31 0;
v0x563d4e642fe0_0 .var "reg_r21_q", 31 0;
v0x563d4e6430c0_0 .var "reg_r22_q", 31 0;
v0x563d4e64ff40_0 .var "reg_r23_q", 31 0;
v0x563d4e650020_0 .var "reg_r24_q", 31 0;
v0x563d4e64fbc0_0 .var "reg_r25_q", 31 0;
v0x563d4e64fca0_0 .var "reg_r26_q", 31 0;
v0x563d4e64f840_0 .var "reg_r27_q", 31 0;
v0x563d4e64f920_0 .var "reg_r28_q", 31 0;
v0x563d4e64f4c0_0 .var "reg_r29_q", 31 0;
v0x563d4e64f5a0_0 .var "reg_r2_q", 31 0;
v0x563d4e64f140_0 .var "reg_r30_q", 31 0;
v0x563d4e64f220_0 .var "reg_r31_q", 31 0;
v0x563d4e64edc0_0 .var "reg_r3_q", 31 0;
v0x563d4e64eea0_0 .var "reg_r4_q", 31 0;
v0x563d4e64ea40_0 .var "reg_r5_q", 31 0;
v0x563d4e64eb20_0 .var "reg_r6_q", 31 0;
v0x563d4e64e6c0_0 .var "reg_r7_q", 31 0;
v0x563d4e64e7a0_0 .var "reg_r8_q", 31 0;
v0x563d4e64e340_0 .var "reg_r9_q", 31 0;
v0x563d4e64e420_0 .net "rst_i", 0 0, v0x563d4e6bb230_0;  alias, 1 drivers
E_0x563d4e4a4db0/0 .event edge, v0x563d4e645cc0_0, v0x563d4e6502c0_0, v0x563d4e64f5a0_0, v0x563d4e64edc0_0;
E_0x563d4e4a4db0/1 .event edge, v0x563d4e64eea0_0, v0x563d4e64ea40_0, v0x563d4e64eb20_0, v0x563d4e64e6c0_0;
E_0x563d4e4a4db0/2 .event edge, v0x563d4e64e7a0_0, v0x563d4e64e340_0, v0x563d4e651a00_0, v0x563d4e651ae0_0;
E_0x563d4e4a4db0/3 .event edge, v0x563d4e6510c0_0, v0x563d4e6511a0_0, v0x563d4e650d40_0, v0x563d4e650e20_0;
E_0x563d4e4a4db0/4 .event edge, v0x563d4e6509c0_0, v0x563d4e650aa0_0, v0x563d4e650640_0, v0x563d4e650720_0;
E_0x563d4e4a4db0/5 .event edge, v0x563d4e6503a0_0, v0x563d4e642fe0_0, v0x563d4e6430c0_0, v0x563d4e64ff40_0;
E_0x563d4e4a4db0/6 .event edge, v0x563d4e650020_0, v0x563d4e64fbc0_0, v0x563d4e64fca0_0, v0x563d4e64f840_0;
E_0x563d4e4a4db0/7 .event edge, v0x563d4e64f920_0, v0x563d4e64f4c0_0, v0x563d4e64f140_0, v0x563d4e64f220_0;
E_0x563d4e4a4db0/8 .event edge, v0x563d4e645fb0_0;
E_0x563d4e4a4db0 .event/or E_0x563d4e4a4db0/0, E_0x563d4e4a4db0/1, E_0x563d4e4a4db0/2, E_0x563d4e4a4db0/3, E_0x563d4e4a4db0/4, E_0x563d4e4a4db0/5, E_0x563d4e4a4db0/6, E_0x563d4e4a4db0/7, E_0x563d4e4a4db0/8;
S_0x563d4e648f40 .scope module, "u_exec" "riscv_exec" 4 178, 9 42 0, S_0x563d4e654e80;
 .timescale 0 0;
    .port_info 0 /INPUT 1 "clk_i";
    .port_info 1 /INPUT 1 "rst_i";
    .port_info 2 /INPUT 1 "opcode_valid_i";
    .port_info 3 /INPUT 58 "opcode_instr_i";
    .port_info 4 /INPUT 32 "opcode_opcode_i";
    .port_info 5 /INPUT 32 "opcode_pc_i";
    .port_info 6 /INPUT 5 "opcode_rd_idx_i";
    .port_info 7 /INPUT 5 "opcode_ra_idx_i";
    .port_info 8 /INPUT 5 "opcode_rb_idx_i";
    .port_info 9 /INPUT 32 "opcode_ra_operand_i";
    .port_info 10 /INPUT 32 "opcode_rb_operand_i";
    .port_info 11 /OUTPUT 1 "branch_request_o";
    .port_info 12 /OUTPUT 32 "branch_pc_o";
    .port_info 13 /OUTPUT 5 "writeback_idx_o";
    .port_info 14 /OUTPUT 1 "writeback_squash_o";
    .port_info 15 /OUTPUT 32 "writeback_value_o";
    .port_info 16 /OUTPUT 1 "stall_o";
L_0x563d4e5cff30 .functor AND 1, v0x563d4e694270_0, L_0x563d4e6f9b60, C4<1>, C4<1>;
L_0x563d4e5a21d0 .functor BUFZ 32, v0x563d4e695200_0, C4<00000000000000000000000000000000>, C4<00000000000000000000000000000000>, C4<00000000000000000000000000000000>;
v0x563d4e693d40_0 .var "alu_func_r", 3 0;
v0x563d4e693e20_0 .var "alu_input_a_r", 31 0;
v0x563d4e693ef0_0 .var "alu_input_b_r", 31 0;
v0x563d4e693ff0_0 .net "alu_p_w", 31 0, L_0x563d4e59ed20;  1 drivers
v0x563d4e6940c0_0 .var "bimm_r", 31 0;
v0x563d4e694160_0 .net "branch_pc_o", 31 0, v0x563d4e694420_0;  alias, 1 drivers
v0x563d4e694270_0 .var "branch_r", 0 0;
v0x563d4e694330_0 .net "branch_request_o", 0 0, L_0x563d4e5cff30;  alias, 1 drivers
v0x563d4e694420_0 .var "branch_target_r", 31 0;
v0x563d4e694590_0 .net "clk_i", 0 0, v0x563d4e6b89b0_0;  alias, 1 drivers
v0x563d4e6946c0_0 .var "imm12_r", 31 0;
v0x563d4e6947a0_0 .var "imm20_r", 31 0;
v0x563d4e694880_0 .var "jimm20_r", 31 0;
v0x563d4e694960_0 .net "opcode_instr_i", 57 0, v0x563d4e68fd30_0;  alias, 1 drivers
v0x563d4e694a20_0 .net "opcode_opcode_i", 31 0, L_0x563d4e6f81c0;  alias, 1 drivers
v0x563d4e694ae0_0 .net "opcode_pc_i", 31 0, v0x563d4e6906d0_0;  alias, 1 drivers
v0x563d4e694bf0_0 .net "opcode_ra_idx_i", 4 0, L_0x563d4e6f8570;  alias, 1 drivers
v0x563d4e694cb0_0 .net "opcode_ra_operand_i", 31 0, v0x563d4e6901f0_0;  alias, 1 drivers
v0x563d4e694dc0_0 .net "opcode_rb_idx_i", 4 0, L_0x563d4e6f8660;  alias, 1 drivers
v0x563d4e694e80_0 .net "opcode_rb_operand_i", 31 0, v0x563d4e690480_0;  alias, 1 drivers
v0x563d4e694f90_0 .net "opcode_rd_idx_i", 4 0, L_0x563d4e6f89e0;  alias, 1 drivers
v0x563d4e6950a0_0 .net "opcode_valid_i", 0 0, L_0x563d4e6f9b60;  alias, 1 drivers
v0x563d4e695140_0 .var "rd_x_q", 4 0;
v0x563d4e695200_0 .var "result_q", 31 0;
v0x563d4e6952e0_0 .net "rst_i", 0 0, v0x563d4e6bb230_0;  alias, 1 drivers
v0x563d4e695380_0 .var "shamt_r", 4 0;
v0x563d4e695460_0 .net "stall_o", 0 0, L_0x7fe77bd7a060;  alias, 1 drivers
v0x563d4e695500_0 .var "storeimm_r", 31 0;
v0x563d4e6955c0_0 .var "write_rd_r", 0 0;
v0x563d4e695680_0 .net "writeback_idx_o", 4 0, v0x563d4e695140_0;  alias, 1 drivers
v0x563d4e695740_0 .net "writeback_squash_o", 0 0, L_0x7fe77bd7a018;  alias, 1 drivers
v0x563d4e6957e0_0 .net "writeback_value_o", 31 0, L_0x563d4e5a21d0;  alias, 1 drivers
E_0x563d4e692490/0 .event edge, v0x563d4e645be0_0, v0x563d4e6940c0_0, v0x563d4e657f80_0, v0x563d4e694880_0;
E_0x563d4e692490/1 .event edge, v0x563d4e645ed0_0, v0x563d4e6946c0_0, v0x563d4e6461c0_0;
E_0x563d4e692490 .event/or E_0x563d4e692490/0, E_0x563d4e692490/1;
E_0x563d4e692530/0 .event edge, v0x563d4e657f80_0, v0x563d4e645ed0_0, v0x563d4e6461c0_0, v0x563d4e6946c0_0;
E_0x563d4e692530/1 .event edge, v0x563d4e695380_0, v0x563d4e6947a0_0, v0x563d4e645be0_0;
E_0x563d4e692530 .event/or E_0x563d4e692530/0, E_0x563d4e692530/1;
E_0x563d4e6925b0 .event edge, v0x563d4e658060_0;
S_0x563d4e6484c0 .scope function.vec4.s1, "greater_than_signed" "greater_than_signed" 9 290, 9 290 0, S_0x563d4e648f40;
 .timescale 0 0;
; Variable greater_than_signed is vec4 return value of scope S_0x563d4e6484c0
v0x563d4e692780_0 .var "v", 31 0;
v0x563d4e692860_0 .var "x", 31 0;
v0x563d4e692920_0 .var "y", 31 0;
TD_tb_riscv_core.u_dut.u_exec.greater_than_signed ;
    %load/vec4 v0x563d4e692920_0;
    %load/vec4 v0x563d4e692860_0;
    %sub;
    %store/vec4 v0x563d4e692780_0, 0, 32;
    %load/vec4 v0x563d4e692860_0;
    %parti/s 1, 31, 6;
    %load/vec4 v0x563d4e692920_0;
    %parti/s 1, 31, 6;
    %cmp/ne;
    %jmp/0xz  T_4.87, 4;
    %load/vec4 v0x563d4e692920_0;
    %parti/s 1, 31, 6;
    %ret/vec4 0, 0, 1;  Assign to greater_than_signed (store_vec4_to_lval)
    %jmp T_4.88;
T_4.87 ;
    %load/vec4 v0x563d4e692780_0;
    %parti/s 1, 31, 6;
    %ret/vec4 0, 0, 1;  Assign to greater_than_signed (store_vec4_to_lval)
T_4.88 ;
    %end;
S_0x563d4e64a7c0 .scope function.vec4.s1, "less_than_signed" "less_than_signed" 9 272, 9 272 0, S_0x563d4e648f40;
 .timescale 0 0;
; Variable less_than_signed is vec4 return value of scope S_0x563d4e64a7c0
v0x563d4e692b50_0 .var "v", 31 0;
v0x563d4e692c30_0 .var "x", 31 0;
v0x563d4e692d20_0 .var "y", 31 0;
TD_tb_riscv_core.u_dut.u_exec.less_than_signed ;
    %load/vec4 v0x563d4e692c30_0;
    %load/vec4 v0x563d4e692d20_0;
    %sub;
    %store/vec4 v0x563d4e692b50_0, 0, 32;
    %load/vec4 v0x563d4e692c30_0;
    %parti/s 1, 31, 6;
    %load/vec4 v0x563d4e692d20_0;
    %parti/s 1, 31, 6;
    %cmp/ne;
    %jmp/0xz  T_5.89, 4;
    %load/vec4 v0x563d4e692c30_0;
    %parti/s 1, 31, 6;
    %ret/vec4 0, 0, 1;  Assign to less_than_signed (store_vec4_to_lval)
    %jmp T_5.90;
T_5.89 ;
    %load/vec4 v0x563d4e692b50_0;
    %parti/s 1, 31, 6;
    %ret/vec4 0, 0, 1;  Assign to less_than_signed (store_vec4_to_lval)
T_5.90 ;
    %end;
S_0x563d4e6492c0 .scope module, "u_alu" "riscv_alu" 9 364, 10 42 0, S_0x563d4e648f40;
 .timescale 0 0;
    .port_info 0 /INPUT 4 "alu_op_i";
    .port_info 1 /INPUT 32 "alu_a_i";
    .port_info 2 /INPUT 32 "alu_b_i";
    .port_info 3 /OUTPUT 32 "alu_p_o";
L_0x563d4e59ed20 .functor BUFZ 32, v0x563d4e6932d0_0, C4<00000000000000000000000000000000>, C4<00000000000000000000000000000000>, C4<00000000000000000000000000000000>;
v0x563d4e692f20_0 .net "alu_a_i", 31 0, v0x563d4e693e20_0;  1 drivers
v0x563d4e693020_0 .net "alu_b_i", 31 0, v0x563d4e693ef0_0;  1 drivers
v0x563d4e693100_0 .net "alu_op_i", 3 0, v0x563d4e693d40_0;  1 drivers
v0x563d4e6931f0_0 .net "alu_p_o", 31 0, L_0x563d4e59ed20;  alias, 1 drivers
v0x563d4e6932d0_0 .var "result_r", 31 0;
v0x563d4e693400_0 .var "shift_left_1_r", 31 0;
v0x563d4e6934e0_0 .var "shift_left_2_r", 31 0;
v0x563d4e6935c0_0 .var "shift_left_4_r", 31 0;
v0x563d4e6936a0_0 .var "shift_left_8_r", 31 0;
v0x563d4e693780_0 .var "shift_right_1_r", 31 0;
v0x563d4e693860_0 .var "shift_right_2_r", 31 0;
v0x563d4e693940_0 .var "shift_right_4_r", 31 0;
v0x563d4e693a20_0 .var "shift_right_8_r", 31 0;
v0x563d4e693b00_0 .var "shift_right_fill_r", 31 16;
v0x563d4e693be0_0 .net "sub_res_w", 31 0, L_0x563d4e6bb360;  1 drivers
E_0x563d4e692eb0 .event edge, v0x563d4e693be0_0, v0x563d4e693020_0, v0x563d4e692f20_0, v0x563d4e693100_0;
L_0x563d4e6bb360 .arith/sub 32, v0x563d4e693e20_0, v0x563d4e693ef0_0;
S_0x563d4e6499c0 .scope module, "u_fetch" "riscv_fetch" 4 485, 11 42 0, S_0x563d4e654e80;
 .timescale 0 0;
    .port_info 0 /INPUT 1 "clk_i";
    .port_info 1 /INPUT 1 "rst_i";
    .port_info 2 /INPUT 1 "fetch_branch_i";
    .port_info 3 /INPUT 32 "fetch_branch_pc_i";
    .port_info 4 /INPUT 1 "fetch_accept_i";
    .port_info 5 /INPUT 1 "icache_accept_i";
    .port_info 6 /INPUT 1 "icache_valid_i";
    .port_info 7 /INPUT 1 "icache_error_i";
    .port_info 8 /INPUT 32 "icache_inst_i";
    .port_info 9 /INPUT 1 "mmu_fetch_fault_i";
    .port_info 10 /INPUT 1 "fetch_invalidate_i";
    .port_info 11 /OUTPUT 1 "fetch_valid_o";
    .port_info 12 /OUTPUT 32 "fetch_instr_o";
    .port_info 13 /OUTPUT 32 "fetch_pc_o";
    .port_info 14 /OUTPUT 1 "icache_rd_o";
    .port_info 15 /OUTPUT 1 "icache_flush_o";
    .port_info 16 /OUTPUT 1 "icache_invalidate_o";
    .port_info 17 /OUTPUT 32 "icache_pc_o";
L_0x563d4e6fea50 .functor AND 1, v0x563d4e697560_0, L_0x563d4e6fe9b0, C4<1>, C4<1>;
L_0x563d4e6feb60 .functor OR 1, L_0x563d4e6feac0, L_0x563d4e6fea50, C4<0>, C4<0>;
L_0x563d4e6fecc0 .functor OR 1, L_0x563d4e6feb60, L_0x563d4e6fec20, C4<0>, C4<0>;
L_0x563d4e6fed80 .functor OR 1, v0x563d4e696af0_0, L_0x563d4e6fc910, C4<0>, C4<0>;
L_0x563d4e6fef20 .functor AND 1, v0x563d4e696af0_0, L_0x563d4e6fee80, C4<1>, C4<1>;
L_0x563d4e6ff160 .functor AND 1, v0x563d4e696870_0, L_0x563d4e6fe510, C4<1>, C4<1>;
L_0x563d4e6ff270 .functor AND 1, L_0x563d4e6ff160, L_0x563d4e6ff1d0, C4<1>, C4<1>;
L_0x563d4e6ff470 .functor OR 1, v0x563d4e68f650_0, v0x563d4e697880_0, C4<0>, C4<0>;
L_0x563d4e6ff6e0 .functor OR 1, v0x563d4e697060_0, L_0x563d4e6ce310, C4<0>, C4<0>;
L_0x563d4e6ff750 .functor OR 1, L_0x563d4e6ff6e0, v0x563d4e697fa0_0, C4<0>, C4<0>;
L_0x563d4e6ff910 .functor AND 1, L_0x563d4e6ff750, L_0x563d4e6ff820, C4<1>, C4<1>;
v0x563d4e695de0_0 .net *"_ivl_1", 0 0, L_0x563d4e6fe9b0;  1 drivers
v0x563d4e695ec0_0 .net *"_ivl_15", 0 0, L_0x563d4e6fee80;  1 drivers
v0x563d4e695f80_0 .net *"_ivl_16", 0 0, L_0x563d4e6fef20;  1 drivers
v0x563d4e696040_0 .net *"_ivl_20", 0 0, L_0x563d4e6ff160;  1 drivers
v0x563d4e696120_0 .net *"_ivl_23", 0 0, L_0x563d4e6ff1d0;  1 drivers
v0x563d4e696230_0 .net *"_ivl_33", 0 0, L_0x563d4e6ff6e0;  1 drivers
v0x563d4e6962f0_0 .net *"_ivl_35", 0 0, L_0x563d4e6ff750;  1 drivers
v0x563d4e6963b0_0 .net *"_ivl_37", 0 0, L_0x563d4e6ff820;  1 drivers
v0x563d4e696470_0 .net *"_ivl_41", 31 0, L_0x563d4e6ff980;  1 drivers
v0x563d4e696550_0 .net *"_ivl_45", 31 0, L_0x563d4e6ffb20;  1 drivers
v0x563d4e696630_0 .net *"_ivl_5", 0 0, L_0x563d4e6feac0;  1 drivers
v0x563d4e6966f0_0 .net *"_ivl_7", 0 0, L_0x563d4e6feb60;  1 drivers
v0x563d4e6967b0_0 .net *"_ivl_9", 0 0, L_0x563d4e6fec20;  1 drivers
v0x563d4e696870_0 .var "active_q", 0 0;
v0x563d4e696930_0 .var "branch_pc_q", 31 0;
v0x563d4e696a10_0 .net "branch_pc_w", 31 0, L_0x563d4e6fefe0;  1 drivers
v0x563d4e696af0_0 .var "branch_valid_q", 0 0;
v0x563d4e696bb0_0 .net "branch_w", 0 0, L_0x563d4e6fed80;  1 drivers
v0x563d4e696c70_0 .net "clk_i", 0 0, v0x563d4e6b89b0_0;  alias, 1 drivers
v0x563d4e696d10_0 .net "fetch_accept_i", 0 0, L_0x563d4e6fe510;  alias, 1 drivers
v0x563d4e696db0_0 .net "fetch_branch_i", 0 0, L_0x563d4e6fc910;  alias, 1 drivers
v0x563d4e696e50_0 .net "fetch_branch_pc_i", 31 0, L_0x563d4e6fca10;  alias, 1 drivers
v0x563d4e696ef0_0 .net "fetch_instr_o", 31 0, L_0x563d4e6ffc10;  alias, 1 drivers
v0x563d4e696f90_0 .net "fetch_invalidate_i", 0 0, v0x563d4e68f650_0;  alias, 1 drivers
v0x563d4e697060_0 .var "fetch_page_fault_q", 0 0;
v0x563d4e697100_0 .net "fetch_pc_o", 31 0, L_0x563d4e6ffa20;  alias, 1 drivers
v0x563d4e6971d0_0 .var "fetch_pc_q", 31 0;
v0x563d4e697270_0 .net "fetch_valid_o", 0 0, L_0x563d4e6ff910;  alias, 1 drivers
v0x563d4e697340_0 .net "icache_accept_i", 0 0, L_0x563d4e6ce250;  alias, 1 drivers
v0x563d4e6973e0_0 .net "icache_busy_w", 0 0, L_0x563d4e6fea50;  1 drivers
v0x563d4e6974a0_0 .net "icache_error_i", 0 0, L_0x563d4e6ce480;  alias, 1 drivers
v0x563d4e697560_0 .var "icache_fetch_q", 0 0;
v0x563d4e697620_0 .net "icache_flush_o", 0 0, L_0x563d4e6ff470;  alias, 1 drivers
v0x563d4e6976e0_0 .net "icache_inst_i", 31 0, L_0x563d4e6ce4f0;  alias, 1 drivers
v0x563d4e6977c0_0 .net "icache_invalidate_o", 0 0, L_0x7fe77bd7cd18;  alias, 1 drivers
v0x563d4e697880_0 .var "icache_invalidate_q", 0 0;
v0x563d4e697940_0 .net "icache_pc_o", 31 0, L_0x563d4e6ff330;  alias, 1 drivers
v0x563d4e697a20_0 .net "icache_rd_o", 0 0, L_0x563d4e6ff270;  alias, 1 drivers
v0x563d4e697ae0_0 .net "icache_valid_i", 0 0, L_0x563d4e6ce310;  alias, 1 drivers
v0x563d4e697ba0_0 .var "instruction_r", 31 0;
v0x563d4e697c80_0 .net "mmu_fetch_fault_i", 0 0, v0x563d4e6a6ad0_0;  alias, 1 drivers
v0x563d4e697d40_0 .var "pc_d_q", 31 0;
v0x563d4e697e20_0 .net "rst_i", 0 0, v0x563d4e6bb230_0;  alias, 1 drivers
v0x563d4e697ec0_0 .var "skid_buffer_q", 63 0;
v0x563d4e697fa0_0 .var "skid_valid_q", 0 0;
v0x563d4e698060_0 .net "stall_w", 0 0, L_0x563d4e6fecc0;  1 drivers
E_0x563d4e4feab0 .event edge, v0x563d4e697060_0, v0x563d4e6974a0_0, v0x563d4e6976e0_0;
L_0x563d4e6fe9b0 .reduce/nor L_0x563d4e6ce310;
L_0x563d4e6feac0 .reduce/nor L_0x563d4e6fe510;
L_0x563d4e6fec20 .reduce/nor L_0x563d4e6ce250;
L_0x563d4e6fee80 .reduce/nor L_0x563d4e6fc910;
L_0x563d4e6fefe0 .functor MUXZ 32, L_0x563d4e6fca10, v0x563d4e696930_0, L_0x563d4e6fef20, C4<>;
L_0x563d4e6ff1d0 .reduce/nor L_0x563d4e6fea50;
L_0x563d4e6ff330 .functor MUXZ 32, v0x563d4e6971d0_0, L_0x563d4e6fefe0, L_0x563d4e6fed80, C4<>;
L_0x563d4e6ff820 .reduce/nor L_0x563d4e6fed80;
L_0x563d4e6ff980 .part v0x563d4e697ec0_0, 32, 32;
L_0x563d4e6ffa20 .functor MUXZ 32, v0x563d4e697d40_0, L_0x563d4e6ff980, v0x563d4e697fa0_0, C4<>;
L_0x563d4e6ffb20 .part v0x563d4e697ec0_0, 0, 32;
L_0x563d4e6ffc10 .functor MUXZ 32, v0x563d4e697ba0_0, L_0x563d4e6ffb20, v0x563d4e697fa0_0, C4<>;
S_0x563d4e698400 .scope module, "u_lsu" "riscv_lsu" 4 326, 12 42 0, S_0x563d4e654e80;
 .timescale 0 0;
    .port_info 0 /INPUT 1 "clk_i";
    .port_info 1 /INPUT 1 "rst_i";
    .port_info 2 /INPUT 1 "opcode_valid_i";
    .port_info 3 /INPUT 58 "opcode_instr_i";
    .port_info 4 /INPUT 32 "opcode_opcode_i";
    .port_info 5 /INPUT 32 "opcode_pc_i";
    .port_info 6 /INPUT 5 "opcode_rd_idx_i";
    .port_info 7 /INPUT 5 "opcode_ra_idx_i";
    .port_info 8 /INPUT 5 "opcode_rb_idx_i";
    .port_info 9 /INPUT 32 "opcode_ra_operand_i";
    .port_info 10 /INPUT 32 "opcode_rb_operand_i";
    .port_info 11 /INPUT 32 "mem_data_rd_i";
    .port_info 12 /INPUT 1 "mem_accept_i";
    .port_info 13 /INPUT 1 "mem_ack_i";
    .port_info 14 /INPUT 1 "mem_error_i";
    .port_info 15 /INPUT 11 "mem_resp_tag_i";
    .port_info 16 /INPUT 1 "mmu_load_fault_i";
    .port_info 17 /INPUT 1 "mmu_store_fault_i";
    .port_info 18 /INPUT 32 "mmu_fault_addr_i";
    .port_info 19 /OUTPUT 32 "mem_addr_o";
    .port_info 20 /OUTPUT 32 "mem_data_wr_o";
    .port_info 21 /OUTPUT 1 "mem_rd_o";
    .port_info 22 /OUTPUT 4 "mem_wr_o";
    .port_info 23 /OUTPUT 1 "mem_cacheable_o";
    .port_info 24 /OUTPUT 11 "mem_req_tag_o";
    .port_info 25 /OUTPUT 1 "mem_invalidate_o";
    .port_info 26 /OUTPUT 1 "mem_flush_o";
    .port_info 27 /OUTPUT 5 "writeback_idx_o";
    .port_info 28 /OUTPUT 1 "writeback_squash_o";
    .port_info 29 /OUTPUT 32 "writeback_value_o";
    .port_info 30 /OUTPUT 1 "fault_store_o";
    .port_info 31 /OUTPUT 1 "fault_load_o";
    .port_info 32 /OUTPUT 1 "fault_misaligned_store_o";
    .port_info 33 /OUTPUT 1 "fault_misaligned_load_o";
    .port_info 34 /OUTPUT 1 "fault_page_store_o";
    .port_info 35 /OUTPUT 1 "fault_page_load_o";
    .port_info 36 /OUTPUT 32 "fault_addr_o";
    .port_info 37 /OUTPUT 1 "stall_o";
L_0x563d4e6d3c20 .functor OR 1, L_0x563d4e6d3ae0, L_0x563d4e6d3b80, C4<0>, C4<0>;
L_0x563d4e6d3e40 .functor OR 1, L_0x563d4e6d3c20, L_0x563d4e6d3c90, C4<0>, C4<0>;
L_0x563d4e6d3f80 .functor OR 1, L_0x563d4e6d3e40, L_0x563d4e6d3eb0, C4<0>, C4<0>;
L_0x563d4e6d4090 .functor OR 1, L_0x563d4e6d3f80, L_0x563d4e6d3ff0, C4<0>, C4<0>;
L_0x563d4e6d4210 .functor OR 1, L_0x563d4e6d4090, L_0x563d4e6d4130, C4<0>, C4<0>;
L_0x563d4e6d43c0 .functor OR 1, L_0x563d4e6d4280, L_0x563d4e6d4320, C4<0>, C4<0>;
L_0x563d4e6d4510 .functor OR 1, L_0x563d4e6d43c0, L_0x563d4e6d4470, C4<0>, C4<0>;
L_0x563d4e6d4720 .functor OR 1, L_0x563d4e6d4580, L_0x563d4e6d4680, C4<0>, C4<0>;
L_0x563d4e6d48f0 .functor OR 1, L_0x563d4e6d4720, L_0x563d4e6d47e0, C4<0>, C4<0>;
L_0x563d4e6d4880 .functor AND 1, L_0x563d4e6d49b0, L_0x563d4e6d4b70, C4<1>, C4<1>;
L_0x563d4e6d5110 .functor AND 1, L_0x563d4e6d4db0, L_0x563d4e6d4f80, C4<1>, C4<1>;
L_0x563d4e6d55c0 .functor AND 1, L_0x563d4e6d5220, L_0x563d4e6d5070, C4<1>, C4<1>;
L_0x563d4e6d5db0 .functor OR 1, v0x563d4e69cbd0_0, v0x563d4e69ca50_0, C4<0>, C4<0>;
L_0x563d4e6d5e50 .functor OR 1, L_0x563d4e6d5db0, v0x563d4e69cd50_0, C4<0>, C4<0>;
L_0x563d4e6d60a0 .functor OR 1, L_0x563d4e6d5e50, L_0x563d4e6d5a90, C4<0>, C4<0>;
L_0x563d4e6d6240 .functor AND 1, L_0x563d4e6d60a0, L_0x563d4e6d6110, C4<1>, C4<1>;
L_0x563d4e6d6380 .functor BUFZ 32, v0x563d4e69b750_0, C4<00000000000000000000000000000000>, C4<00000000000000000000000000000000>, C4<00000000000000000000000000000000>;
L_0x563d4e6d66c0 .functor AND 1, L_0x563d4e6d65f0, L_0x563d4e6d06d0, C4<1>, C4<1>;
L_0x563d4e6d6dd0 .functor AND 1, L_0x563d4e6d6ba0, L_0x563d4e6d06d0, C4<1>, C4<1>;
L_0x563d4e6d71a0 .functor BUFZ 1, v0x563d4e6a7360_0, C4<0>, C4<0>, C4<0>;
L_0x563d4e6d7310 .functor BUFZ 1, v0x563d4e6a3f00_0, C4<0>, C4<0>, C4<0>;
v0x563d4e695b40_0 .net *"_ivl_1", 0 0, L_0x563d4e6d3ae0;  1 drivers
v0x563d4e698b40_0 .net *"_ivl_105", 2 0, L_0x563d4e6d63f0;  1 drivers
L_0x7fe77bd7a5b8 .functor BUFT 1, C4<000>, C4<0>, C4<0>, C4<0>;
v0x563d4e698c20_0 .net/2u *"_ivl_106", 2 0, L_0x7fe77bd7a5b8;  1 drivers
v0x563d4e698d10_0 .net *"_ivl_108", 0 0, L_0x563d4e6d65f0;  1 drivers
v0x563d4e698dd0_0 .net *"_ivl_11", 0 0, L_0x563d4e6d3eb0;  1 drivers
v0x563d4e698f00_0 .net *"_ivl_111", 0 0, L_0x563d4e6d66c0;  1 drivers
L_0x7fe77bd7a600 .functor BUFT 1, C4<0>, C4<0>, C4<0>, C4<0>;
v0x563d4e698fc0_0 .net/2u *"_ivl_112", 0 0, L_0x7fe77bd7a600;  1 drivers
v0x563d4e6990a0_0 .net *"_ivl_117", 2 0, L_0x563d4e6d6b00;  1 drivers
L_0x7fe77bd7a648 .functor BUFT 1, C4<000>, C4<0>, C4<0>, C4<0>;
v0x563d4e699180_0 .net/2u *"_ivl_118", 2 0, L_0x7fe77bd7a648;  1 drivers
v0x563d4e699260_0 .net *"_ivl_120", 0 0, L_0x563d4e6d6ba0;  1 drivers
v0x563d4e699320_0 .net *"_ivl_123", 0 0, L_0x563d4e6d6dd0;  1 drivers
L_0x7fe77bd7a690 .functor BUFT 1, C4<0>, C4<0>, C4<0>, C4<0>;
v0x563d4e6993e0_0 .net/2u *"_ivl_124", 0 0, L_0x7fe77bd7a690;  1 drivers
v0x563d4e6994c0_0 .net *"_ivl_13", 0 0, L_0x563d4e6d3f80;  1 drivers
v0x563d4e699580_0 .net *"_ivl_15", 0 0, L_0x563d4e6d3ff0;  1 drivers
v0x563d4e699660_0 .net *"_ivl_17", 0 0, L_0x563d4e6d4090;  1 drivers
v0x563d4e699720_0 .net *"_ivl_19", 0 0, L_0x563d4e6d4130;  1 drivers
v0x563d4e699800_0 .net *"_ivl_23", 0 0, L_0x563d4e6d4280;  1 drivers
v0x563d4e6998e0_0 .net *"_ivl_25", 0 0, L_0x563d4e6d4320;  1 drivers
v0x563d4e6999c0_0 .net *"_ivl_27", 0 0, L_0x563d4e6d43c0;  1 drivers
v0x563d4e699a80_0 .net *"_ivl_29", 0 0, L_0x563d4e6d4470;  1 drivers
v0x563d4e699b60_0 .net *"_ivl_3", 0 0, L_0x563d4e6d3b80;  1 drivers
v0x563d4e699c40_0 .net *"_ivl_33", 0 0, L_0x563d4e6d4580;  1 drivers
v0x563d4e699d20_0 .net *"_ivl_35", 0 0, L_0x563d4e6d4680;  1 drivers
v0x563d4e699e00_0 .net *"_ivl_37", 0 0, L_0x563d4e6d4720;  1 drivers
v0x563d4e699ec0_0 .net *"_ivl_39", 0 0, L_0x563d4e6d47e0;  1 drivers
v0x563d4e699fa0_0 .net *"_ivl_43", 0 0, L_0x563d4e6d49b0;  1 drivers
v0x563d4e69a080_0 .net *"_ivl_45", 11 0, L_0x563d4e6d4a50;  1 drivers
L_0x7fe77bd7a498 .functor BUFT 1, C4<001110100000>, C4<0>, C4<0>, C4<0>;
v0x563d4e69a160_0 .net/2u *"_ivl_46", 11 0, L_0x7fe77bd7a498;  1 drivers
v0x563d4e69a240_0 .net *"_ivl_48", 0 0, L_0x563d4e6d4b70;  1 drivers
v0x563d4e69a300_0 .net *"_ivl_5", 0 0, L_0x563d4e6d3c20;  1 drivers
v0x563d4e69a3c0_0 .net *"_ivl_53", 0 0, L_0x563d4e6d4db0;  1 drivers
v0x563d4e69a4a0_0 .net *"_ivl_55", 11 0, L_0x563d4e6d4ee0;  1 drivers
L_0x7fe77bd7a4e0 .functor BUFT 1, C4<001110100001>, C4<0>, C4<0>, C4<0>;
v0x563d4e69a580_0 .net/2u *"_ivl_56", 11 0, L_0x7fe77bd7a4e0;  1 drivers
v0x563d4e69a870_0 .net *"_ivl_58", 0 0, L_0x563d4e6d4f80;  1 drivers
v0x563d4e69a930_0 .net *"_ivl_63", 0 0, L_0x563d4e6d5220;  1 drivers
v0x563d4e69aa10_0 .net *"_ivl_65", 11 0, L_0x563d4e6d52c0;  1 drivers
L_0x7fe77bd7a528 .functor BUFT 1, C4<001110100010>, C4<0>, C4<0>, C4<0>;
v0x563d4e69aaf0_0 .net/2u *"_ivl_66", 11 0, L_0x7fe77bd7a528;  1 drivers
v0x563d4e69abd0_0 .net *"_ivl_68", 0 0, L_0x563d4e6d5070;  1 drivers
v0x563d4e69ac90_0 .net *"_ivl_7", 0 0, L_0x563d4e6d3c90;  1 drivers
v0x563d4e69ad70_0 .net *"_ivl_89", 0 0, L_0x563d4e6d5db0;  1 drivers
v0x563d4e69ae30_0 .net *"_ivl_9", 0 0, L_0x563d4e6d3e40;  1 drivers
v0x563d4e69aef0_0 .net *"_ivl_91", 0 0, L_0x563d4e6d5e50;  1 drivers
L_0x7fe77bd7a570 .functor BUFT 1, C4<0000>, C4<0>, C4<0>, C4<0>;
v0x563d4e69afb0_0 .net/2u *"_ivl_92", 3 0, L_0x7fe77bd7a570;  1 drivers
v0x563d4e69b090_0 .net *"_ivl_94", 0 0, L_0x563d4e6d5a90;  1 drivers
v0x563d4e69b150_0 .net *"_ivl_97", 0 0, L_0x563d4e6d60a0;  1 drivers
v0x563d4e69b210_0 .net *"_ivl_99", 0 0, L_0x563d4e6d6110;  1 drivers
v0x563d4e69b2d0_0 .var "addr_lsb_r", 1 0;
v0x563d4e69b3b0_0 .net "clk_i", 0 0, v0x563d4e6b89b0_0;  alias, 1 drivers
v0x563d4e69b450_0 .net "dcache_flush_w", 0 0, L_0x563d4e6d4880;  1 drivers
v0x563d4e69b510_0 .net "dcache_invalidate_w", 0 0, L_0x563d4e6d55c0;  1 drivers
v0x563d4e69b5d0_0 .net "dcache_writeback_w", 0 0, L_0x563d4e6d5110;  1 drivers
v0x563d4e69b690_0 .net "fault_addr_o", 31 0, L_0x563d4e6d6380;  alias, 1 drivers
v0x563d4e69b750_0 .var "fault_addr_r", 31 0;
v0x563d4e69b810_0 .net "fault_load_o", 0 0, L_0x563d4e6d68f0;  alias, 1 drivers
v0x563d4e69b8e0_0 .net "fault_misaligned_load_o", 0 0, v0x563d4e69d0b0_0;  alias, 1 drivers
v0x563d4e69b9b0_0 .net "fault_misaligned_store_o", 0 0, v0x563d4e69d230_0;  alias, 1 drivers
v0x563d4e69ba80_0 .net "fault_page_load_o", 0 0, L_0x563d4e6d7310;  alias, 1 drivers
v0x563d4e69bb20_0 .net "fault_page_store_o", 0 0, L_0x563d4e6d71a0;  alias, 1 drivers
v0x563d4e69bbf0_0 .net "fault_store_o", 0 0, L_0x563d4e6d6e90;  alias, 1 drivers
v0x563d4e69bc90_0 .var "load_byte_r", 0 0;
v0x563d4e69bd30_0 .var "load_half_r", 0 0;
v0x563d4e69bdd0_0 .net "load_inst_w", 0 0, L_0x563d4e6d4210;  1 drivers
v0x563d4e69be70_0 .net "load_signed_inst_w", 0 0, L_0x563d4e6d4510;  1 drivers
v0x563d4e69bf10_0 .var "load_signed_r", 0 0;
v0x563d4e69bfd0_0 .var "load_word_r", 0 0;
v0x563d4e69c090_0 .net "mem_accept_i", 0 0, L_0x563d4e6d1300;  alias, 1 drivers
v0x563d4e69c150_0 .net "mem_ack_i", 0 0, L_0x563d4e6d0460;  alias, 1 drivers
v0x563d4e69c210_0 .net "mem_addr_o", 31 0, v0x563d4e69c2f0_0;  alias, 1 drivers
v0x563d4e69c2f0_0 .var "mem_addr_q", 31 0;
v0x563d4e69c3d0_0 .var "mem_addr_r", 31 0;
v0x563d4e69c4b0_0 .net "mem_cacheable_o", 0 0, v0x563d4e69c570_0;  alias, 1 drivers
v0x563d4e69c570_0 .var "mem_cacheable_q", 0 0;
v0x563d4e69c630_0 .net "mem_data_rd_i", 31 0, L_0x563d4e6d08e0;  alias, 1 drivers
v0x563d4e69c710_0 .net "mem_data_wr_o", 31 0, v0x563d4e69c7f0_0;  alias, 1 drivers
v0x563d4e69c7f0_0 .var "mem_data_wr_q", 31 0;
v0x563d4e69c8d0_0 .net "mem_error_i", 0 0, L_0x563d4e6d06d0;  alias, 1 drivers
v0x563d4e69c990_0 .net "mem_flush_o", 0 0, v0x563d4e69ca50_0;  alias, 1 drivers
v0x563d4e69ca50_0 .var "mem_flush_q", 0 0;
v0x563d4e69cb10_0 .net "mem_invalidate_o", 0 0, v0x563d4e69cbd0_0;  alias, 1 drivers
v0x563d4e69cbd0_0 .var "mem_invalidate_q", 0 0;
v0x563d4e69cc90_0 .net "mem_rd_o", 0 0, v0x563d4e69cd50_0;  alias, 1 drivers
v0x563d4e69cd50_0 .var "mem_rd_q", 0 0;
v0x563d4e69ce10_0 .net "mem_req_tag_o", 10 0, v0x563d4e69cef0_0;  alias, 1 drivers
v0x563d4e69cef0_0 .var "mem_req_tag_q", 10 0;
v0x563d4e69cfd0_0 .net "mem_resp_tag_i", 10 0, L_0x563d4e6d0660;  alias, 1 drivers
v0x563d4e69d0b0_0 .var "mem_unaligned_ld_q", 0 0;
v0x563d4e69d170_0 .var "mem_unaligned_r", 0 0;
v0x563d4e69d230_0 .var "mem_unaligned_st_q", 0 0;
v0x563d4e69d2f0_0 .net "mem_wr_o", 3 0, v0x563d4e69d3d0_0;  alias, 1 drivers
v0x563d4e69d3d0_0 .var "mem_wr_q", 3 0;
v0x563d4e69d4b0_0 .net "mmu_fault_addr_i", 31 0, L_0x563d4e6ceb70;  alias, 1 drivers
v0x563d4e69d590_0 .net "mmu_load_fault_i", 0 0, v0x563d4e6a3f00_0;  alias, 1 drivers
v0x563d4e69d650_0 .net "mmu_store_fault_i", 0 0, v0x563d4e6a7360_0;  alias, 1 drivers
v0x563d4e69d710_0 .net "opcode_instr_i", 57 0, v0x563d4e68fd30_0;  alias, 1 drivers
v0x563d4e69d7d0_0 .net "opcode_opcode_i", 31 0, L_0x563d4e6f81c0;  alias, 1 drivers
v0x563d4e69d890_0 .net "opcode_pc_i", 31 0, v0x563d4e6906d0_0;  alias, 1 drivers
v0x563d4e69d950_0 .net "opcode_ra_idx_i", 4 0, L_0x563d4e6f8570;  alias, 1 drivers
v0x563d4e69da10_0 .net "opcode_ra_operand_i", 31 0, v0x563d4e6901f0_0;  alias, 1 drivers
v0x563d4e69dad0_0 .net "opcode_rb_idx_i", 4 0, L_0x563d4e6f8660;  alias, 1 drivers
v0x563d4e69dc20_0 .net "opcode_rb_operand_i", 31 0, v0x563d4e690480_0;  alias, 1 drivers
v0x563d4e69dce0_0 .net "opcode_rd_idx_i", 4 0, L_0x563d4e6f89e0;  alias, 1 drivers
v0x563d4e69dda0_0 .net "opcode_valid_i", 0 0, L_0x563d4e6fa6a0;  alias, 1 drivers
v0x563d4e69de70_0 .net "rst_i", 0 0, v0x563d4e6bb230_0;  alias, 1 drivers
v0x563d4e69df10_0 .net "stall_o", 0 0, L_0x563d4e6d6240;  alias, 1 drivers
v0x563d4e69dfe0_0 .net "store_inst_w", 0 0, L_0x563d4e6d48f0;  1 drivers
v0x563d4e69e080_0 .var "wb_idx_r", 4 0;
v0x563d4e69e140_0 .var "wb_result_r", 31 0;
v0x563d4e69e220_0 .net "writeback_idx_o", 4 0, v0x563d4e69e080_0;  alias, 1 drivers
v0x563d4e69e310_0 .net "writeback_squash_o", 0 0, L_0x7fe77bd7a6d8;  alias, 1 drivers
v0x563d4e69e3e0_0 .net "writeback_value_o", 31 0, v0x563d4e69e140_0;  alias, 1 drivers
E_0x563d4e698930/0 .event edge, v0x563d4e69cfd0_0, v0x563d4e69c150_0, v0x563d4e69bc90_0, v0x563d4e69bd30_0;
E_0x563d4e698930/1 .event edge, v0x563d4e69bfd0_0, v0x563d4e69b2d0_0, v0x563d4e69c630_0, v0x563d4e69bf10_0;
E_0x563d4e698930/2 .event edge, v0x563d4e69e140_0;
E_0x563d4e698930 .event/or E_0x563d4e698930/0, E_0x563d4e698930/1, E_0x563d4e698930/2;
E_0x563d4e6989e0/0 .event edge, v0x563d4e69d590_0, v0x563d4e69d650_0, v0x563d4e69d4b0_0, v0x563d4e644920_0;
E_0x563d4e6989e0/1 .event edge, v0x563d4e644860_0, v0x563d4e69c210_0;
E_0x563d4e6989e0 .event/or E_0x563d4e6989e0/0, E_0x563d4e6989e0/1;
E_0x563d4e698a60/0 .event edge, v0x563d4e68f8b0_0, v0x563d4e657f80_0, v0x563d4e645ed0_0, v0x563d4e69bdd0_0;
E_0x563d4e698a60/1 .event edge, v0x563d4e658060_0, v0x563d4e69c3d0_0;
E_0x563d4e698a60 .event/or E_0x563d4e698a60/0, E_0x563d4e698a60/1;
L_0x563d4e6d3ae0 .part v0x563d4e68fd30_0, 29, 1;
L_0x563d4e6d3b80 .part v0x563d4e68fd30_0, 30, 1;
L_0x563d4e6d3c90 .part v0x563d4e68fd30_0, 31, 1;
L_0x563d4e6d3eb0 .part v0x563d4e68fd30_0, 32, 1;
L_0x563d4e6d3ff0 .part v0x563d4e68fd30_0, 33, 1;
L_0x563d4e6d4130 .part v0x563d4e68fd30_0, 34, 1;
L_0x563d4e6d4280 .part v0x563d4e68fd30_0, 29, 1;
L_0x563d4e6d4320 .part v0x563d4e68fd30_0, 30, 1;
L_0x563d4e6d4470 .part v0x563d4e68fd30_0, 31, 1;
L_0x563d4e6d4580 .part v0x563d4e68fd30_0, 35, 1;
L_0x563d4e6d4680 .part v0x563d4e68fd30_0, 36, 1;
L_0x563d4e6d47e0 .part v0x563d4e68fd30_0, 37, 1;
L_0x563d4e6d49b0 .part v0x563d4e68fd30_0, 41, 1;
L_0x563d4e6d4a50 .part L_0x563d4e6f81c0, 20, 12;
L_0x563d4e6d4b70 .cmp/eq 12, L_0x563d4e6d4a50, L_0x7fe77bd7a498;
L_0x563d4e6d4db0 .part v0x563d4e68fd30_0, 41, 1;
L_0x563d4e6d4ee0 .part L_0x563d4e6f81c0, 20, 12;
L_0x563d4e6d4f80 .cmp/eq 12, L_0x563d4e6d4ee0, L_0x7fe77bd7a4e0;
L_0x563d4e6d5220 .part v0x563d4e68fd30_0, 41, 1;
L_0x563d4e6d52c0 .part L_0x563d4e6f81c0, 20, 12;
L_0x563d4e6d5070 .cmp/eq 12, L_0x563d4e6d52c0, L_0x7fe77bd7a528;
L_0x563d4e6d5a90 .cmp/ne 4, v0x563d4e69d3d0_0, L_0x7fe77bd7a570;
L_0x563d4e6d6110 .reduce/nor L_0x563d4e6d1300;
L_0x563d4e6d63f0 .part L_0x563d4e6d0660, 7, 3;
L_0x563d4e6d65f0 .cmp/ne 3, L_0x563d4e6d63f0, L_0x7fe77bd7a5b8;
L_0x563d4e6d68f0 .functor MUXZ 1, L_0x7fe77bd7a600, L_0x563d4e6d66c0, L_0x563d4e6d0460, C4<>;
L_0x563d4e6d6b00 .part L_0x563d4e6d0660, 7, 3;
L_0x563d4e6d6ba0 .cmp/eq 3, L_0x563d4e6d6b00, L_0x7fe77bd7a648;
L_0x563d4e6d6e90 .functor MUXZ 1, L_0x7fe77bd7a690, L_0x563d4e6d6dd0, L_0x563d4e6d0460, C4<>;
S_0x563d4e69e920 .scope module, "u_mmu" "riscv_mmu" 4 203, 13 42 0, S_0x563d4e654e80;
 .timescale 0 0;
    .port_info 0 /INPUT 1 "clk_i";
    .port_info 1 /INPUT 1 "rst_i";
    .port_info 2 /INPUT 32 "outport_data_rd_i";
    .port_info 3 /INPUT 1 "outport_accept_i";
    .port_info 4 /INPUT 1 "outport_ack_i";
    .port_info 5 /INPUT 1 "outport_error_i";
    .port_info 6 /INPUT 11 "outport_resp_tag_i";
    .port_info 7 /INPUT 1 "supervisor_i";
    .port_info 8 /INPUT 1 "sum_i";
    .port_info 9 /INPUT 1 "flush_i";
    .port_info 10 /INPUT 32 "satp_i";
    .port_info 11 /INPUT 1 "fetch_in_rd_i";
    .port_info 12 /INPUT 1 "fetch_in_flush_i";
    .port_info 13 /INPUT 1 "fetch_in_invalidate_i";
    .port_info 14 /INPUT 32 "fetch_in_pc_i";
    .port_info 15 /INPUT 1 "fetch_out_accept_i";
    .port_info 16 /INPUT 1 "fetch_out_valid_i";
    .port_info 17 /INPUT 1 "fetch_out_error_i";
    .port_info 18 /INPUT 32 "fetch_out_inst_i";
    .port_info 19 /INPUT 32 "lsu_in_addr_i";
    .port_info 20 /INPUT 32 "lsu_in_data_wr_i";
    .port_info 21 /INPUT 1 "lsu_in_rd_i";
    .port_info 22 /INPUT 4 "lsu_in_wr_i";
    .port_info 23 /INPUT 1 "lsu_in_cacheable_i";
    .port_info 24 /INPUT 11 "lsu_in_req_tag_i";
    .port_info 25 /INPUT 1 "lsu_in_invalidate_i";
    .port_info 26 /INPUT 1 "lsu_in_flush_i";
    .port_info 27 /INPUT 32 "lsu_out_data_rd_i";
    .port_info 28 /INPUT 1 "lsu_out_accept_i";
    .port_info 29 /INPUT 1 "lsu_out_ack_i";
    .port_info 30 /INPUT 1 "lsu_out_error_i";
    .port_info 31 /INPUT 11 "lsu_out_resp_tag_i";
    .port_info 32 /OUTPUT 32 "outport_addr_o";
    .port_info 33 /OUTPUT 32 "outport_data_wr_o";
    .port_info 34 /OUTPUT 1 "outport_rd_o";
    .port_info 35 /OUTPUT 4 "outport_wr_o";
    .port_info 36 /OUTPUT 1 "outport_cacheable_o";
    .port_info 37 /OUTPUT 11 "outport_req_tag_o";
    .port_info 38 /OUTPUT 1 "outport_invalidate_o";
    .port_info 39 /OUTPUT 1 "outport_flush_o";
    .port_info 40 /OUTPUT 1 "fetch_in_accept_o";
    .port_info 41 /OUTPUT 1 "fetch_in_valid_o";
    .port_info 42 /OUTPUT 1 "fetch_in_error_o";
    .port_info 43 /OUTPUT 32 "fetch_in_inst_o";
    .port_info 44 /OUTPUT 1 "fetch_out_rd_o";
    .port_info 45 /OUTPUT 1 "fetch_out_flush_o";
    .port_info 46 /OUTPUT 1 "fetch_out_invalidate_o";
    .port_info 47 /OUTPUT 32 "fetch_out_pc_o";
    .port_info 48 /OUTPUT 1 "fetch_fault_o";
    .port_info 49 /OUTPUT 32 "fetch_fault_addr_o";
    .port_info 50 /OUTPUT 32 "lsu_in_data_rd_o";
    .port_info 51 /OUTPUT 1 "lsu_in_accept_o";
    .port_info 52 /OUTPUT 1 "lsu_in_ack_o";
    .port_info 53 /OUTPUT 1 "lsu_in_error_o";
    .port_info 54 /OUTPUT 11 "lsu_in_resp_tag_o";
    .port_info 55 /OUTPUT 32 "lsu_out_addr_o";
    .port_info 56 /OUTPUT 32 "lsu_out_data_wr_o";
    .port_info 57 /OUTPUT 1 "lsu_out_rd_o";
    .port_info 58 /OUTPUT 4 "lsu_out_wr_o";
    .port_info 59 /OUTPUT 1 "lsu_out_cacheable_o";
    .port_info 60 /OUTPUT 11 "lsu_out_req_tag_o";
    .port_info 61 /OUTPUT 1 "lsu_out_invalidate_o";
    .port_info 62 /OUTPUT 1 "lsu_out_flush_o";
    .port_info 63 /OUTPUT 1 "load_fault_o";
    .port_info 64 /OUTPUT 1 "store_fault_o";
    .port_info 65 /OUTPUT 32 "fault_addr_o";
P_0x563d4e658720 .param/l "STATE_IDLE" 1 13 122, +C4<00000000000000000000000000000000>;
P_0x563d4e658760 .param/l "STATE_LEVEL_FIRST" 1 13 123, +C4<00000000000000000000000000000001>;
P_0x563d4e6587a0 .param/l "STATE_LEVEL_SECOND" 1 13 124, +C4<00000000000000000000000000000010>;
P_0x563d4e6587e0 .param/l "STATE_UPDATE" 1 13 125, +C4<00000000000000000000000000000011>;
L_0x563d4e688da0 .functor BUFZ 1, L_0x563d4e6d36b0, C4<0>, C4<0>, C4<0>;
L_0x563d4e6cb690 .functor BUFZ 1, L_0x563d4e6d38d0, C4<0>, C4<0>, C4<0>;
L_0x563d4e6cb700 .functor OR 1, v0x563d4e69cd50_0, v0x563d4e6a3fa0_0, C4<0>, C4<0>;
L_0x563d4e6cb770 .functor OR 4, v0x563d4e69d3d0_0, v0x563d4e6a7400_0, C4<0000>, C4<0000>;
L_0x563d4e6cb8d0 .functor OR 1, L_0x563d4e6cb700, L_0x563d4e6cb7e0, C4<0>, C4<0>;
L_0x563d4e6cbe20 .functor AND 1, L_0x563d4e6ff270, L_0x563d4e6cbad0, C4<1>, C4<1>;
L_0x563d4e6cbf20 .functor NOT 1, L_0x563d4e6ccf80, C4<0>, C4<0>, C4<0>;
L_0x563d4e6cbf90 .functor AND 1, L_0x563d4e6cbe20, L_0x563d4e6cbf20, C4<1>, C4<1>;
L_0x563d4e6cc1e0 .functor OR 1, L_0x563d4e6cb700, L_0x563d4e6cc0f0, C4<0>, C4<0>;
L_0x563d4e6cc2a0 .functor AND 1, L_0x563d4e6cc1e0, L_0x563d4e6cbad0, C4<1>, C4<1>;
L_0x563d4e6cc3c0 .functor NOT 1, L_0x563d4e6ce860, C4<0>, C4<0>, C4<0>;
L_0x563d4e6cc430 .functor AND 1, L_0x563d4e6cc2a0, L_0x563d4e6cc3c0, C4<1>, C4<1>;
L_0x563d4e6cc9c0 .functor AND 1, L_0x563d4e6ff270, v0x563d4e6a3d70_0, C4<1>, C4<1>;
L_0x563d4e6ccf80 .functor AND 1, L_0x563d4e6cc9c0, L_0x563d4e6cce50, C4<1>, C4<1>;
L_0x563d4e6cd110 .functor BUFZ 32, L_0x563d4e6ff330, C4<00000000000000000000000000000000>, C4<00000000000000000000000000000000>, C4<00000000000000000000000000000000>;
L_0x563d4e6cd210 .functor NOT 1, L_0x563d4e6cbad0, C4<0>, C4<0>, C4<0>;
L_0x563d4e6cd310 .functor AND 1, L_0x563d4e6cd210, L_0x563d4e6ff270, C4<1>, C4<1>;
L_0x563d4e6cd420 .functor NOT 1, v0x563d4e6a6ad0_0, C4<0>, C4<0>, C4<0>;
L_0x563d4e6cd490 .functor AND 1, L_0x563d4e6ccf80, L_0x563d4e6cd420, C4<1>, C4<1>;
L_0x563d4e6cd5e0 .functor OR 1, L_0x563d4e6cd310, L_0x563d4e6cd490, C4<0>, C4<0>;
L_0x563d4e6cdb40 .functor BUFZ 1, L_0x563d4e6ff470, C4<0>, C4<0>, C4<0>;
L_0x563d4e6cdc70 .functor BUFZ 1, L_0x7fe77bd7cd18, C4<0>, C4<0>, C4<0>;
L_0x563d4e6cdce0 .functor NOT 1, L_0x563d4e6cbad0, C4<0>, C4<0>, C4<0>;
L_0x563d4e6cde20 .functor AND 1, L_0x563d4e6cdce0, v0x563d4e6ba920_0, C4<1>, C4<1>;
L_0x563d4e6cdee0 .functor AND 1, L_0x563d4e6cbad0, L_0x563d4e6ccf80, C4<1>, C4<1>;
L_0x563d4e6ce030 .functor AND 1, L_0x563d4e6cdee0, v0x563d4e6ba920_0, C4<1>, C4<1>;
L_0x563d4e6ce0a0 .functor OR 1, L_0x563d4e6cde20, L_0x563d4e6ce030, C4<0>, C4<0>;
L_0x563d4e6ce250 .functor OR 1, L_0x563d4e6ce0a0, v0x563d4e6a6ad0_0, C4<0>, C4<0>;
L_0x563d4e6ce310 .functor BUFZ 1, v0x563d4e6bafb0_0, C4<0>, C4<0>, C4<0>;
L_0x563d4e6ce480 .functor BUFZ 1, v0x563d4e6baa10_0, C4<0>, C4<0>, C4<0>;
L_0x563d4e6ce4f0 .functor BUFZ 32, v0x563d4e6babf0_0, C4<00000000000000000000000000000000>, C4<00000000000000000000000000000000>, C4<00000000000000000000000000000000>;
L_0x563d4e6ce860 .functor AND 1, v0x563d4e6a25c0_0, L_0x563d4e6ce700, C4<1>, C4<1>;
L_0x563d4e6ceb70 .functor BUFZ 32, v0x563d4e6a4470_0, C4<00000000000000000000000000000000>, C4<00000000000000000000000000000000>, C4<00000000000000000000000000000000>;
L_0x563d4e6ce9e0 .functor AND 1, L_0x563d4e6cb700, L_0x563d4e6ce860, C4<1>, C4<1>;
L_0x563d4e6ced60 .functor NOT 1, v0x563d4e6a3f00_0, C4<0>, C4<0>, C4<0>;
L_0x563d4e6cefd0 .functor AND 1, L_0x563d4e6ce9e0, L_0x563d4e6ced60, C4<1>, C4<1>;
L_0x563d4e6cf110 .functor NOT 1, v0x563d4e6a7360_0, C4<0>, C4<0>, C4<0>;
L_0x563d4e6cf360 .functor AND 1, L_0x563d4e6ce860, L_0x563d4e6cf110, C4<1>, C4<1>;
L_0x563d4e6cf660 .functor AND 4, L_0x563d4e6cb770, L_0x563d4e6cf460, C4<1111>, C4<1111>;
L_0x563d4e6cff40 .functor BUFZ 32, v0x563d4e69c7f0_0, C4<00000000000000000000000000000000>, C4<00000000000000000000000000000000>, C4<00000000000000000000000000000000>;
L_0x563d4e6cffb0 .functor BUFZ 1, v0x563d4e69cbd0_0, C4<0>, C4<0>, C4<0>;
L_0x563d4e6d0190 .functor BUFZ 1, v0x563d4e69c570_0, C4<0>, C4<0>, C4<0>;
L_0x563d4e6d0200 .functor BUFZ 11, v0x563d4e69cef0_0, C4<00000000000>, C4<00000000000>, C4<00000000000>;
L_0x563d4e6d03f0 .functor BUFZ 1, v0x563d4e69ca50_0, C4<0>, C4<0>, C4<0>;
L_0x563d4e6d0460 .functor BUFZ 1, L_0x563d4e6d30e0, C4<0>, C4<0>, C4<0>;
L_0x563d4e6d0660 .functor BUFZ 11, L_0x563d4e6d33b0, C4<00000000000>, C4<00000000000>, C4<00000000000>;
L_0x563d4e6d06d0 .functor BUFZ 1, L_0x563d4e6d3250, C4<0>, C4<0>, C4<0>;
L_0x563d4e6d08e0 .functor BUFZ 32, L_0x563d4e6d2f30, C4<00000000000000000000000000000000>, C4<00000000000000000000000000000000>, C4<00000000000000000000000000000000>;
L_0x563d4e6d0950 .functor NOT 1, L_0x563d4e6cbad0, C4<0>, C4<0>, C4<0>;
L_0x563d4e6d0b70 .functor AND 1, L_0x563d4e6d0950, L_0x563d4e6d2c80, C4<1>, C4<1>;
L_0x563d4e6d0c30 .functor AND 1, L_0x563d4e6cbad0, L_0x563d4e6ce860, C4<1>, C4<1>;
L_0x563d4e6d0e60 .functor AND 1, L_0x563d4e6d0c30, L_0x563d4e6d2c80, C4<1>, C4<1>;
L_0x563d4e6d0fb0 .functor OR 1, L_0x563d4e6d0b70, L_0x563d4e6d0e60, C4<0>, C4<0>;
L_0x563d4e6d1240 .functor OR 1, L_0x563d4e6d0fb0, v0x563d4e6a7360_0, C4<0>, C4<0>;
L_0x563d4e6d1300 .functor OR 1, L_0x563d4e6d1240, v0x563d4e6a3f00_0, C4<0>, C4<0>;
v0x563d4e69f4e0_0 .net *"_ivl_0", 31 0, L_0x563d4e6bb450;  1 drivers
v0x563d4e69f5e0_0 .net *"_ivl_100", 0 0, L_0x563d4e6ce030;  1 drivers
v0x563d4e69f6c0_0 .net *"_ivl_102", 0 0, L_0x563d4e6ce0a0;  1 drivers
v0x563d4e69f7b0_0 .net *"_ivl_113", 19 0, L_0x563d4e6cd790;  1 drivers
v0x563d4e69f890_0 .net *"_ivl_114", 0 0, L_0x563d4e6ce700;  1 drivers
v0x563d4e69f950_0 .net *"_ivl_124", 0 0, L_0x563d4e6ce9e0;  1 drivers
v0x563d4e69fa30_0 .net *"_ivl_126", 0 0, L_0x563d4e6ced60;  1 drivers
v0x563d4e69fb10_0 .net *"_ivl_128", 0 0, L_0x563d4e6cefd0;  1 drivers
v0x563d4e69fbf0_0 .net *"_ivl_132", 0 0, L_0x563d4e6cf110;  1 drivers
v0x563d4e69fcd0_0 .net *"_ivl_134", 0 0, L_0x563d4e6cf360;  1 drivers
v0x563d4e69fdb0_0 .net *"_ivl_136", 3 0, L_0x563d4e6cf460;  1 drivers
v0x563d4e69fe90_0 .net *"_ivl_138", 3 0, L_0x563d4e6cf660;  1 drivers
v0x563d4e69ff70_0 .net *"_ivl_143", 19 0, L_0x563d4e6cf9f0;  1 drivers
v0x563d4e6a0050_0 .net *"_ivl_145", 11 0, L_0x563d4e6cfb70;  1 drivers
v0x563d4e6a0130_0 .net *"_ivl_146", 31 0, L_0x563d4e6cfc40;  1 drivers
v0x563d4e6a0210_0 .net *"_ivl_168", 0 0, L_0x563d4e6d0950;  1 drivers
v0x563d4e6a02f0_0 .net *"_ivl_17", 0 0, L_0x563d4e6cb7e0;  1 drivers
v0x563d4e6a04c0_0 .net *"_ivl_170", 0 0, L_0x563d4e6d0b70;  1 drivers
v0x563d4e6a05a0_0 .net *"_ivl_172", 0 0, L_0x563d4e6d0c30;  1 drivers
v0x563d4e6a0680_0 .net *"_ivl_174", 0 0, L_0x563d4e6d0e60;  1 drivers
v0x563d4e6a0760_0 .net *"_ivl_176", 0 0, L_0x563d4e6d0fb0;  1 drivers
v0x563d4e6a0840_0 .net *"_ivl_178", 0 0, L_0x563d4e6d1240;  1 drivers
v0x563d4e6a0920_0 .net *"_ivl_19", 0 0, L_0x563d4e6cb8d0;  1 drivers
v0x563d4e6a09e0_0 .net *"_ivl_25", 19 0, L_0x563d4e6cbb70;  1 drivers
L_0x7fe77bd7a138 .functor BUFT 1, C4<000000000000>, C4<0>, C4<0>, C4<0>;
v0x563d4e6a0ac0_0 .net/2u *"_ivl_26", 11 0, L_0x7fe77bd7a138;  1 drivers
L_0x7fe77bd7a0a8 .functor BUFT 1, C4<000000000000000000000000000000>, C4<0>, C4<0>, C4<0>;
v0x563d4e6a0ba0_0 .net *"_ivl_3", 29 0, L_0x7fe77bd7a0a8;  1 drivers
v0x563d4e6a0c80_0 .net *"_ivl_30", 0 0, L_0x563d4e6cbe20;  1 drivers
v0x563d4e6a0d60_0 .net *"_ivl_32", 0 0, L_0x563d4e6cbf20;  1 drivers
v0x563d4e6a0e40_0 .net *"_ivl_37", 0 0, L_0x563d4e6cc0f0;  1 drivers
v0x563d4e6a0f00_0 .net *"_ivl_39", 0 0, L_0x563d4e6cc1e0;  1 drivers
L_0x7fe77bd7a0f0 .functor BUFT 1, C4<00000000000000000000000000000000>, C4<0>, C4<0>, C4<0>;
v0x563d4e6a0fc0_0 .net/2u *"_ivl_4", 31 0, L_0x7fe77bd7a0f0;  1 drivers
v0x563d4e6a10a0_0 .net *"_ivl_40", 0 0, L_0x563d4e6cc2a0;  1 drivers
v0x563d4e6a1180_0 .net *"_ivl_42", 0 0, L_0x563d4e6cc3c0;  1 drivers
v0x563d4e6a1260_0 .net *"_ivl_46", 31 0, L_0x563d4e6cc560;  1 drivers
v0x563d4e6a1340_0 .net *"_ivl_48", 31 0, L_0x563d4e6cc6a0;  1 drivers
L_0x7fe77bd7a180 .functor BUFT 1, C4<0000000000>, C4<0>, C4<0>, C4<0>;
v0x563d4e6a1420_0 .net/2u *"_ivl_52", 9 0, L_0x7fe77bd7a180;  1 drivers
v0x563d4e6a1500_0 .net *"_ivl_55", 21 0, L_0x563d4e6cc920;  1 drivers
v0x563d4e6a15e0_0 .net *"_ivl_60", 0 0, L_0x563d4e6cc9c0;  1 drivers
v0x563d4e6a16c0_0 .net *"_ivl_63", 19 0, L_0x563d4e6ccdb0;  1 drivers
v0x563d4e6a17a0_0 .net *"_ivl_64", 0 0, L_0x563d4e6cce50;  1 drivers
v0x563d4e6a1860_0 .net *"_ivl_72", 0 0, L_0x563d4e6cd210;  1 drivers
v0x563d4e6a1940_0 .net *"_ivl_74", 0 0, L_0x563d4e6cd310;  1 drivers
v0x563d4e6a1a20_0 .net *"_ivl_76", 0 0, L_0x563d4e6cd420;  1 drivers
v0x563d4e6a1b00_0 .net *"_ivl_78", 0 0, L_0x563d4e6cd490;  1 drivers
v0x563d4e6a1be0_0 .net *"_ivl_83", 19 0, L_0x563d4e6cd380;  1 drivers
v0x563d4e6a1cc0_0 .net *"_ivl_85", 11 0, L_0x563d4e6cd6f0;  1 drivers
v0x563d4e6a1da0_0 .net *"_ivl_86", 31 0, L_0x563d4e6cd830;  1 drivers
v0x563d4e6a1e80_0 .net *"_ivl_94", 0 0, L_0x563d4e6cdce0;  1 drivers
v0x563d4e6a1f60_0 .net *"_ivl_96", 0 0, L_0x563d4e6cde20;  1 drivers
v0x563d4e6a2040_0 .net *"_ivl_98", 0 0, L_0x563d4e6cdee0;  1 drivers
v0x563d4e6a2120_0 .net "clk_i", 0 0, v0x563d4e6b89b0_0;  alias, 1 drivers
v0x563d4e6a21c0_0 .var "dtlb_entry_q", 31 0;
v0x563d4e6a22a0_0 .net "dtlb_hit_w", 0 0, L_0x563d4e6ce860;  1 drivers
v0x563d4e6a2360_0 .net "dtlb_miss_w", 0 0, L_0x563d4e6cc430;  1 drivers
v0x563d4e6a2420_0 .var "dtlb_req_q", 0 0;
v0x563d4e6a24e0_0 .var "dtlb_va_addr_q", 31 12;
v0x563d4e6a25c0_0 .var "dtlb_valid_q", 0 0;
v0x563d4e6a2680_0 .net "fault_addr_o", 31 0, L_0x563d4e6ceb70;  alias, 1 drivers
v0x563d4e6a2740_0 .net "fetch_fault_addr_o", 31 0, L_0x563d4e6cd110;  1 drivers
v0x563d4e6a2800_0 .net "fetch_fault_o", 0 0, v0x563d4e6a6ad0_0;  alias, 1 drivers
v0x563d4e6a28d0_0 .net "fetch_in_accept_o", 0 0, L_0x563d4e6ce250;  alias, 1 drivers
v0x563d4e6a29a0_0 .net "fetch_in_error_o", 0 0, L_0x563d4e6ce480;  alias, 1 drivers
v0x563d4e6a2a70_0 .net "fetch_in_flush_i", 0 0, L_0x563d4e6ff470;  alias, 1 drivers
v0x563d4e6a2b40_0 .net "fetch_in_inst_o", 31 0, L_0x563d4e6ce4f0;  alias, 1 drivers
v0x563d4e6a2c10_0 .net "fetch_in_invalidate_i", 0 0, L_0x7fe77bd7cd18;  alias, 1 drivers
v0x563d4e6a30f0_0 .net "fetch_in_pc_i", 31 0, L_0x563d4e6ff330;  alias, 1 drivers
v0x563d4e6a31c0_0 .net "fetch_in_rd_i", 0 0, L_0x563d4e6ff270;  alias, 1 drivers
v0x563d4e6a3290_0 .net "fetch_in_valid_o", 0 0, L_0x563d4e6ce310;  alias, 1 drivers
v0x563d4e6a3360_0 .net "fetch_out_accept_i", 0 0, v0x563d4e6ba920_0;  alias, 1 drivers
v0x563d4e6a3400_0 .net "fetch_out_error_i", 0 0, v0x563d4e6baa10_0;  alias, 1 drivers
v0x563d4e6a34a0_0 .net "fetch_out_flush_o", 0 0, L_0x563d4e6cdb40;  alias, 1 drivers
v0x563d4e6a3540_0 .net "fetch_out_inst_i", 31 0, v0x563d4e6babf0_0;  alias, 1 drivers
v0x563d4e6a35e0_0 .net "fetch_out_invalidate_o", 0 0, L_0x563d4e6cdc70;  alias, 1 drivers
v0x563d4e6a3680_0 .net "fetch_out_pc_o", 31 0, L_0x563d4e6cd9a0;  alias, 1 drivers
v0x563d4e6a3740_0 .net "fetch_out_rd_o", 0 0, L_0x563d4e6cd5e0;  alias, 1 drivers
v0x563d4e6a3800_0 .net "fetch_out_valid_i", 0 0, v0x563d4e6bafb0_0;  alias, 1 drivers
v0x563d4e6a38c0_0 .net "flush_i", 0 0, L_0x563d4e6dea90;  alias, 1 drivers
v0x563d4e6a3990_0 .net "idle_w", 0 0, L_0x563d4e6cb550;  1 drivers
v0x563d4e6a3a30_0 .var "itlb_entry_q", 31 0;
v0x563d4e6a3b10_0 .net "itlb_hit_w", 0 0, L_0x563d4e6ccf80;  1 drivers
v0x563d4e6a3bd0_0 .net "itlb_miss_w", 0 0, L_0x563d4e6cbf90;  1 drivers
v0x563d4e6a3c90_0 .var "itlb_va_addr_q", 31 12;
v0x563d4e6a3d70_0 .var "itlb_valid_q", 0 0;
v0x563d4e6a3e30_0 .net "load_fault_o", 0 0, v0x563d4e6a3f00_0;  alias, 1 drivers
v0x563d4e6a3f00_0 .var "load_fault_r", 0 0;
v0x563d4e6a3fa0_0 .var "load_q", 0 0;
v0x563d4e6a4060_0 .net "load_w", 0 0, L_0x563d4e6cb700;  1 drivers
v0x563d4e6a4120_0 .net "lsu_addr_w", 31 0, L_0x563d4e6cb9e0;  1 drivers
v0x563d4e6a4200_0 .net "lsu_in_accept_o", 0 0, L_0x563d4e6d1300;  alias, 1 drivers
v0x563d4e6a42d0_0 .net "lsu_in_ack_o", 0 0, L_0x563d4e6d0460;  alias, 1 drivers
v0x563d4e6a43a0_0 .net "lsu_in_addr_i", 31 0, v0x563d4e69c2f0_0;  alias, 1 drivers
v0x563d4e6a4470_0 .var "lsu_in_addr_q", 31 0;
v0x563d4e6a4510_0 .net "lsu_in_cacheable_i", 0 0, v0x563d4e69c570_0;  alias, 1 drivers
v0x563d4e6a45e0_0 .net "lsu_in_data_rd_o", 31 0, L_0x563d4e6d08e0;  alias, 1 drivers
v0x563d4e6a46b0_0 .net "lsu_in_data_wr_i", 31 0, v0x563d4e69c7f0_0;  alias, 1 drivers
v0x563d4e6a4780_0 .net "lsu_in_error_o", 0 0, L_0x563d4e6d06d0;  alias, 1 drivers
v0x563d4e6a4850_0 .net "lsu_in_flush_i", 0 0, v0x563d4e69ca50_0;  alias, 1 drivers
v0x563d4e6a4920_0 .net "lsu_in_invalidate_i", 0 0, v0x563d4e69cbd0_0;  alias, 1 drivers
v0x563d4e6a49f0_0 .net "lsu_in_rd_i", 0 0, v0x563d4e69cd50_0;  alias, 1 drivers
v0x563d4e6a4ac0_0 .net "lsu_in_req_tag_i", 10 0, v0x563d4e69cef0_0;  alias, 1 drivers
v0x563d4e6a4b90_0 .net "lsu_in_resp_tag_o", 10 0, L_0x563d4e6d0660;  alias, 1 drivers
v0x563d4e6a4c60_0 .net "lsu_in_wr_i", 3 0, v0x563d4e69d3d0_0;  alias, 1 drivers
v0x563d4e6a4d30_0 .net "lsu_out_accept_i", 0 0, L_0x563d4e6d2c80;  alias, 1 drivers
v0x563d4e6a4e00_0 .net "lsu_out_ack_i", 0 0, L_0x563d4e6d30e0;  alias, 1 drivers
v0x563d4e6a4ed0_0 .net "lsu_out_addr_o", 31 0, L_0x563d4e6cfe50;  alias, 1 drivers
v0x563d4e6a4fa0_0 .net "lsu_out_cacheable_o", 0 0, L_0x563d4e6d0190;  alias, 1 drivers
v0x563d4e6a5070_0 .net "lsu_out_data_rd_i", 31 0, L_0x563d4e6d2f30;  alias, 1 drivers
v0x563d4e6a5140_0 .net "lsu_out_data_wr_o", 31 0, L_0x563d4e6cff40;  alias, 1 drivers
v0x563d4e6a5210_0 .net "lsu_out_error_i", 0 0, L_0x563d4e6d3250;  alias, 1 drivers
v0x563d4e6a52e0_0 .net "lsu_out_flush_o", 0 0, L_0x563d4e6d03f0;  alias, 1 drivers
v0x563d4e6a53b0_0 .net "lsu_out_invalidate_o", 0 0, L_0x563d4e6cffb0;  alias, 1 drivers
v0x563d4e6a5480_0 .net "lsu_out_rd_o", 0 0, L_0x563d4e6cf070;  alias, 1 drivers
v0x563d4e6a5550_0 .net "lsu_out_req_tag_o", 10 0, L_0x563d4e6d0200;  alias, 1 drivers
v0x563d4e6a5620_0 .net "lsu_out_resp_tag_i", 10 0, L_0x563d4e6d33b0;  alias, 1 drivers
v0x563d4e6a56f0_0 .net "lsu_out_wr_o", 3 0, L_0x563d4e6cf8c0;  alias, 1 drivers
v0x563d4e6a57c0_0 .var "mem_req_q", 0 0;
v0x563d4e6a5860_0 .net "outport_accept_i", 0 0, L_0x563d4e6d2b70;  alias, 1 drivers
v0x563d4e6a5930_0 .net "outport_ack_i", 0 0, L_0x563d4e6d36b0;  alias, 1 drivers
v0x563d4e6a5a00_0 .net "outport_addr_o", 31 0, v0x563d4e6a6c10_0;  alias, 1 drivers
v0x563d4e6a5ad0_0 .net "outport_cacheable_o", 0 0, L_0x7fe77bd7a258;  alias, 1 drivers
v0x563d4e6a5ba0_0 .net "outport_data_rd_i", 31 0, L_0x563d4e6d3540;  alias, 1 drivers
v0x563d4e6a5c70_0 .net "outport_data_wr_o", 31 0, L_0x7fe77bd7a1c8;  alias, 1 drivers
v0x563d4e6a5d40_0 .net "outport_error_i", 0 0, L_0x563d4e6d38d0;  alias, 1 drivers
v0x563d4e6a5e10_0 .net "outport_flush_o", 0 0, L_0x7fe77bd7a330;  alias, 1 drivers
v0x563d4e6a5ee0_0 .net "outport_invalidate_o", 0 0, L_0x7fe77bd7a2e8;  alias, 1 drivers
v0x563d4e6a5fb0_0 .net "outport_rd_o", 0 0, v0x563d4e6a57c0_0;  alias, 1 drivers
v0x563d4e6a6080_0 .net "outport_req_tag_o", 10 0, L_0x7fe77bd7a2a0;  alias, 1 drivers
v0x563d4e6a6150_0 .net "outport_resp_tag_i", 10 0, L_0x563d4e6d3640;  alias, 1 drivers
v0x563d4e6a6220_0 .net "outport_wr_o", 3 0, L_0x7fe77bd7a210;  alias, 1 drivers
v0x563d4e6a6ad0_0 .var "pc_fault_r", 0 0;
v0x563d4e6a6b70_0 .net "ptbr_w", 31 0, L_0x563d4e6cbce0;  1 drivers
v0x563d4e6a6c10_0 .var "pte_addr_q", 31 0;
v0x563d4e6a6cb0_0 .var "pte_entry_q", 31 0;
v0x563d4e6a6d50_0 .net "pte_flags_w", 9 0, L_0x563d4e6ccb70;  1 drivers
v0x563d4e6a6df0_0 .net "pte_ppn_w", 31 0, L_0x563d4e6cca30;  1 drivers
v0x563d4e6a6e90_0 .net "request_addr_w", 31 0, L_0x563d4e6cc830;  1 drivers
v0x563d4e6a6f30_0 .net "resp_error_w", 0 0, L_0x563d4e6cb690;  1 drivers
v0x563d4e6a6fd0_0 .net "resp_valid_w", 0 0, L_0x563d4e688da0;  1 drivers
v0x563d4e6a7070_0 .net "rst_i", 0 0, v0x563d4e6bb230_0;  alias, 1 drivers
v0x563d4e6a7110_0 .net "satp_i", 31 0, L_0x563d4e6de160;  alias, 1 drivers
v0x563d4e6a71d0_0 .var "state_q", 1 0;
v0x563d4e6a7290_0 .net "store_fault_o", 0 0, v0x563d4e6a7360_0;  alias, 1 drivers
v0x563d4e6a7360_0 .var "store_fault_r", 0 0;
v0x563d4e6a7400_0 .var "store_q", 3 0;
v0x563d4e6a74e0_0 .net "store_w", 3 0, L_0x563d4e6cb770;  1 drivers
v0x563d4e6a75c0_0 .net "sum_i", 0 0, L_0x563d4e6dee50;  alias, 1 drivers
v0x563d4e6a7690_0 .net "supervisor_i", 0 0, L_0x563d4e6ded60;  alias, 1 drivers
v0x563d4e6a7760_0 .var "virt_addr_q", 31 0;
v0x563d4e6a7820_0 .net "vm_enable_w", 0 0, L_0x563d4e6cbad0;  1 drivers
E_0x563d4e69f350/0 .event edge, v0x563d4e6a7820_0, v0x563d4e6a74e0_0, v0x563d4e6a22a0_0, v0x563d4e657cc0_0;
E_0x563d4e69f350/1 .event edge, v0x563d4e6a21c0_0, v0x563d4e657c00_0;
E_0x563d4e69f350 .event/or E_0x563d4e69f350/0, E_0x563d4e69f350/1;
E_0x563d4e69f3f0/0 .event edge, v0x563d4e6a7820_0, v0x563d4e6a4060_0, v0x563d4e6a22a0_0, v0x563d4e657cc0_0;
E_0x563d4e69f3f0/1 .event edge, v0x563d4e6a21c0_0, v0x563d4e657c00_0;
E_0x563d4e69f3f0 .event/or E_0x563d4e69f3f0/0, E_0x563d4e69f3f0/1;
E_0x563d4e69f470/0 .event edge, v0x563d4e6a7820_0, v0x563d4e6a3b10_0, v0x563d4e657cc0_0, v0x563d4e6a3a30_0;
E_0x563d4e69f470/1 .event edge, v0x563d4e657c00_0;
E_0x563d4e69f470 .event/or E_0x563d4e69f470/0, E_0x563d4e69f470/1;
L_0x563d4e6bb450 .concat [ 2 30 0 0], v0x563d4e6a71d0_0, L_0x7fe77bd7a0a8;
L_0x563d4e6cb550 .cmp/eq 32, L_0x563d4e6bb450, L_0x7fe77bd7a0f0;
L_0x563d4e6cb7e0 .reduce/or L_0x563d4e6cb770;
L_0x563d4e6cb9e0 .functor MUXZ 32, v0x563d4e6a4470_0, v0x563d4e69c2f0_0, L_0x563d4e6cb8d0, C4<>;
L_0x563d4e6cbad0 .part L_0x563d4e6de160, 31, 1;
L_0x563d4e6cbb70 .part L_0x563d4e6de160, 0, 20;
L_0x563d4e6cbce0 .concat [ 12 20 0 0], L_0x7fe77bd7a138, L_0x563d4e6cbb70;
L_0x563d4e6cc0f0 .reduce/or L_0x563d4e6cb770;
L_0x563d4e6cc560 .functor MUXZ 32, L_0x563d4e6ff330, L_0x563d4e6cb9e0, L_0x563d4e6cc430, C4<>;
L_0x563d4e6cc6a0 .functor MUXZ 32, L_0x563d4e6ff330, L_0x563d4e6cb9e0, v0x563d4e6a2420_0, C4<>;
L_0x563d4e6cc830 .functor MUXZ 32, L_0x563d4e6cc6a0, L_0x563d4e6cc560, L_0x563d4e6cb550, C4<>;
L_0x563d4e6cc920 .part L_0x563d4e6d3540, 10, 22;
L_0x563d4e6cca30 .concat [ 22 10 0 0], L_0x563d4e6cc920, L_0x7fe77bd7a180;
L_0x563d4e6ccb70 .part L_0x563d4e6d3540, 0, 10;
L_0x563d4e6ccdb0 .part L_0x563d4e6ff330, 12, 20;
L_0x563d4e6cce50 .cmp/eq 20, v0x563d4e6a3c90_0, L_0x563d4e6ccdb0;
L_0x563d4e6cd380 .part v0x563d4e6a3a30_0, 12, 20;
L_0x563d4e6cd6f0 .part L_0x563d4e6ff330, 0, 12;
L_0x563d4e6cd830 .concat [ 12 20 0 0], L_0x563d4e6cd6f0, L_0x563d4e6cd380;
L_0x563d4e6cd9a0 .functor MUXZ 32, L_0x563d4e6ff330, L_0x563d4e6cd830, L_0x563d4e6cbad0, C4<>;
L_0x563d4e6cd790 .part L_0x563d4e6cb9e0, 12, 20;
L_0x563d4e6ce700 .cmp/eq 20, v0x563d4e6a24e0_0, L_0x563d4e6cd790;
L_0x563d4e6cf070 .functor MUXZ 1, v0x563d4e69cd50_0, L_0x563d4e6cefd0, L_0x563d4e6cbad0, C4<>;
L_0x563d4e6cf460 .concat [ 1 1 1 1], L_0x563d4e6cf360, L_0x563d4e6cf360, L_0x563d4e6cf360, L_0x563d4e6cf360;
L_0x563d4e6cf8c0 .functor MUXZ 4, v0x563d4e69d3d0_0, L_0x563d4e6cf660, L_0x563d4e6cbad0, C4<>;
L_0x563d4e6cf9f0 .part v0x563d4e6a21c0_0, 12, 20;
L_0x563d4e6cfb70 .part L_0x563d4e6cb9e0, 0, 12;
L_0x563d4e6cfc40 .concat [ 12 20 0 0], L_0x563d4e6cfb70, L_0x563d4e6cf9f0;
L_0x563d4e6cfe50 .functor MUXZ 32, L_0x563d4e6cb9e0, L_0x563d4e6cfc40, L_0x563d4e6cbad0, C4<>;
S_0x563d4e6a8120 .scope module, "u_muldiv" "riscv_muldiv" 4 413, 14 42 0, S_0x563d4e654e80;
 .timescale 0 0;
    .port_info 0 /INPUT 1 "clk_i";
    .port_info 1 /INPUT 1 "rst_i";
    .port_info 2 /INPUT 1 "opcode_valid_i";
    .port_info 3 /INPUT 58 "opcode_instr_i";
    .port_info 4 /INPUT 32 "opcode_opcode_i";
    .port_info 5 /INPUT 32 "opcode_pc_i";
    .port_info 6 /INPUT 5 "opcode_rd_idx_i";
    .port_info 7 /INPUT 5 "opcode_ra_idx_i";
    .port_info 8 /INPUT 5 "opcode_rb_idx_i";
    .port_info 9 /INPUT 32 "opcode_ra_operand_i";
    .port_info 10 /INPUT 32 "opcode_rb_operand_i";
    .port_info 11 /OUTPUT 5 "writeback_idx_o";
    .port_info 12 /OUTPUT 1 "writeback_squash_o";
    .port_info 13 /OUTPUT 32 "writeback_value_o";
    .port_info 14 /OUTPUT 1 "stall_o";
L_0x563d4e6df190 .functor OR 1, L_0x563d4e6df050, L_0x563d4e6df0f0, C4<0>, C4<0>;
L_0x563d4e6df340 .functor OR 1, L_0x563d4e6df190, L_0x563d4e6df2a0, C4<0>, C4<0>;
L_0x563d4e6df4f0 .functor OR 1, L_0x563d4e6df340, L_0x563d4e6df450, C4<0>, C4<0>;
L_0x563d4e6e0650 .functor OR 1, L_0x563d4e6e04a0, L_0x563d4e6e05b0, C4<0>, C4<0>;
L_0x563d4e6e0540 .functor OR 1, L_0x563d4e6e0650, L_0x563d4e6e0760, C4<0>, C4<0>;
L_0x563d4e6e09c0 .functor OR 1, L_0x563d4e6e0540, L_0x563d4e6e0920, C4<0>, C4<0>;
L_0x563d4e6e0ca0 .functor OR 1, L_0x563d4e6e0ad0, L_0x563d4e6e0c00, C4<0>, C4<0>;
L_0x563d4e6e0f90 .functor OR 1, L_0x563d4e6e0db0, L_0x563d4e6e0ef0, C4<0>, C4<0>;
L_0x563d4e6e10f0 .functor AND 1, L_0x563d4e6fc410, L_0x563d4e6e09c0, C4<1>, C4<1>;
L_0x563d4e6e1300 .functor AND 1, L_0x563d4e6e10f0, L_0x563d4e6e11b0, C4<1>, C4<1>;
L_0x563d4e6e1570 .functor AND 1, L_0x563d4e6e1410, v0x563d4e6aa060_0, C4<1>, C4<1>;
L_0x563d4e6e1630 .functor OR 1, L_0x563d4e6df4f0, L_0x563d4e6e09c0, C4<0>, C4<0>;
L_0x563d4e6e1760 .functor AND 1, v0x563d4e6aa060_0, L_0x563d4e6e1630, C4<1>, C4<1>;
L_0x563d4e6e1870 .functor AND 1, v0x563d4e6aa840_0, L_0x563d4e6e09c0, C4<1>, C4<1>;
L_0x563d4e6e16f0 .functor OR 1, L_0x563d4e6e1760, L_0x563d4e6e1870, C4<0>, C4<0>;
v0x563d4e6a8600_0 .net *"_ivl_1", 0 0, L_0x563d4e6df050;  1 drivers
v0x563d4e6a86e0_0 .net *"_ivl_11", 0 0, L_0x563d4e6df450;  1 drivers
v0x563d4e6a87c0_0 .net *"_ivl_15", 0 0, L_0x563d4e6df600;  1 drivers
v0x563d4e6a8880_0 .net *"_ivl_16", 31 0, L_0x563d4e6df6a0;  1 drivers
v0x563d4e6a8960_0 .net *"_ivl_18", 64 0, L_0x563d4e6dfc30;  1 drivers
v0x563d4e6a8a90_0 .net *"_ivl_21", 0 0, L_0x563d4e6dfcd0;  1 drivers
v0x563d4e6a8b70_0 .net *"_ivl_22", 31 0, L_0x563d4e6dfd70;  1 drivers
v0x563d4e6a8c50_0 .net *"_ivl_24", 64 0, L_0x563d4e6e0270;  1 drivers
v0x563d4e6a8d30_0 .net *"_ivl_29", 0 0, L_0x563d4e6e04a0;  1 drivers
v0x563d4e6a8e10_0 .net *"_ivl_3", 0 0, L_0x563d4e6df0f0;  1 drivers
v0x563d4e6a8ef0_0 .net *"_ivl_31", 0 0, L_0x563d4e6e05b0;  1 drivers
v0x563d4e6a8fd0_0 .net *"_ivl_33", 0 0, L_0x563d4e6e0650;  1 drivers
v0x563d4e6a9090_0 .net *"_ivl_35", 0 0, L_0x563d4e6e0760;  1 drivers
v0x563d4e6a9170_0 .net *"_ivl_37", 0 0, L_0x563d4e6e0540;  1 drivers
v0x563d4e6a9230_0 .net *"_ivl_39", 0 0, L_0x563d4e6e0920;  1 drivers
v0x563d4e6a9310_0 .net *"_ivl_43", 0 0, L_0x563d4e6e0ad0;  1 drivers
v0x563d4e6a93f0_0 .net *"_ivl_45", 0 0, L_0x563d4e6e0c00;  1 drivers
v0x563d4e6a94d0_0 .net *"_ivl_49", 0 0, L_0x563d4e6e0db0;  1 drivers
v0x563d4e6a95b0_0 .net *"_ivl_5", 0 0, L_0x563d4e6df190;  1 drivers
v0x563d4e6a9670_0 .net *"_ivl_51", 0 0, L_0x563d4e6e0ef0;  1 drivers
v0x563d4e6a9750_0 .net *"_ivl_54", 0 0, L_0x563d4e6e10f0;  1 drivers
v0x563d4e6a9830_0 .net *"_ivl_57", 0 0, L_0x563d4e6e11b0;  1 drivers
v0x563d4e6a98f0_0 .net *"_ivl_61", 0 0, L_0x563d4e6e0e50;  1 drivers
v0x563d4e6a99b0_0 .net *"_ivl_63", 0 0, L_0x563d4e6e1410;  1 drivers
v0x563d4e6a9a70_0 .net *"_ivl_66", 0 0, L_0x563d4e6e1630;  1 drivers
v0x563d4e6a9b50_0 .net *"_ivl_68", 0 0, L_0x563d4e6e1760;  1 drivers
v0x563d4e6a9c30_0 .net *"_ivl_7", 0 0, L_0x563d4e6df2a0;  1 drivers
v0x563d4e6a9d10_0 .net *"_ivl_70", 0 0, L_0x563d4e6e1870;  1 drivers
v0x563d4e6a9df0_0 .net *"_ivl_9", 0 0, L_0x563d4e6df340;  1 drivers
v0x563d4e6a9eb0_0 .net "clk_i", 0 0, v0x563d4e6b89b0_0;  alias, 1 drivers
v0x563d4e6aa060_0 .var "div_busy_q", 0 0;
v0x563d4e6aa120_0 .net "div_complete_w", 0 0, L_0x563d4e6e1570;  1 drivers
v0x563d4e6aa1e0_0 .var "div_inst_q", 0 0;
v0x563d4e6aa2a0_0 .net "div_operation_w", 0 0, L_0x563d4e6e0f90;  1 drivers
v0x563d4e6aa360_0 .net "div_rem_inst_w", 0 0, L_0x563d4e6e09c0;  1 drivers
v0x563d4e6aa420_0 .var "div_result_r", 31 0;
v0x563d4e6aa500_0 .net "div_start_w", 0 0, L_0x563d4e6e1300;  1 drivers
v0x563d4e6aa5c0_0 .var "dividend_q", 31 0;
v0x563d4e6aa6a0_0 .var "divisor_q", 62 0;
v0x563d4e6aa780_0 .var "invert_res_q", 0 0;
v0x563d4e6aa840_0 .var "mult_busy_q", 0 0;
v0x563d4e6aa900_0 .net "mult_inst_w", 0 0, L_0x563d4e6df4f0;  1 drivers
v0x563d4e6aa9c0_0 .var "mult_result_q", 31 0;
v0x563d4e6aaaa0_0 .net "mult_result_w", 64 0, L_0x563d4e6e0360;  1 drivers
v0x563d4e6aab80_0 .net "opcode_instr_i", 57 0, v0x563d4e68fd30_0;  alias, 1 drivers
v0x563d4e6aac40_0 .net "opcode_opcode_i", 31 0, L_0x563d4e6f81c0;  alias, 1 drivers
v0x563d4e6aad00_0 .net "opcode_pc_i", 31 0, v0x563d4e6906d0_0;  alias, 1 drivers
v0x563d4e6aae50_0 .net "opcode_ra_idx_i", 4 0, L_0x563d4e6f8570;  alias, 1 drivers
v0x563d4e6aaf10_0 .net "opcode_ra_operand_i", 31 0, v0x563d4e6901f0_0;  alias, 1 drivers
v0x563d4e6ab060_0 .net "opcode_rb_idx_i", 4 0, L_0x563d4e6f8660;  alias, 1 drivers
v0x563d4e6ab120_0 .net "opcode_rb_operand_i", 31 0, v0x563d4e690480_0;  alias, 1 drivers
v0x563d4e6ab270_0 .net "opcode_rd_idx_i", 4 0, L_0x563d4e6f89e0;  alias, 1 drivers
v0x563d4e6ab3c0_0 .net "opcode_valid_i", 0 0, L_0x563d4e6fc410;  alias, 1 drivers
v0x563d4e6ab460_0 .var "operand_a_r", 32 0;
v0x563d4e6ab520_0 .var "operand_b_r", 32 0;
v0x563d4e6ab600_0 .var "q_mask_q", 31 0;
v0x563d4e6ab6e0_0 .var "quotient_q", 31 0;
v0x563d4e6ab7c0_0 .var "rd_q", 4 0;
v0x563d4e6ab8a0_0 .var "result_r", 31 0;
v0x563d4e6ab980_0 .net "rst_i", 0 0, v0x563d4e6bb230_0;  alias, 1 drivers
v0x563d4e6aba20_0 .net "signed_operation_w", 0 0, L_0x563d4e6e0ca0;  1 drivers
v0x563d4e6abae0_0 .net "stall_o", 0 0, L_0x563d4e6e16f0;  alias, 1 drivers
v0x563d4e6abbb0_0 .var "wb_rd_q", 4 0;
v0x563d4e6abc70_0 .var "wb_result_q", 31 0;
v0x563d4e6abd50_0 .net "writeback_idx_o", 4 0, v0x563d4e6abbb0_0;  alias, 1 drivers
v0x563d4e6abe40_0 .net "writeback_squash_o", 0 0, L_0x7fe77bd7aa38;  alias, 1 drivers
v0x563d4e6abf10_0 .net "writeback_value_o", 31 0, v0x563d4e6abc70_0;  alias, 1 drivers
E_0x563d4e6a8420 .event edge, v0x563d4e6aa1e0_0, v0x563d4e6aa780_0, v0x563d4e6ab6e0_0, v0x563d4e6aa5c0_0;
E_0x563d4e6a84b0 .event edge, v0x563d4e6aaaa0_0, v0x563d4e657f80_0;
E_0x563d4e6a8510 .event edge, v0x563d4e657f80_0, v0x563d4e6461c0_0;
E_0x563d4e6a8570 .event edge, v0x563d4e657f80_0, v0x563d4e645ed0_0;
L_0x563d4e6df050 .part v0x563d4e68fd30_0, 47, 1;
L_0x563d4e6df0f0 .part v0x563d4e68fd30_0, 48, 1;
L_0x563d4e6df2a0 .part v0x563d4e68fd30_0, 49, 1;
L_0x563d4e6df450 .part v0x563d4e68fd30_0, 50, 1;
L_0x563d4e6df600 .part v0x563d4e6ab460_0, 32, 1;
LS_0x563d4e6df6a0_0_0 .concat [ 1 1 1 1], L_0x563d4e6df600, L_0x563d4e6df600, L_0x563d4e6df600, L_0x563d4e6df600;
LS_0x563d4e6df6a0_0_4 .concat [ 1 1 1 1], L_0x563d4e6df600, L_0x563d4e6df600, L_0x563d4e6df600, L_0x563d4e6df600;
LS_0x563d4e6df6a0_0_8 .concat [ 1 1 1 1], L_0x563d4e6df600, L_0x563d4e6df600, L_0x563d4e6df600, L_0x563d4e6df600;
LS_0x563d4e6df6a0_0_12 .concat [ 1 1 1 1], L_0x563d4e6df600, L_0x563d4e6df600, L_0x563d4e6df600, L_0x563d4e6df600;
LS_0x563d4e6df6a0_0_16 .concat [ 1 1 1 1], L_0x563d4e6df600, L_0x563d4e6df600, L_0x563d4e6df600, L_0x563d4e6df600;
LS_0x563d4e6df6a0_0_20 .concat [ 1 1 1 1], L_0x563d4e6df600, L_0x563d4e6df600, L_0x563d4e6df600, L_0x563d4e6df600;
LS_0x563d4e6df6a0_0_24 .concat [ 1 1 1 1], L_0x563d4e6df600, L_0x563d4e6df600, L_0x563d4e6df600, L_0x563d4e6df600;
LS_0x563d4e6df6a0_0_28 .concat [ 1 1 1 1], L_0x563d4e6df600, L_0x563d4e6df600, L_0x563d4e6df600, L_0x563d4e6df600;
LS_0x563d4e6df6a0_1_0 .concat [ 4 4 4 4], LS_0x563d4e6df6a0_0_0, LS_0x563d4e6df6a0_0_4, LS_0x563d4e6df6a0_0_8, LS_0x563d4e6df6a0_0_12;
LS_0x563d4e6df6a0_1_4 .concat [ 4 4 4 4], LS_0x563d4e6df6a0_0_16, LS_0x563d4e6df6a0_0_20, LS_0x563d4e6df6a0_0_24, LS_0x563d4e6df6a0_0_28;
L_0x563d4e6df6a0 .concat [ 16 16 0 0], LS_0x563d4e6df6a0_1_0, LS_0x563d4e6df6a0_1_4;
L_0x563d4e6dfc30 .concat [ 33 32 0 0], v0x563d4e6ab460_0, L_0x563d4e6df6a0;
L_0x563d4e6dfcd0 .part v0x563d4e6ab520_0, 32, 1;
LS_0x563d4e6dfd70_0_0 .concat [ 1 1 1 1], L_0x563d4e6dfcd0, L_0x563d4e6dfcd0, L_0x563d4e6dfcd0, L_0x563d4e6dfcd0;
LS_0x563d4e6dfd70_0_4 .concat [ 1 1 1 1], L_0x563d4e6dfcd0, L_0x563d4e6dfcd0, L_0x563d4e6dfcd0, L_0x563d4e6dfcd0;
LS_0x563d4e6dfd70_0_8 .concat [ 1 1 1 1], L_0x563d4e6dfcd0, L_0x563d4e6dfcd0, L_0x563d4e6dfcd0, L_0x563d4e6dfcd0;
LS_0x563d4e6dfd70_0_12 .concat [ 1 1 1 1], L_0x563d4e6dfcd0, L_0x563d4e6dfcd0, L_0x563d4e6dfcd0, L_0x563d4e6dfcd0;
LS_0x563d4e6dfd70_0_16 .concat [ 1 1 1 1], L_0x563d4e6dfcd0, L_0x563d4e6dfcd0, L_0x563d4e6dfcd0, L_0x563d4e6dfcd0;
LS_0x563d4e6dfd70_0_20 .concat [ 1 1 1 1], L_0x563d4e6dfcd0, L_0x563d4e6dfcd0, L_0x563d4e6dfcd0, L_0x563d4e6dfcd0;
LS_0x563d4e6dfd70_0_24 .concat [ 1 1 1 1], L_0x563d4e6dfcd0, L_0x563d4e6dfcd0, L_0x563d4e6dfcd0, L_0x563d4e6dfcd0;
LS_0x563d4e6dfd70_0_28 .concat [ 1 1 1 1], L_0x563d4e6dfcd0, L_0x563d4e6dfcd0, L_0x563d4e6dfcd0, L_0x563d4e6dfcd0;
LS_0x563d4e6dfd70_1_0 .concat [ 4 4 4 4], LS_0x563d4e6dfd70_0_0, LS_0x563d4e6dfd70_0_4, LS_0x563d4e6dfd70_0_8, LS_0x563d4e6dfd70_0_12;
LS_0x563d4e6dfd70_1_4 .concat [ 4 4 4 4], LS_0x563d4e6dfd70_0_16, LS_0x563d4e6dfd70_0_20, LS_0x563d4e6dfd70_0_24, LS_0x563d4e6dfd70_0_28;
L_0x563d4e6dfd70 .concat [ 16 16 0 0], LS_0x563d4e6dfd70_1_0, LS_0x563d4e6dfd70_1_4;
L_0x563d4e6e0270 .concat [ 33 32 0 0], v0x563d4e6ab520_0, L_0x563d4e6dfd70;
L_0x563d4e6e0360 .arith/mult 65, L_0x563d4e6dfc30, L_0x563d4e6e0270;
L_0x563d4e6e04a0 .part v0x563d4e68fd30_0, 51, 1;
L_0x563d4e6e05b0 .part v0x563d4e68fd30_0, 52, 1;
L_0x563d4e6e0760 .part v0x563d4e68fd30_0, 53, 1;
L_0x563d4e6e0920 .part v0x563d4e68fd30_0, 54, 1;
L_0x563d4e6e0ad0 .part v0x563d4e68fd30_0, 51, 1;
L_0x563d4e6e0c00 .part v0x563d4e68fd30_0, 53, 1;
L_0x563d4e6e0db0 .part v0x563d4e68fd30_0, 51, 1;
L_0x563d4e6e0ef0 .part v0x563d4e68fd30_0, 52, 1;
L_0x563d4e6e11b0 .reduce/nor L_0x563d4e6e16f0;
L_0x563d4e6e0e50 .reduce/or v0x563d4e6ab600_0;
L_0x563d4e6e1410 .reduce/nor L_0x563d4e6e0e50;
    .scope S_0x563d4e6492c0;
T_6 ;
    %wait E_0x563d4e692eb0;
    %load/vec4 v0x563d4e693100_0;
    %dup/vec4;
    %pushi/vec4 1, 0, 4;
    %cmp/u;
    %jmp/1 T_6.0, 6;
    %dup/vec4;
    %pushi/vec4 2, 0, 4;
    %cmp/u;
    %jmp/1 T_6.1, 6;
    %dup/vec4;
    %pushi/vec4 3, 0, 4;
    %cmp/u;
    %jmp/1 T_6.2, 6;
    %dup/vec4;
    %pushi/vec4 4, 0, 4;
    %cmp/u;
    %jmp/1 T_6.3, 6;
    %dup/vec4;
    %pushi/vec4 6, 0, 4;
    %cmp/u;
    %jmp/1 T_6.4, 6;
    %dup/vec4;
    %pushi/vec4 7, 0, 4;
    %cmp/u;
    %jmp/1 T_6.5, 6;
    %dup/vec4;
    %pushi/vec4 8, 0, 4;
    %cmp/u;
    %jmp/1 T_6.6, 6;
    %dup/vec4;
    %pushi/vec4 9, 0, 4;
    %cmp/u;
    %jmp/1 T_6.7, 6;
    %dup/vec4;
    %pushi/vec4 10, 0, 4;
    %cmp/u;
    %jmp/1 T_6.8, 6;
    %dup/vec4;
    %pushi/vec4 11, 0, 4;
    %cmp/u;
    %jmp/1 T_6.9, 6;
    %load/vec4 v0x563d4e692f20_0;
    %store/vec4 v0x563d4e6932d0_0, 0, 32;
    %jmp T_6.11;
T_6.0 ;
    %load/vec4 v0x563d4e693020_0;
    %parti/s 1, 0, 2;
    %cmpi/e 1, 0, 1;
    %jmp/0xz  T_6.12, 4;
    %load/vec4 v0x563d4e692f20_0;
    %parti/s 31, 0, 2;
    %concati/vec4 0, 0, 1;
    %store/vec4 v0x563d4e693400_0, 0, 32;
    %jmp T_6.13;
T_6.12 ;
    %load/vec4 v0x563d4e692f20_0;
    %store/vec4 v0x563d4e693400_0, 0, 32;
T_6.13 ;
    %load/vec4 v0x563d4e693020_0;
    %parti/s 1, 1, 2;
    %cmpi/e 1, 0, 1;
    %jmp/0xz  T_6.14, 4;
    %load/vec4 v0x563d4e693400_0;
    %parti/s 30, 0, 2;
    %concati/vec4 0, 0, 2;
    %store/vec4 v0x563d4e6934e0_0, 0, 32;
    %jmp T_6.15;
T_6.14 ;
    %load/vec4 v0x563d4e693400_0;
    %store/vec4 v0x563d4e6934e0_0, 0, 32;
T_6.15 ;
    %load/vec4 v0x563d4e693020_0;
    %parti/s 1, 2, 3;
    %cmpi/e 1, 0, 1;
    %jmp/0xz  T_6.16, 4;
    %load/vec4 v0x563d4e6934e0_0;
    %parti/s 28, 0, 2;
    %concati/vec4 0, 0, 4;
    %store/vec4 v0x563d4e6935c0_0, 0, 32;
    %jmp T_6.17;
T_6.16 ;
    %load/vec4 v0x563d4e6934e0_0;
    %store/vec4 v0x563d4e6935c0_0, 0, 32;
T_6.17 ;
    %load/vec4 v0x563d4e693020_0;
    %parti/s 1, 3, 3;
    %cmpi/e 1, 0, 1;
    %jmp/0xz  T_6.18, 4;
    %load/vec4 v0x563d4e6935c0_0;
    %parti/s 24, 0, 2;
    %concati/vec4 0, 0, 8;
    %store/vec4 v0x563d4e6936a0_0, 0, 32;
    %jmp T_6.19;
T_6.18 ;
    %load/vec4 v0x563d4e6935c0_0;
    %store/vec4 v0x563d4e6936a0_0, 0, 32;
T_6.19 ;
    %load/vec4 v0x563d4e693020_0;
    %parti/s 1, 4, 4;
    %cmpi/e 1, 0, 1;
    %jmp/0xz  T_6.20, 4;
    %load/vec4 v0x563d4e6936a0_0;
    %parti/s 16, 0, 2;
    %concati/vec4 0, 0, 16;
    %store/vec4 v0x563d4e6932d0_0, 0, 32;
    %jmp T_6.21;
T_6.20 ;
    %load/vec4 v0x563d4e6936a0_0;
    %store/vec4 v0x563d4e6932d0_0, 0, 32;
T_6.21 ;
    %jmp T_6.11;
T_6.1 ;
    %load/vec4 v0x563d4e692f20_0;
    %parti/s 1, 31, 6;
    %pushi/vec4 1, 0, 1;
    %cmp/e;
    %flag_get/vec4 4;
    %load/vec4 v0x563d4e693100_0;
    %pushi/vec4 3, 0, 4;
    %cmp/e;
    %flag_get/vec4 4;
    %and;
    %flag_set/vec4 8;
    %jmp/0xz  T_6.22, 8;
    %pushi/vec4 65535, 0, 16;
    %store/vec4 v0x563d4e693b00_0, 0, 16;
    %jmp T_6.23;
T_6.22 ;
    %pushi/vec4 0, 0, 16;
    %store/vec4 v0x563d4e693b00_0, 0, 16;
T_6.23 ;
    %load/vec4 v0x563d4e693020_0;
    %parti/s 1, 0, 2;
    %cmpi/e 1, 0, 1;
    %jmp/0xz  T_6.24, 4;
    %load/vec4 v0x563d4e693b00_0;
    %parti/s 1, 15, 5;
    %load/vec4 v0x563d4e692f20_0;
    %parti/s 31, 1, 2;
    %concat/vec4; draw_concat_vec4
    %store/vec4 v0x563d4e693780_0, 0, 32;
    %jmp T_6.25;
T_6.24 ;
    %load/vec4 v0x563d4e692f20_0;
    %store/vec4 v0x563d4e693780_0, 0, 32;
T_6.25 ;
    %load/vec4 v0x563d4e693020_0;
    %parti/s 1, 1, 2;
    %cmpi/e 1, 0, 1;
    %jmp/0xz  T_6.26, 4;
    %load/vec4 v0x563d4e693b00_0;
    %parti/s 2, 14, 5;
    %load/vec4 v0x563d4e693780_0;
    %parti/s 30, 2, 3;
    %concat/vec4; draw_concat_vec4
    %store/vec4 v0x563d4e693860_0, 0, 32;
    %jmp T_6.27;
T_6.26 ;
    %load/vec4 v0x563d4e693780_0;
    %store/vec4 v0x563d4e693860_0, 0, 32;
T_6.27 ;
    %load/vec4 v0x563d4e693020_0;
    %parti/s 1, 2, 3;
    %cmpi/e 1, 0, 1;
    %jmp/0xz  T_6.28, 4;
    %load/vec4 v0x563d4e693b00_0;
    %parti/s 4, 12, 5;
    %load/vec4 v0x563d4e693860_0;
    %parti/s 28, 4, 4;
    %concat/vec4; draw_concat_vec4
    %store/vec4 v0x563d4e693940_0, 0, 32;
    %jmp T_6.29;
T_6.28 ;
    %load/vec4 v0x563d4e693860_0;
    %store/vec4 v0x563d4e693940_0, 0, 32;
T_6.29 ;
    %load/vec4 v0x563d4e693020_0;
    %parti/s 1, 3, 3;
    %cmpi/e 1, 0, 1;
    %jmp/0xz  T_6.30, 4;
    %load/vec4 v0x563d4e693b00_0;
    %parti/s 8, 8, 5;
    %load/vec4 v0x563d4e693940_0;
    %parti/s 24, 8, 5;
    %concat/vec4; draw_concat_vec4
    %store/vec4 v0x563d4e693a20_0, 0, 32;
    %jmp T_6.31;
T_6.30 ;
    %load/vec4 v0x563d4e693940_0;
    %store/vec4 v0x563d4e693a20_0, 0, 32;
T_6.31 ;
    %load/vec4 v0x563d4e693020_0;
    %parti/s 1, 4, 4;
    %cmpi/e 1, 0, 1;
    %jmp/0xz  T_6.32, 4;
    %load/vec4 v0x563d4e693b00_0;
    %load/vec4 v0x563d4e693a20_0;
    %parti/s 16, 16, 6;
    %concat/vec4; draw_concat_vec4
    %store/vec4 v0x563d4e6932d0_0, 0, 32;
    %jmp T_6.33;
T_6.32 ;
    %load/vec4 v0x563d4e693a20_0;
    %store/vec4 v0x563d4e6932d0_0, 0, 32;
T_6.33 ;
    %jmp T_6.11;
T_6.2 ;
    %load/vec4 v0x563d4e692f20_0;
    %parti/s 1, 31, 6;
    %pushi/vec4 1, 0, 1;
    %cmp/e;
    %flag_get/vec4 4;
    %load/vec4 v0x563d4e693100_0;
    %pushi/vec4 3, 0, 4;
    %cmp/e;
    %flag_get/vec4 4;
    %and;
    %flag_set/vec4 8;
    %jmp/0xz  T_6.34, 8;
    %pushi/vec4 65535, 0, 16;
    %store/vec4 v0x563d4e693b00_0, 0, 16;
    %jmp T_6.35;
T_6.34 ;
    %pushi/vec4 0, 0, 16;
    %store/vec4 v0x563d4e693b00_0, 0, 16;
T_6.35 ;
    %load/vec4 v0x563d4e693020_0;
    %parti/s 1, 0, 2;
    %cmpi/e 1, 0, 1;
    %jmp/0xz  T_6.36, 4;
    %load/vec4 v0x563d4e693b00_0;
    %parti/s 1, 15, 5;
    %load/vec4 v0x563d4e692f20_0;
    %parti/s 31, 1, 2;
    %concat/vec4; draw_concat_vec4
    %store/vec4 v0x563d4e693780_0, 0, 32;
    %jmp T_6.37;
T_6.36 ;
    %load/vec4 v0x563d4e692f20_0;
    %store/vec4 v0x563d4e693780_0, 0, 32;
T_6.37 ;
    %load/vec4 v0x563d4e693020_0;
    %parti/s 1, 1, 2;
    %cmpi/e 1, 0, 1;
    %jmp/0xz  T_6.38, 4;
    %load/vec4 v0x563d4e693b00_0;
    %parti/s 2, 14, 5;
    %load/vec4 v0x563d4e693780_0;
    %parti/s 30, 2, 3;
    %concat/vec4; draw_concat_vec4
    %store/vec4 v0x563d4e693860_0, 0, 32;
    %jmp T_6.39;
T_6.38 ;
    %load/vec4 v0x563d4e693780_0;
    %store/vec4 v0x563d4e693860_0, 0, 32;
T_6.39 ;
    %load/vec4 v0x563d4e693020_0;
    %parti/s 1, 2, 3;
    %cmpi/e 1, 0, 1;
    %jmp/0xz  T_6.40, 4;
    %load/vec4 v0x563d4e693b00_0;
    %parti/s 4, 12, 5;
    %load/vec4 v0x563d4e693860_0;
    %parti/s 28, 4, 4;
    %concat/vec4; draw_concat_vec4
    %store/vec4 v0x563d4e693940_0, 0, 32;
    %jmp T_6.41;
T_6.40 ;
    %load/vec4 v0x563d4e693860_0;
    %store/vec4 v0x563d4e693940_0, 0, 32;
T_6.41 ;
    %load/vec4 v0x563d4e693020_0;
    %parti/s 1, 3, 3;
    %cmpi/e 1, 0, 1;
    %jmp/0xz  T_6.42, 4;
    %load/vec4 v0x563d4e693b00_0;
    %parti/s 8, 8, 5;
    %load/vec4 v0x563d4e693940_0;
    %parti/s 24, 8, 5;
    %concat/vec4; draw_concat_vec4
    %store/vec4 v0x563d4e693a20_0, 0, 32;
    %jmp T_6.43;
T_6.42 ;
    %load/vec4 v0x563d4e693940_0;
    %store/vec4 v0x563d4e693a20_0, 0, 32;
T_6.43 ;
    %load/vec4 v0x563d4e693020_0;
    %parti/s 1, 4, 4;
    %cmpi/e 1, 0, 1;
    %jmp/0xz  T_6.44, 4;
    %load/vec4 v0x563d4e693b00_0;
    %load/vec4 v0x563d4e693a20_0;
    %parti/s 16, 16, 6;
    %concat/vec4; draw_concat_vec4
    %store/vec4 v0x563d4e6932d0_0, 0, 32;
    %jmp T_6.45;
T_6.44 ;
    %load/vec4 v0x563d4e693a20_0;
    %store/vec4 v0x563d4e6932d0_0, 0, 32;
T_6.45 ;
    %jmp T_6.11;
T_6.3 ;
    %load/vec4 v0x563d4e692f20_0;
    %load/vec4 v0x563d4e693020_0;
    %add;
    %store/vec4 v0x563d4e6932d0_0, 0, 32;
    %jmp T_6.11;
T_6.4 ;
    %load/vec4 v0x563d4e693be0_0;
    %store/vec4 v0x563d4e6932d0_0, 0, 32;
    %jmp T_6.11;
T_6.5 ;
    %load/vec4 v0x563d4e692f20_0;
    %load/vec4 v0x563d4e693020_0;
    %and;
    %store/vec4 v0x563d4e6932d0_0, 0, 32;
    %jmp T_6.11;
T_6.6 ;
    %load/vec4 v0x563d4e692f20_0;
    %load/vec4 v0x563d4e693020_0;
    %or;
    %store/vec4 v0x563d4e6932d0_0, 0, 32;
    %jmp T_6.11;
T_6.7 ;
    %load/vec4 v0x563d4e692f20_0;
    %load/vec4 v0x563d4e693020_0;
    %xor;
    %store/vec4 v0x563d4e6932d0_0, 0, 32;
    %jmp T_6.11;
T_6.8 ;
    %load/vec4 v0x563d4e692f20_0;
    %load/vec4 v0x563d4e693020_0;
    %cmp/u;
    %flag_mov 8, 5;
    %jmp/0 T_6.46, 8;
    %pushi/vec4 1, 0, 32;
    %jmp/1 T_6.47, 8;
T_6.46 ; End of true expr.
    %pushi/vec4 0, 0, 32;
    %jmp/0 T_6.47, 8;
 ; End of false expr.
    %blend;
T_6.47;
    %store/vec4 v0x563d4e6932d0_0, 0, 32;
    %jmp T_6.11;
T_6.9 ;
    %load/vec4 v0x563d4e692f20_0;
    %parti/s 1, 31, 6;
    %load/vec4 v0x563d4e693020_0;
    %parti/s 1, 31, 6;
    %cmp/ne;
    %jmp/0xz  T_6.48, 4;
    %load/vec4 v0x563d4e692f20_0;
    %parti/s 1, 31, 6;
    %flag_set/vec4 8;
    %jmp/0 T_6.50, 8;
    %pushi/vec4 1, 0, 32;
    %jmp/1 T_6.51, 8;
T_6.50 ; End of true expr.
    %pushi/vec4 0, 0, 32;
    %jmp/0 T_6.51, 8;
 ; End of false expr.
    %blend;
T_6.51;
    %store/vec4 v0x563d4e6932d0_0, 0, 32;
    %jmp T_6.49;
T_6.48 ;
    %load/vec4 v0x563d4e693be0_0;
    %parti/s 1, 31, 6;
    %flag_set/vec4 8;
    %jmp/0 T_6.52, 8;
    %pushi/vec4 1, 0, 32;
    %jmp/1 T_6.53, 8;
T_6.52 ; End of true expr.
    %pushi/vec4 0, 0, 32;
    %jmp/0 T_6.53, 8;
 ; End of false expr.
    %blend;
T_6.53;
    %store/vec4 v0x563d4e6932d0_0, 0, 32;
T_6.49 ;
    %jmp T_6.11;
T_6.11 ;
    %pop/vec4 1;
    %jmp T_6;
    .thread T_6, $push;
    .scope S_0x563d4e648f40;
T_7 ;
    %wait E_0x563d4e6925b0;
    %load/vec4 v0x563d4e694a20_0;
    %parti/s 20, 12, 5;
    %concati/vec4 0, 0, 12;
    %store/vec4 v0x563d4e6947a0_0, 0, 32;
    %load/vec4 v0x563d4e694a20_0;
    %parti/s 1, 31, 6;
    %replicate 20;
    %load/vec4 v0x563d4e694a20_0;
    %parti/s 12, 20, 6;
    %concat/vec4; draw_concat_vec4
    %store/vec4 v0x563d4e6946c0_0, 0, 32;
    %load/vec4 v0x563d4e694a20_0;
    %parti/s 1, 31, 6;
    %replicate 19;
    %load/vec4 v0x563d4e694a20_0;
    %parti/s 1, 31, 6;
    %concat/vec4; draw_concat_vec4
    %load/vec4 v0x563d4e694a20_0;
    %parti/s 1, 7, 4;
    %concat/vec4; draw_concat_vec4
    %load/vec4 v0x563d4e694a20_0;
    %parti/s 6, 25, 6;
    %concat/vec4; draw_concat_vec4
    %load/vec4 v0x563d4e694a20_0;
    %parti/s 4, 8, 5;
    %concat/vec4; draw_concat_vec4
    %concati/vec4 0, 0, 1;
    %store/vec4 v0x563d4e6940c0_0, 0, 32;
    %load/vec4 v0x563d4e694a20_0;
    %parti/s 1, 31, 6;
    %replicate 12;
    %load/vec4 v0x563d4e694a20_0;
    %parti/s 8, 12, 5;
    %concat/vec4; draw_concat_vec4
    %load/vec4 v0x563d4e694a20_0;
    %parti/s 1, 20, 6;
    %concat/vec4; draw_concat_vec4
    %load/vec4 v0x563d4e694a20_0;
    %parti/s 6, 25, 6;
    %concat/vec4; draw_concat_vec4
    %load/vec4 v0x563d4e694a20_0;
    %parti/s 4, 21, 6;
    %concat/vec4; draw_concat_vec4
    %concati/vec4 0, 0, 1;
    %store/vec4 v0x563d4e694880_0, 0, 32;
    %load/vec4 v0x563d4e694a20_0;
    %parti/s 1, 31, 6;
    %replicate 20;
    %load/vec4 v0x563d4e694a20_0;
    %parti/s 7, 25, 6;
    %concat/vec4; draw_concat_vec4
    %load/vec4 v0x563d4e694a20_0;
    %parti/s 5, 7, 4;
    %concat/vec4; draw_concat_vec4
    %store/vec4 v0x563d4e695500_0, 0, 32;
    %load/vec4 v0x563d4e694a20_0;
    %parti/s 5, 20, 6;
    %store/vec4 v0x563d4e695380_0, 0, 5;
    %jmp T_7;
    .thread T_7, $push;
    .scope S_0x563d4e648f40;
T_8 ;
    %wait E_0x563d4e692530;
    %pushi/vec4 0, 0, 4;
    %store/vec4 v0x563d4e693d40_0, 0, 4;
    %pushi/vec4 0, 0, 32;
    %store/vec4 v0x563d4e693e20_0, 0, 32;
    %pushi/vec4 0, 0, 32;
    %store/vec4 v0x563d4e693ef0_0, 0, 32;
    %pushi/vec4 0, 0, 1;
    %store/vec4 v0x563d4e6955c0_0, 0, 1;
    %load/vec4 v0x563d4e694960_0;
    %parti/s 1, 11, 5;
    %flag_set/vec4 8;
    %jmp/0xz  T_8.0, 8;
    %pushi/vec4 4, 0, 4;
    %store/vec4 v0x563d4e693d40_0, 0, 4;
    %load/vec4 v0x563d4e694cb0_0;
    %store/vec4 v0x563d4e693e20_0, 0, 32;
    %load/vec4 v0x563d4e694e80_0;
    %store/vec4 v0x563d4e693ef0_0, 0, 32;
    %pushi/vec4 1, 0, 1;
    %store/vec4 v0x563d4e6955c0_0, 0, 1;
    %jmp T_8.1;
T_8.0 ;
    %load/vec4 v0x563d4e694960_0;
    %parti/s 1, 17, 6;
    %flag_set/vec4 8;
    %jmp/0xz  T_8.2, 8;
    %pushi/vec4 7, 0, 4;
    %store/vec4 v0x563d4e693d40_0, 0, 4;
    %load/vec4 v0x563d4e694cb0_0;
    %store/vec4 v0x563d4e693e20_0, 0, 32;
    %load/vec4 v0x563d4e694e80_0;
    %store/vec4 v0x563d4e693ef0_0, 0, 32;
    %pushi/vec4 1, 0, 1;
    %store/vec4 v0x563d4e6955c0_0, 0, 1;
    %jmp T_8.3;
T_8.2 ;
    %load/vec4 v0x563d4e694960_0;
    %parti/s 1, 16, 6;
    %flag_set/vec4 8;
    %jmp/0xz  T_8.4, 8;
    %pushi/vec4 8, 0, 4;
    %store/vec4 v0x563d4e693d40_0, 0, 4;
    %load/vec4 v0x563d4e694cb0_0;
    %store/vec4 v0x563d4e693e20_0, 0, 32;
    %load/vec4 v0x563d4e694e80_0;
    %store/vec4 v0x563d4e693ef0_0, 0, 32;
    %pushi/vec4 1, 0, 1;
    %store/vec4 v0x563d4e6955c0_0, 0, 1;
    %jmp T_8.5;
T_8.4 ;
    %load/vec4 v0x563d4e694960_0;
    %parti/s 1, 18, 6;
    %flag_set/vec4 8;
    %jmp/0xz  T_8.6, 8;
    %pushi/vec4 1, 0, 4;
    %store/vec4 v0x563d4e693d40_0, 0, 4;
    %load/vec4 v0x563d4e694cb0_0;
    %store/vec4 v0x563d4e693e20_0, 0, 32;
    %load/vec4 v0x563d4e694e80_0;
    %store/vec4 v0x563d4e693ef0_0, 0, 32;
    %pushi/vec4 1, 0, 1;
    %store/vec4 v0x563d4e6955c0_0, 0, 1;
    %jmp T_8.7;
T_8.6 ;
    %load/vec4 v0x563d4e694960_0;
    %parti/s 1, 20, 6;
    %flag_set/vec4 8;
    %jmp/0xz  T_8.8, 8;
    %pushi/vec4 3, 0, 4;
    %store/vec4 v0x563d4e693d40_0, 0, 4;
    %load/vec4 v0x563d4e694cb0_0;
    %store/vec4 v0x563d4e693e20_0, 0, 32;
    %load/vec4 v0x563d4e694e80_0;
    %store/vec4 v0x563d4e693ef0_0, 0, 32;
    %pushi/vec4 1, 0, 1;
    %store/vec4 v0x563d4e6955c0_0, 0, 1;
    %jmp T_8.9;
T_8.8 ;
    %load/vec4 v0x563d4e694960_0;
    %parti/s 1, 19, 6;
    %flag_set/vec4 8;
    %jmp/0xz  T_8.10, 8;
    %pushi/vec4 2, 0, 4;
    %store/vec4 v0x563d4e693d40_0, 0, 4;
    %load/vec4 v0x563d4e694cb0_0;
    %store/vec4 v0x563d4e693e20_0, 0, 32;
    %load/vec4 v0x563d4e694e80_0;
    %store/vec4 v0x563d4e693ef0_0, 0, 32;
    %pushi/vec4 1, 0, 1;
    %store/vec4 v0x563d4e6955c0_0, 0, 1;
    %jmp T_8.11;
T_8.10 ;
    %load/vec4 v0x563d4e694960_0;
    %parti/s 1, 12, 5;
    %flag_set/vec4 8;
    %jmp/0xz  T_8.12, 8;
    %pushi/vec4 6, 0, 4;
    %store/vec4 v0x563d4e693d40_0, 0, 4;
    %load/vec4 v0x563d4e694cb0_0;
    %store/vec4 v0x563d4e693e20_0, 0, 32;
    %load/vec4 v0x563d4e694e80_0;
    %store/vec4 v0x563d4e693ef0_0, 0, 32;
    %pushi/vec4 1, 0, 1;
    %store/vec4 v0x563d4e6955c0_0, 0, 1;
    %jmp T_8.13;
T_8.12 ;
    %load/vec4 v0x563d4e694960_0;
    %parti/s 1, 15, 5;
    %flag_set/vec4 8;
    %jmp/0xz  T_8.14, 8;
    %pushi/vec4 9, 0, 4;
    %store/vec4 v0x563d4e693d40_0, 0, 4;
    %load/vec4 v0x563d4e694cb0_0;
    %store/vec4 v0x563d4e693e20_0, 0, 32;
    %load/vec4 v0x563d4e694e80_0;
    %store/vec4 v0x563d4e693ef0_0, 0, 32;
    %pushi/vec4 1, 0, 1;
    %store/vec4 v0x563d4e6955c0_0, 0, 1;
    %jmp T_8.15;
T_8.14 ;
    %load/vec4 v0x563d4e694960_0;
    %parti/s 1, 13, 5;
    %flag_set/vec4 8;
    %jmp/0xz  T_8.16, 8;
    %pushi/vec4 11, 0, 4;
    %store/vec4 v0x563d4e693d40_0, 0, 4;
    %load/vec4 v0x563d4e694cb0_0;
    %store/vec4 v0x563d4e693e20_0, 0, 32;
    %load/vec4 v0x563d4e694e80_0;
    %store/vec4 v0x563d4e693ef0_0, 0, 32;
    %pushi/vec4 1, 0, 1;
    %store/vec4 v0x563d4e6955c0_0, 0, 1;
    %jmp T_8.17;
T_8.16 ;
    %load/vec4 v0x563d4e694960_0;
    %parti/s 1, 14, 5;
    %flag_set/vec4 8;
    %jmp/0xz  T_8.18, 8;
    %pushi/vec4 10, 0, 4;
    %store/vec4 v0x563d4e693d40_0, 0, 4;
    %load/vec4 v0x563d4e694cb0_0;
    %store/vec4 v0x563d4e693e20_0, 0, 32;
    %load/vec4 v0x563d4e694e80_0;
    %store/vec4 v0x563d4e693ef0_0, 0, 32;
    %pushi/vec4 1, 0, 1;
    %store/vec4 v0x563d4e6955c0_0, 0, 1;
    %jmp T_8.19;
T_8.18 ;
    %load/vec4 v0x563d4e694960_0;
    %parti/s 1, 1, 2;
    %flag_set/vec4 8;
    %jmp/0xz  T_8.20, 8;
    %pushi/vec4 4, 0, 4;
    %store/vec4 v0x563d4e693d40_0, 0, 4;
    %load/vec4 v0x563d4e694cb0_0;
    %store/vec4 v0x563d4e693e20_0, 0, 32;
    %load/vec4 v0x563d4e6946c0_0;
    %store/vec4 v0x563d4e693ef0_0, 0, 32;
    %pushi/vec4 1, 0, 1;
    %store/vec4 v0x563d4e6955c0_0, 0, 1;
    %jmp T_8.21;
T_8.20 ;
    %load/vec4 v0x563d4e694960_0;
    %parti/s 1, 0, 2;
    %flag_set/vec4 8;
    %jmp/0xz  T_8.22, 8;
    %pushi/vec4 7, 0, 4;
    %store/vec4 v0x563d4e693d40_0, 0, 4;
    %load/vec4 v0x563d4e694cb0_0;
    %store/vec4 v0x563d4e693e20_0, 0, 32;
    %load/vec4 v0x563d4e6946c0_0;
    %store/vec4 v0x563d4e693ef0_0, 0, 32;
    %pushi/vec4 1, 0, 1;
    %store/vec4 v0x563d4e6955c0_0, 0, 1;
    %jmp T_8.23;
T_8.22 ;
    %load/vec4 v0x563d4e694960_0;
    %parti/s 1, 2, 3;
    %flag_set/vec4 8;
    %jmp/0xz  T_8.24, 8;
    %pushi/vec4 11, 0, 4;
    %store/vec4 v0x563d4e693d40_0, 0, 4;
    %load/vec4 v0x563d4e694cb0_0;
    %store/vec4 v0x563d4e693e20_0, 0, 32;
    %load/vec4 v0x563d4e6946c0_0;
    %store/vec4 v0x563d4e693ef0_0, 0, 32;
    %pushi/vec4 1, 0, 1;
    %store/vec4 v0x563d4e6955c0_0, 0, 1;
    %jmp T_8.25;
T_8.24 ;
    %load/vec4 v0x563d4e694960_0;
    %parti/s 1, 3, 3;
    %flag_set/vec4 8;
    %jmp/0xz  T_8.26, 8;
    %pushi/vec4 10, 0, 4;
    %store/vec4 v0x563d4e693d40_0, 0, 4;
    %load/vec4 v0x563d4e694cb0_0;
    %store/vec4 v0x563d4e693e20_0, 0, 32;
    %load/vec4 v0x563d4e6946c0_0;
    %store/vec4 v0x563d4e693ef0_0, 0, 32;
    %pushi/vec4 1, 0, 1;
    %store/vec4 v0x563d4e6955c0_0, 0, 1;
    %jmp T_8.27;
T_8.26 ;
    %load/vec4 v0x563d4e694960_0;
    %parti/s 1, 4, 4;
    %flag_set/vec4 8;
    %jmp/0xz  T_8.28, 8;
    %pushi/vec4 8, 0, 4;
    %store/vec4 v0x563d4e693d40_0, 0, 4;
    %load/vec4 v0x563d4e694cb0_0;
    %store/vec4 v0x563d4e693e20_0, 0, 32;
    %load/vec4 v0x563d4e6946c0_0;
    %store/vec4 v0x563d4e693ef0_0, 0, 32;
    %pushi/vec4 1, 0, 1;
    %store/vec4 v0x563d4e6955c0_0, 0, 1;
    %jmp T_8.29;
T_8.28 ;
    %load/vec4 v0x563d4e694960_0;
    %parti/s 1, 5, 4;
    %flag_set/vec4 8;
    %jmp/0xz  T_8.30, 8;
    %pushi/vec4 9, 0, 4;
    %store/vec4 v0x563d4e693d40_0, 0, 4;
    %load/vec4 v0x563d4e694cb0_0;
    %store/vec4 v0x563d4e693e20_0, 0, 32;
    %load/vec4 v0x563d4e6946c0_0;
    %store/vec4 v0x563d4e693ef0_0, 0, 32;
    %pushi/vec4 1, 0, 1;
    %store/vec4 v0x563d4e6955c0_0, 0, 1;
    %jmp T_8.31;
T_8.30 ;
    %load/vec4 v0x563d4e694960_0;
    %parti/s 1, 6, 4;
    %flag_set/vec4 8;
    %jmp/0xz  T_8.32, 8;
    %pushi/vec4 1, 0, 4;
    %store/vec4 v0x563d4e693d40_0, 0, 4;
    %load/vec4 v0x563d4e694cb0_0;
    %store/vec4 v0x563d4e693e20_0, 0, 32;
    %pushi/vec4 0, 0, 27;
    %load/vec4 v0x563d4e695380_0;
    %concat/vec4; draw_concat_vec4
    %store/vec4 v0x563d4e693ef0_0, 0, 32;
    %pushi/vec4 1, 0, 1;
    %store/vec4 v0x563d4e6955c0_0, 0, 1;
    %jmp T_8.33;
T_8.32 ;
    %load/vec4 v0x563d4e694960_0;
    %parti/s 1, 7, 4;
    %flag_set/vec4 8;
    %jmp/0xz  T_8.34, 8;
    %pushi/vec4 2, 0, 4;
    %store/vec4 v0x563d4e693d40_0, 0, 4;
    %load/vec4 v0x563d4e694cb0_0;
    %store/vec4 v0x563d4e693e20_0, 0, 32;
    %pushi/vec4 0, 0, 27;
    %load/vec4 v0x563d4e695380_0;
    %concat/vec4; draw_concat_vec4
    %store/vec4 v0x563d4e693ef0_0, 0, 32;
    %pushi/vec4 1, 0, 1;
    %store/vec4 v0x563d4e6955c0_0, 0, 1;
    %jmp T_8.35;
T_8.34 ;
    %load/vec4 v0x563d4e694960_0;
    %parti/s 1, 8, 5;
    %flag_set/vec4 8;
    %jmp/0xz  T_8.36, 8;
    %pushi/vec4 3, 0, 4;
    %store/vec4 v0x563d4e693d40_0, 0, 4;
    %load/vec4 v0x563d4e694cb0_0;
    %store/vec4 v0x563d4e693e20_0, 0, 32;
    %pushi/vec4 0, 0, 27;
    %load/vec4 v0x563d4e695380_0;
    %concat/vec4; draw_concat_vec4
    %store/vec4 v0x563d4e693ef0_0, 0, 32;
    %pushi/vec4 1, 0, 1;
    %store/vec4 v0x563d4e6955c0_0, 0, 1;
    %jmp T_8.37;
T_8.36 ;
    %load/vec4 v0x563d4e694960_0;
    %parti/s 1, 9, 5;
    %flag_set/vec4 8;
    %jmp/0xz  T_8.38, 8;
    %load/vec4 v0x563d4e6947a0_0;
    %store/vec4 v0x563d4e693e20_0, 0, 32;
    %pushi/vec4 1, 0, 1;
    %store/vec4 v0x563d4e6955c0_0, 0, 1;
    %jmp T_8.39;
T_8.38 ;
    %load/vec4 v0x563d4e694960_0;
    %parti/s 1, 10, 5;
    %flag_set/vec4 8;
    %jmp/0xz  T_8.40, 8;
    %pushi/vec4 4, 0, 4;
    %store/vec4 v0x563d4e693d40_0, 0, 4;
    %load/vec4 v0x563d4e694ae0_0;
    %store/vec4 v0x563d4e693e20_0, 0, 32;
    %load/vec4 v0x563d4e6947a0_0;
    %store/vec4 v0x563d4e693ef0_0, 0, 32;
    %pushi/vec4 1, 0, 1;
    %store/vec4 v0x563d4e6955c0_0, 0, 1;
    %jmp T_8.41;
T_8.40 ;
    %load/vec4 v0x563d4e694960_0;
    %parti/s 1, 21, 6;
    %flag_set/vec4 8;
    %load/vec4 v0x563d4e694960_0;
    %parti/s 1, 22, 6;
    %flag_set/vec4 9;
    %flag_or 9, 8;
    %jmp/0xz  T_8.42, 9;
    %pushi/vec4 4, 0, 4;
    %store/vec4 v0x563d4e693d40_0, 0, 4;
    %load/vec4 v0x563d4e694ae0_0;
    %store/vec4 v0x563d4e693e20_0, 0, 32;
    %pushi/vec4 4, 0, 32;
    %store/vec4 v0x563d4e693ef0_0, 0, 32;
    %pushi/vec4 1, 0, 1;
    %store/vec4 v0x563d4e6955c0_0, 0, 1;
T_8.42 ;
T_8.41 ;
T_8.39 ;
T_8.37 ;
T_8.35 ;
T_8.33 ;
T_8.31 ;
T_8.29 ;
T_8.27 ;
T_8.25 ;
T_8.23 ;
T_8.21 ;
T_8.19 ;
T_8.17 ;
T_8.15 ;
T_8.13 ;
T_8.11 ;
T_8.9 ;
T_8.7 ;
T_8.5 ;
T_8.3 ;
T_8.1 ;
    %jmp T_8;
    .thread T_8, $push;
    .scope S_0x563d4e648f40;
T_9 ;
    %wait E_0x563d4e692490;
    %pushi/vec4 0, 0, 1;
    %store/vec4 v0x563d4e694270_0, 0, 1;
    %load/vec4 v0x563d4e694ae0_0;
    %load/vec4 v0x563d4e6940c0_0;
    %add;
    %store/vec4 v0x563d4e694420_0, 0, 32;
    %load/vec4 v0x563d4e694960_0;
    %parti/s 1, 21, 6;
    %flag_set/vec4 8;
    %jmp/0xz  T_9.0, 8;
    %pushi/vec4 1, 0, 1;
    %store/vec4 v0x563d4e694270_0, 0, 1;
    %load/vec4 v0x563d4e694ae0_0;
    %load/vec4 v0x563d4e694880_0;
    %add;
    %store/vec4 v0x563d4e694420_0, 0, 32;
    %jmp T_9.1;
T_9.0 ;
    %load/vec4 v0x563d4e694960_0;
    %parti/s 1, 22, 6;
    %flag_set/vec4 8;
    %jmp/0xz  T_9.2, 8;
    %pushi/vec4 1, 0, 1;
    %store/vec4 v0x563d4e694270_0, 0, 1;
    %load/vec4 v0x563d4e694cb0_0;
    %load/vec4 v0x563d4e6946c0_0;
    %add;
    %store/vec4 v0x563d4e694420_0, 0, 32;
    %pushi/vec4 0, 0, 1;
    %ix/load 4, 0, 0;
    %flag_set/imm 4, 0;
    %store/vec4 v0x563d4e694420_0, 4, 1;
    %jmp T_9.3;
T_9.2 ;
    %load/vec4 v0x563d4e694960_0;
    %parti/s 1, 23, 6;
    %flag_set/vec4 8;
    %jmp/0xz  T_9.4, 8;
    %load/vec4 v0x563d4e694cb0_0;
    %load/vec4 v0x563d4e694e80_0;
    %cmp/e;
    %flag_get/vec4 4;
    %store/vec4 v0x563d4e694270_0, 0, 1;
    %jmp T_9.5;
T_9.4 ;
    %load/vec4 v0x563d4e694960_0;
    %parti/s 1, 24, 6;
    %flag_set/vec4 8;
    %jmp/0xz  T_9.6, 8;
    %load/vec4 v0x563d4e694cb0_0;
    %load/vec4 v0x563d4e694e80_0;
    %cmp/ne;
    %flag_get/vec4 4;
    %store/vec4 v0x563d4e694270_0, 0, 1;
    %jmp T_9.7;
T_9.6 ;
    %load/vec4 v0x563d4e694960_0;
    %parti/s 1, 25, 6;
    %flag_set/vec4 8;
    %jmp/0xz  T_9.8, 8;
    %load/vec4 v0x563d4e694cb0_0;
    %load/vec4 v0x563d4e694e80_0;
    %store/vec4 v0x563d4e692d20_0, 0, 32;
    %store/vec4 v0x563d4e692c30_0, 0, 32;
    %callf/vec4 TD_tb_riscv_core.u_dut.u_exec.less_than_signed, S_0x563d4e64a7c0;
    %store/vec4 v0x563d4e694270_0, 0, 1;
    %jmp T_9.9;
T_9.8 ;
    %load/vec4 v0x563d4e694960_0;
    %parti/s 1, 26, 6;
    %flag_set/vec4 8;
    %jmp/0xz  T_9.10, 8;
    %load/vec4 v0x563d4e694cb0_0;
    %load/vec4 v0x563d4e694e80_0;
    %store/vec4 v0x563d4e692920_0, 0, 32;
    %store/vec4 v0x563d4e692860_0, 0, 32;
    %callf/vec4 TD_tb_riscv_core.u_dut.u_exec.greater_than_signed, S_0x563d4e6484c0;
    %load/vec4 v0x563d4e694cb0_0;
    %load/vec4 v0x563d4e694e80_0;
    %cmp/e;
    %flag_get/vec4 4;
    %or;
    %store/vec4 v0x563d4e694270_0, 0, 1;
    %jmp T_9.11;
T_9.10 ;
    %load/vec4 v0x563d4e694960_0;
    %parti/s 1, 27, 6;
    %flag_set/vec4 8;
    %jmp/0xz  T_9.12, 8;
    %load/vec4 v0x563d4e694cb0_0;
    %load/vec4 v0x563d4e694e80_0;
    %cmp/u;
    %flag_get/vec4 5;
    %store/vec4 v0x563d4e694270_0, 0, 1;
    %jmp T_9.13;
T_9.12 ;
    %load/vec4 v0x563d4e694960_0;
    %parti/s 1, 28, 6;
    %flag_set/vec4 8;
    %jmp/0xz  T_9.14, 8;
    %load/vec4 v0x563d4e694e80_0;
    %load/vec4 v0x563d4e694cb0_0;
    %cmp/u;
    %flag_get/vec4 4;
    %flag_get/vec4 5;
    %or;
    %store/vec4 v0x563d4e694270_0, 0, 1;
T_9.14 ;
T_9.13 ;
T_9.11 ;
T_9.9 ;
T_9.7 ;
T_9.5 ;
T_9.3 ;
T_9.1 ;
    %jmp T_9;
    .thread T_9, $push;
    .scope S_0x563d4e648f40;
T_10 ;
    %wait E_0x563d4e22ccc0;
    %load/vec4 v0x563d4e6952e0_0;
    %flag_set/vec4 8;
    %jmp/0xz  T_10.0, 8;
    %pushi/vec4 0, 0, 5;
    %assign/vec4 v0x563d4e695140_0, 0;
    %jmp T_10.1;
T_10.0 ;
    %load/vec4 v0x563d4e6950a0_0;
    %load/vec4 v0x563d4e6955c0_0;
    %and;
    %flag_set/vec4 8;
    %jmp/0xz  T_10.2, 8;
    %load/vec4 v0x563d4e694f90_0;
    %assign/vec4 v0x563d4e695140_0, 0;
    %jmp T_10.3;
T_10.2 ;
    %pushi/vec4 0, 0, 5;
    %assign/vec4 v0x563d4e695140_0, 0;
T_10.3 ;
T_10.1 ;
    %jmp T_10;
    .thread T_10;
    .scope S_0x563d4e648f40;
T_11 ;
    %wait E_0x563d4e22ccc0;
    %load/vec4 v0x563d4e6952e0_0;
    %flag_set/vec4 8;
    %jmp/0xz  T_11.0, 8;
    %pushi/vec4 0, 0, 32;
    %assign/vec4 v0x563d4e695200_0, 0;
    %jmp T_11.1;
T_11.0 ;
    %load/vec4 v0x563d4e693ff0_0;
    %assign/vec4 v0x563d4e695200_0, 0;
T_11.1 ;
    %jmp T_11;
    .thread T_11;
    .scope S_0x563d4e69e920;
T_12 ;
    %wait E_0x563d4e22ccc0;
    %load/vec4 v0x563d4e6a7070_0;
    %flag_set/vec4 8;
    %jmp/0xz  T_12.0, 8;
    %pushi/vec4 0, 0, 1;
    %assign/vec4 v0x563d4e6a3fa0_0, 0;
    %jmp T_12.1;
T_12.0 ;
    %load/vec4 v0x563d4e6a49f0_0;
    %flag_set/vec4 8;
    %jmp/0xz  T_12.2, 8;
    %load/vec4 v0x563d4e6a4200_0;
    %inv;
    %assign/vec4 v0x563d4e6a3fa0_0, 0;
T_12.2 ;
T_12.1 ;
    %jmp T_12;
    .thread T_12;
    .scope S_0x563d4e69e920;
T_13 ;
    %wait E_0x563d4e22ccc0;
    %load/vec4 v0x563d4e6a7070_0;
    %flag_set/vec4 8;
    %jmp/0xz  T_13.0, 8;
    %pushi/vec4 0, 0, 4;
    %assign/vec4 v0x563d4e6a7400_0, 0;
    %jmp T_13.1;
T_13.0 ;
    %load/vec4 v0x563d4e6a4c60_0;
    %or/r;
    %flag_set/vec4 8;
    %jmp/0xz  T_13.2, 8;
    %load/vec4 v0x563d4e6a4200_0;
    %flag_set/vec4 8;
    %jmp/0 T_13.4, 8;
    %pushi/vec4 0, 0, 4;
    %jmp/1 T_13.5, 8;
T_13.4 ; End of true expr.
    %load/vec4 v0x563d4e6a4c60_0;
    %jmp/0 T_13.5, 8;
 ; End of false expr.
    %blend;
T_13.5;
    %assign/vec4 v0x563d4e6a7400_0, 0;
T_13.2 ;
T_13.1 ;
    %jmp T_13;
    .thread T_13;
    .scope S_0x563d4e69e920;
T_14 ;
    %wait E_0x563d4e22ccc0;
    %load/vec4 v0x563d4e6a7070_0;
    %flag_set/vec4 8;
    %jmp/0xz  T_14.0, 8;
    %pushi/vec4 0, 0, 32;
    %assign/vec4 v0x563d4e6a4470_0, 0;
    %jmp T_14.1;
T_14.0 ;
    %load/vec4 v0x563d4e6a4060_0;
    %flag_set/vec4 8;
    %load/vec4 v0x563d4e6a74e0_0;
    %or/r;
    %flag_set/vec4 9;
    %flag_or 9, 8;
    %jmp/0xz  T_14.2, 9;
    %load/vec4 v0x563d4e6a43a0_0;
    %assign/vec4 v0x563d4e6a4470_0, 0;
T_14.2 ;
T_14.1 ;
    %jmp T_14;
    .thread T_14;
    .scope S_0x563d4e69e920;
T_15 ;
    %wait E_0x563d4e22ccc0;
    %load/vec4 v0x563d4e6a7070_0;
    %flag_set/vec4 8;
    %jmp/0xz  T_15.0, 8;
    %pushi/vec4 0, 0, 32;
    %assign/vec4 v0x563d4e6a6c10_0, 0;
    %pushi/vec4 0, 0, 32;
    %assign/vec4 v0x563d4e6a6cb0_0, 0;
    %pushi/vec4 0, 0, 32;
    %assign/vec4 v0x563d4e6a7760_0, 0;
    %pushi/vec4 0, 0, 1;
    %assign/vec4 v0x563d4e6a2420_0, 0;
    %pushi/vec4 0, 0, 2;
    %assign/vec4 v0x563d4e6a71d0_0, 0;
    %jmp T_15.1;
T_15.0 ;
    %load/vec4 v0x563d4e6a71d0_0;
    %pad/u 32;
    %pushi/vec4 0, 0, 32;
    %cmp/e;
    %flag_get/vec4 4;
    %load/vec4 v0x563d4e6a3bd0_0;
    %load/vec4 v0x563d4e6a2360_0;
    %or;
    %and;
    %flag_set/vec4 8;
    %jmp/0xz  T_15.2, 8;
    %load/vec4 v0x563d4e6a6b70_0;
    %pushi/vec4 0, 0, 20;
    %load/vec4 v0x563d4e6a6e90_0;
    %parti/s 10, 22, 6;
    %concat/vec4; draw_concat_vec4
    %concati/vec4 0, 0, 2;
    %add;
    %assign/vec4 v0x563d4e6a6c10_0, 0;
    %load/vec4 v0x563d4e6a6e90_0;
    %assign/vec4 v0x563d4e6a7760_0, 0;
    %load/vec4 v0x563d4e6a2360_0;
    %assign/vec4 v0x563d4e6a2420_0, 0;
    %pushi/vec4 1, 0, 2;
    %assign/vec4 v0x563d4e6a71d0_0, 0;
    %jmp T_15.3;
T_15.2 ;
    %load/vec4 v0x563d4e6a71d0_0;
    %pad/u 32;
    %pushi/vec4 1, 0, 32;
    %cmp/e;
    %flag_get/vec4 4;
    %load/vec4 v0x563d4e6a6fd0_0;
    %and;
    %flag_set/vec4 8;
    %jmp/0xz  T_15.4, 8;
    %load/vec4 v0x563d4e6a6f30_0;
    %flag_set/vec4 8;
    %load/vec4 v0x563d4e6a5ba0_0;
    %parti/s 1, 0, 2;
    %nor/r;
    %flag_set/vec4 9;
    %flag_or 9, 8;
    %jmp/0xz  T_15.6, 9;
    %pushi/vec4 0, 0, 32;
    %assign/vec4 v0x563d4e6a6cb0_0, 0;
    %pushi/vec4 3, 0, 2;
    %assign/vec4 v0x563d4e6a71d0_0, 0;
    %jmp T_15.7;
T_15.6 ;
    %load/vec4 v0x563d4e6a5ba0_0;
    %parti/s 1, 1, 2;
    %load/vec4 v0x563d4e6a5ba0_0;
    %parti/s 1, 2, 3;
    %or;
    %load/vec4 v0x563d4e6a5ba0_0;
    %parti/s 1, 3, 3;
    %or;
    %nor/r;
    %flag_set/vec4 8;
    %jmp/0xz  T_15.8, 8;
    %load/vec4 v0x563d4e6a5ba0_0;
    %parti/s 20, 10, 5;
    %concati/vec4 0, 0, 12;
    %pushi/vec4 0, 0, 20;
    %load/vec4 v0x563d4e6a6e90_0;
    %parti/s 10, 12, 5;
    %concat/vec4; draw_concat_vec4
    %concati/vec4 0, 0, 2;
    %add;
    %assign/vec4 v0x563d4e6a6c10_0, 0;
    %pushi/vec4 2, 0, 2;
    %assign/vec4 v0x563d4e6a71d0_0, 0;
    %jmp T_15.9;
T_15.8 ;
    %load/vec4 v0x563d4e6a6df0_0;
    %pushi/vec4 0, 0, 22;
    %load/vec4 v0x563d4e6a6e90_0;
    %parti/s 10, 12, 5;
    %concat/vec4; draw_concat_vec4
    %or;
    %ix/load 4, 12, 0;
    %flag_set/imm 4, 0;
    %shiftl 4;
    %pushi/vec4 0, 0, 22;
    %load/vec4 v0x563d4e6a6d50_0;
    %concat/vec4; draw_concat_vec4
    %or;
    %assign/vec4 v0x563d4e6a6cb0_0, 0;
    %pushi/vec4 3, 0, 2;
    %assign/vec4 v0x563d4e6a71d0_0, 0;
T_15.9 ;
T_15.7 ;
    %jmp T_15.5;
T_15.4 ;
    %load/vec4 v0x563d4e6a71d0_0;
    %pad/u 32;
    %pushi/vec4 2, 0, 32;
    %cmp/e;
    %flag_get/vec4 4;
    %load/vec4 v0x563d4e6a6fd0_0;
    %and;
    %flag_set/vec4 8;
    %jmp/0xz  T_15.10, 8;
    %load/vec4 v0x563d4e6a5ba0_0;
    %parti/s 1, 0, 2;
    %flag_set/vec4 8;
    %jmp/0xz  T_15.12, 8;
    %load/vec4 v0x563d4e6a6df0_0;
    %ix/load 4, 12, 0;
    %flag_set/imm 4, 0;
    %shiftl 4;
    %pushi/vec4 0, 0, 22;
    %load/vec4 v0x563d4e6a6d50_0;
    %concat/vec4; draw_concat_vec4
    %or;
    %assign/vec4 v0x563d4e6a6cb0_0, 0;
    %pushi/vec4 3, 0, 2;
    %assign/vec4 v0x563d4e6a71d0_0, 0;
    %jmp T_15.13;
T_15.12 ;
    %pushi/vec4 0, 0, 32;
    %assign/vec4 v0x563d4e6a6cb0_0, 0;
    %pushi/vec4 3, 0, 2;
    %assign/vec4 v0x563d4e6a71d0_0, 0;
T_15.13 ;
    %jmp T_15.11;
T_15.10 ;
    %load/vec4 v0x563d4e6a71d0_0;
    %pad/u 32;
    %cmpi/e 3, 0, 32;
    %jmp/0xz  T_15.14, 4;
    %pushi/vec4 0, 0, 2;
    %assign/vec4 v0x563d4e6a71d0_0, 0;
T_15.14 ;
T_15.11 ;
T_15.5 ;
T_15.3 ;
T_15.1 ;
    %jmp T_15;
    .thread T_15;
    .scope S_0x563d4e69e920;
T_16 ;
    %wait E_0x563d4e22ccc0;
    %load/vec4 v0x563d4e6a7070_0;
    %flag_set/vec4 8;
    %jmp/0xz  T_16.0, 8;
    %pushi/vec4 0, 0, 1;
    %assign/vec4 v0x563d4e6a3d70_0, 0;
    %jmp T_16.1;
T_16.0 ;
    %load/vec4 v0x563d4e6a38c0_0;
    %flag_set/vec4 8;
    %jmp/0xz  T_16.2, 8;
    %pushi/vec4 0, 0, 1;
    %assign/vec4 v0x563d4e6a3d70_0, 0;
    %jmp T_16.3;
T_16.2 ;
    %load/vec4 v0x563d4e6a71d0_0;
    %pad/u 32;
    %pushi/vec4 3, 0, 32;
    %cmp/e;
    %flag_get/vec4 4;
    %load/vec4 v0x563d4e6a2420_0;
    %nor/r;
    %and;
    %flag_set/vec4 8;
    %jmp/0xz  T_16.4, 8;
    %pushi/vec4 1, 0, 1;
    %assign/vec4 v0x563d4e6a3d70_0, 0;
T_16.4 ;
T_16.3 ;
T_16.1 ;
    %jmp T_16;
    .thread T_16;
    .scope S_0x563d4e69e920;
T_17 ;
    %wait E_0x563d4e22ccc0;
    %load/vec4 v0x563d4e6a7070_0;
    %flag_set/vec4 8;
    %jmp/0xz  T_17.0, 8;
    %pushi/vec4 0, 0, 20;
    %assign/vec4 v0x563d4e6a3c90_0, 0;
    %pushi/vec4 0, 0, 32;
    %assign/vec4 v0x563d4e6a3a30_0, 0;
    %jmp T_17.1;
T_17.0 ;
    %load/vec4 v0x563d4e6a71d0_0;
    %pad/u 32;
    %pushi/vec4 3, 0, 32;
    %cmp/e;
    %flag_get/vec4 4;
    %load/vec4 v0x563d4e6a2420_0;
    %nor/r;
    %and;
    %flag_set/vec4 8;
    %jmp/0xz  T_17.2, 8;
    %load/vec4 v0x563d4e6a7760_0;
    %parti/s 20, 12, 5;
    %assign/vec4 v0x563d4e6a3c90_0, 0;
    %load/vec4 v0x563d4e6a6cb0_0;
    %assign/vec4 v0x563d4e6a3a30_0, 0;
T_17.2 ;
T_17.1 ;
    %jmp T_17;
    .thread T_17;
    .scope S_0x563d4e69e920;
T_18 ;
    %wait E_0x563d4e69f470;
    %pushi/vec4 0, 0, 1;
    %store/vec4 v0x563d4e6a6ad0_0, 0, 1;
    %load/vec4 v0x563d4e6a7820_0;
    %load/vec4 v0x563d4e6a3b10_0;
    %and;
    %flag_set/vec4 8;
    %jmp/0xz  T_18.0, 8;
    %load/vec4 v0x563d4e6a7690_0;
    %flag_set/vec4 8;
    %jmp/0xz  T_18.2, 8;
    %load/vec4 v0x563d4e6a3a30_0;
    %parti/s 1, 4, 4;
    %load/vec4 v0x563d4e6a75c0_0;
    %nor/r;
    %and;
    %flag_set/vec4 8;
    %jmp/0xz  T_18.4, 8;
    %pushi/vec4 1, 0, 1;
    %store/vec4 v0x563d4e6a6ad0_0, 0, 1;
    %jmp T_18.5;
T_18.4 ;
    %load/vec4 v0x563d4e6a3a30_0;
    %parti/s 1, 3, 3;
    %inv;
    %store/vec4 v0x563d4e6a6ad0_0, 0, 1;
T_18.5 ;
    %jmp T_18.3;
T_18.2 ;
    %load/vec4 v0x563d4e6a3a30_0;
    %parti/s 1, 3, 3;
    %inv;
    %load/vec4 v0x563d4e6a3a30_0;
    %parti/s 1, 4, 4;
    %inv;
    %or;
    %store/vec4 v0x563d4e6a6ad0_0, 0, 1;
T_18.3 ;
T_18.0 ;
    %jmp T_18;
    .thread T_18, $push;
    .scope S_0x563d4e69e920;
T_19 ;
    %wait E_0x563d4e22ccc0;
    %load/vec4 v0x563d4e6a7070_0;
    %flag_set/vec4 8;
    %jmp/0xz  T_19.0, 8;
    %pushi/vec4 0, 0, 1;
    %assign/vec4 v0x563d4e6a25c0_0, 0;
    %jmp T_19.1;
T_19.0 ;
    %load/vec4 v0x563d4e6a38c0_0;
    %flag_set/vec4 8;
    %jmp/0xz  T_19.2, 8;
    %pushi/vec4 0, 0, 1;
    %assign/vec4 v0x563d4e6a25c0_0, 0;
    %jmp T_19.3;
T_19.2 ;
    %load/vec4 v0x563d4e6a71d0_0;
    %pad/u 32;
    %pushi/vec4 3, 0, 32;
    %cmp/e;
    %flag_get/vec4 4;
    %load/vec4 v0x563d4e6a2420_0;
    %and;
    %flag_set/vec4 8;
    %jmp/0xz  T_19.4, 8;
    %pushi/vec4 1, 0, 1;
    %assign/vec4 v0x563d4e6a25c0_0, 0;
T_19.4 ;
T_19.3 ;
T_19.1 ;
    %jmp T_19;
    .thread T_19;
    .scope S_0x563d4e69e920;
T_20 ;
    %wait E_0x563d4e22ccc0;
    %load/vec4 v0x563d4e6a7070_0;
    %flag_set/vec4 8;
    %jmp/0xz  T_20.0, 8;
    %pushi/vec4 0, 0, 20;
    %assign/vec4 v0x563d4e6a24e0_0, 0;
    %pushi/vec4 0, 0, 32;
    %assign/vec4 v0x563d4e6a21c0_0, 0;
    %jmp T_20.1;
T_20.0 ;
    %load/vec4 v0x563d4e6a71d0_0;
    %pad/u 32;
    %pushi/vec4 3, 0, 32;
    %cmp/e;
    %flag_get/vec4 4;
    %load/vec4 v0x563d4e6a2420_0;
    %and;
    %flag_set/vec4 8;
    %jmp/0xz  T_20.2, 8;
    %load/vec4 v0x563d4e6a7760_0;
    %parti/s 20, 12, 5;
    %assign/vec4 v0x563d4e6a24e0_0, 0;
    %load/vec4 v0x563d4e6a6cb0_0;
    %assign/vec4 v0x563d4e6a21c0_0, 0;
T_20.2 ;
T_20.1 ;
    %jmp T_20;
    .thread T_20;
    .scope S_0x563d4e69e920;
T_21 ;
    %wait E_0x563d4e69f3f0;
    %pushi/vec4 0, 0, 1;
    %store/vec4 v0x563d4e6a3f00_0, 0, 1;
    %load/vec4 v0x563d4e6a7820_0;
    %load/vec4 v0x563d4e6a4060_0;
    %and;
    %load/vec4 v0x563d4e6a22a0_0;
    %and;
    %flag_set/vec4 8;
    %jmp/0xz  T_21.0, 8;
    %load/vec4 v0x563d4e6a7690_0;
    %flag_set/vec4 8;
    %jmp/0xz  T_21.2, 8;
    %load/vec4 v0x563d4e6a21c0_0;
    %parti/s 1, 4, 4;
    %load/vec4 v0x563d4e6a75c0_0;
    %nor/r;
    %and;
    %flag_set/vec4 8;
    %jmp/0xz  T_21.4, 8;
    %pushi/vec4 1, 0, 1;
    %store/vec4 v0x563d4e6a3f00_0, 0, 1;
    %jmp T_21.5;
T_21.4 ;
    %load/vec4 v0x563d4e6a21c0_0;
    %parti/s 1, 1, 2;
    %inv;
    %store/vec4 v0x563d4e6a3f00_0, 0, 1;
T_21.5 ;
    %jmp T_21.3;
T_21.2 ;
    %load/vec4 v0x563d4e6a21c0_0;
    %parti/s 1, 1, 2;
    %inv;
    %load/vec4 v0x563d4e6a21c0_0;
    %parti/s 1, 4, 4;
    %inv;
    %or;
    %store/vec4 v0x563d4e6a3f00_0, 0, 1;
T_21.3 ;
T_21.0 ;
    %jmp T_21;
    .thread T_21, $push;
    .scope S_0x563d4e69e920;
T_22 ;
    %wait E_0x563d4e69f350;
    %pushi/vec4 0, 0, 1;
    %store/vec4 v0x563d4e6a7360_0, 0, 1;
    %load/vec4 v0x563d4e6a7820_0;
    %load/vec4 v0x563d4e6a74e0_0;
    %or/r;
    %and;
    %load/vec4 v0x563d4e6a22a0_0;
    %and;
    %flag_set/vec4 8;
    %jmp/0xz  T_22.0, 8;
    %load/vec4 v0x563d4e6a7690_0;
    %flag_set/vec4 8;
    %jmp/0xz  T_22.2, 8;
    %load/vec4 v0x563d4e6a21c0_0;
    %parti/s 1, 4, 4;
    %load/vec4 v0x563d4e6a75c0_0;
    %nor/r;
    %and;
    %flag_set/vec4 8;
    %jmp/0xz  T_22.4, 8;
    %pushi/vec4 1, 0, 1;
    %store/vec4 v0x563d4e6a7360_0, 0, 1;
    %jmp T_22.5;
T_22.4 ;
    %load/vec4 v0x563d4e6a21c0_0;
    %parti/s 1, 1, 2;
    %inv;
    %load/vec4 v0x563d4e6a21c0_0;
    %parti/s 1, 2, 3;
    %inv;
    %or;
    %store/vec4 v0x563d4e6a7360_0, 0, 1;
T_22.5 ;
    %jmp T_22.3;
T_22.2 ;
    %load/vec4 v0x563d4e6a21c0_0;
    %parti/s 1, 1, 2;
    %inv;
    %load/vec4 v0x563d4e6a21c0_0;
    %parti/s 1, 2, 3;
    %inv;
    %or;
    %load/vec4 v0x563d4e6a21c0_0;
    %parti/s 1, 4, 4;
    %inv;
    %or;
    %store/vec4 v0x563d4e6a7360_0, 0, 1;
T_22.3 ;
T_22.0 ;
    %jmp T_22;
    .thread T_22, $push;
    .scope S_0x563d4e69e920;
T_23 ;
    %wait E_0x563d4e22ccc0;
    %load/vec4 v0x563d4e6a7070_0;
    %flag_set/vec4 8;
    %jmp/0xz  T_23.0, 8;
    %pushi/vec4 0, 0, 1;
    %assign/vec4 v0x563d4e6a57c0_0, 0;
    %jmp T_23.1;
T_23.0 ;
    %load/vec4 v0x563d4e6a71d0_0;
    %pad/u 32;
    %pushi/vec4 0, 0, 32;
    %cmp/e;
    %flag_get/vec4 4;
    %load/vec4 v0x563d4e6a3bd0_0;
    %load/vec4 v0x563d4e6a2360_0;
    %or;
    %and;
    %flag_set/vec4 8;
    %jmp/0xz  T_23.2, 8;
    %pushi/vec4 1, 0, 1;
    %assign/vec4 v0x563d4e6a57c0_0, 0;
    %jmp T_23.3;
T_23.2 ;
    %load/vec4 v0x563d4e6a71d0_0;
    %pad/u 32;
    %pushi/vec4 1, 0, 32;
    %cmp/e;
    %flag_get/vec4 4;
    %load/vec4 v0x563d4e6a6fd0_0;
    %and;
    %load/vec4 v0x563d4e6a6f30_0;
    %nor/r;
    %and;
    %load/vec4 v0x563d4e6a5ba0_0;
    %parti/s 1, 0, 2;
    %and;
    %load/vec4 v0x563d4e6a5ba0_0;
    %parti/s 1, 1, 2;
    %load/vec4 v0x563d4e6a5ba0_0;
    %parti/s 1, 2, 3;
    %or;
    %load/vec4 v0x563d4e6a5ba0_0;
    %parti/s 1, 3, 3;
    %or;
    %nor/r;
    %and;
    %flag_set/vec4 8;
    %jmp/0xz  T_23.4, 8;
    %pushi/vec4 1, 0, 1;
    %assign/vec4 v0x563d4e6a57c0_0, 0;
    %jmp T_23.5;
T_23.4 ;
    %load/vec4 v0x563d4e6a5860_0;
    %flag_set/vec4 8;
    %jmp/0xz  T_23.6, 8;
    %pushi/vec4 0, 0, 1;
    %assign/vec4 v0x563d4e6a57c0_0, 0;
T_23.6 ;
T_23.5 ;
T_23.3 ;
T_23.1 ;
    %jmp T_23;
    .thread T_23;
    .scope S_0x563d4e654b00;
T_24 ;
    %wait E_0x563d4e22ccc0;
    %load/vec4 v0x563d4e626ff0_0;
    %flag_set/vec4 8;
    %jmp/0xz  T_24.0, 8;
    %pushi/vec4 0, 0, 1;
    %assign/vec4 v0x563d4e5596b0_0, 0;
    %pushi/vec4 0, 0, 1;
    %assign/vec4 v0x563d4e6271a0_0, 0;
    %jmp T_24.1;
T_24.0 ;
    %load/vec4 v0x563d4e3f9400_0;
    %load/vec4 v0x563d4e6651c0_0;
    %or/r;
    %or;
    %load/vec4 v0x563d4e525780_0;
    %nor/r;
    %and;
    %flag_set/vec4 8;
    %jmp/0xz  T_24.2, 8;
    %pushi/vec4 1, 0, 1;
    %assign/vec4 v0x563d4e5596b0_0, 0;
    %load/vec4 v0x563d4e627510_0;
    %assign/vec4 v0x563d4e6271a0_0, 0;
    %jmp T_24.3;
T_24.2 ;
    %load/vec4 v0x563d4e525780_0;
    %flag_set/vec4 8;
    %jmp/0xz  T_24.4, 8;
    %pushi/vec4 0, 0, 1;
    %assign/vec4 v0x563d4e5596b0_0, 0;
T_24.4 ;
T_24.3 ;
T_24.1 ;
    %jmp T_24;
    .thread T_24;
    .scope S_0x563d4e698400;
T_25 ;
    %wait E_0x563d4e698a60;
    %pushi/vec4 0, 0, 1;
    %store/vec4 v0x563d4e69d170_0, 0, 1;
    %load/vec4 v0x563d4e69dda0_0;
    %load/vec4 v0x563d4e69d710_0;
    %parti/s 1, 41, 7;
    %and;
    %flag_set/vec4 8;
    %jmp/0xz  T_25.0, 8;
    %load/vec4 v0x563d4e69da10_0;
    %store/vec4 v0x563d4e69c3d0_0, 0, 32;
    %jmp T_25.1;
T_25.0 ;
    %load/vec4 v0x563d4e69dda0_0;
    %load/vec4 v0x563d4e69bdd0_0;
    %and;
    %flag_set/vec4 8;
    %jmp/0xz  T_25.2, 8;
    %load/vec4 v0x563d4e69da10_0;
    %load/vec4 v0x563d4e69d7d0_0;
    %parti/s 1, 31, 6;
    %replicate 20;
    %load/vec4 v0x563d4e69d7d0_0;
    %parti/s 12, 20, 6;
    %concat/vec4; draw_concat_vec4
    %add;
    %store/vec4 v0x563d4e69c3d0_0, 0, 32;
    %jmp T_25.3;
T_25.2 ;
    %load/vec4 v0x563d4e69da10_0;
    %load/vec4 v0x563d4e69d7d0_0;
    %parti/s 1, 31, 6;
    %replicate 20;
    %load/vec4 v0x563d4e69d7d0_0;
    %parti/s 7, 25, 6;
    %concat/vec4; draw_concat_vec4
    %load/vec4 v0x563d4e69d7d0_0;
    %parti/s 5, 7, 4;
    %concat/vec4; draw_concat_vec4
    %add;
    %store/vec4 v0x563d4e69c3d0_0, 0, 32;
T_25.3 ;
T_25.1 ;
    %load/vec4 v0x563d4e69dda0_0;
    %load/vec4 v0x563d4e69d710_0;
    %parti/s 1, 37, 7;
    %load/vec4 v0x563d4e69d710_0;
    %parti/s 1, 31, 6;
    %or;
    %load/vec4 v0x563d4e69d710_0;
    %parti/s 1, 34, 7;
    %or;
    %and;
    %flag_set/vec4 8;
    %jmp/0xz  T_25.4, 8;
    %load/vec4 v0x563d4e69c3d0_0;
    %parti/s 2, 0, 2;
    %pushi/vec4 0, 0, 2;
    %cmp/ne;
    %flag_get/vec4 4;
    %store/vec4 v0x563d4e69d170_0, 0, 1;
    %jmp T_25.5;
T_25.4 ;
    %load/vec4 v0x563d4e69dda0_0;
    %load/vec4 v0x563d4e69d710_0;
    %parti/s 1, 36, 7;
    %load/vec4 v0x563d4e69d710_0;
    %parti/s 1, 30, 6;
    %or;
    %load/vec4 v0x563d4e69d710_0;
    %parti/s 1, 33, 7;
    %or;
    %and;
    %flag_set/vec4 8;
    %jmp/0xz  T_25.6, 8;
    %load/vec4 v0x563d4e69c3d0_0;
    %parti/s 1, 0, 2;
    %store/vec4 v0x563d4e69d170_0, 0, 1;
T_25.6 ;
T_25.5 ;
    %jmp T_25;
    .thread T_25, $push;
    .scope S_0x563d4e698400;
T_26 ;
    %wait E_0x563d4e22ccc0;
    %load/vec4 v0x563d4e69de70_0;
    %flag_set/vec4 8;
    %jmp/0xz  T_26.0, 8;
    %pushi/vec4 0, 0, 32;
    %assign/vec4 v0x563d4e69c2f0_0, 0;
    %pushi/vec4 0, 0, 32;
    %assign/vec4 v0x563d4e69c7f0_0, 0;
    %pushi/vec4 0, 0, 1;
    %assign/vec4 v0x563d4e69cd50_0, 0;
    %pushi/vec4 0, 0, 4;
    %assign/vec4 v0x563d4e69d3d0_0, 0;
    %pushi/vec4 0, 0, 11;
    %assign/vec4 v0x563d4e69cef0_0, 0;
    %pushi/vec4 0, 0, 1;
    %assign/vec4 v0x563d4e69c570_0, 0;
    %pushi/vec4 0, 0, 1;
    %assign/vec4 v0x563d4e69cbd0_0, 0;
    %pushi/vec4 0, 0, 1;
    %assign/vec4 v0x563d4e69ca50_0, 0;
    %pushi/vec4 0, 0, 1;
    %assign/vec4 v0x563d4e69d0b0_0, 0;
    %pushi/vec4 0, 0, 1;
    %assign/vec4 v0x563d4e69d230_0, 0;
    %jmp T_26.1;
T_26.0 ;
    %load/vec4 v0x563d4e69cb10_0;
    %load/vec4 v0x563d4e69c990_0;
    %or;
    %load/vec4 v0x563d4e69cc90_0;
    %or;
    %load/vec4 v0x563d4e69d2f0_0;
    %pushi/vec4 0, 0, 4;
    %cmp/ne;
    %flag_get/vec4 4;
    %or;
    %load/vec4 v0x563d4e69c090_0;
    %nor/r;
    %and;
    %nor/r;
    %flag_set/vec4 8;
    %jmp/0xz  T_26.2, 8;
    %pushi/vec4 0, 0, 32;
    %assign/vec4 v0x563d4e69c2f0_0, 0;
    %pushi/vec4 0, 0, 32;
    %assign/vec4 v0x563d4e69c7f0_0, 0;
    %pushi/vec4 0, 0, 1;
    %assign/vec4 v0x563d4e69cd50_0, 0;
    %pushi/vec4 0, 0, 4;
    %assign/vec4 v0x563d4e69d3d0_0, 0;
    %pushi/vec4 0, 0, 1;
    %assign/vec4 v0x563d4e69c570_0, 0;
    %pushi/vec4 0, 0, 11;
    %assign/vec4 v0x563d4e69cef0_0, 0;
    %pushi/vec4 0, 0, 1;
    %assign/vec4 v0x563d4e69cbd0_0, 0;
    %pushi/vec4 0, 0, 1;
    %assign/vec4 v0x563d4e69ca50_0, 0;
    %load/vec4 v0x563d4e69bdd0_0;
    %load/vec4 v0x563d4e69d170_0;
    %and;
    %assign/vec4 v0x563d4e69d0b0_0, 0;
    %load/vec4 v0x563d4e69bdd0_0;
    %inv;
    %load/vec4 v0x563d4e69d170_0;
    %and;
    %assign/vec4 v0x563d4e69d230_0, 0;
    %load/vec4 v0x563d4e69dce0_0;
    %ix/load 4, 0, 0;
    %ix/load 5, 0, 0;
    %flag_set/imm 4, 0;
    %assign/vec4/off/d v0x563d4e69cef0_0, 4, 5;
    %load/vec4 v0x563d4e69c3d0_0;
    %parti/s 2, 0, 2;
    %ix/load 4, 5, 0;
    %ix/load 5, 0, 0;
    %flag_set/imm 4, 0;
    %assign/vec4/off/d v0x563d4e69cef0_0, 4, 5;
    %load/vec4 v0x563d4e69d710_0;
    %parti/s 1, 29, 6;
    %load/vec4 v0x563d4e69d710_0;
    %parti/s 1, 32, 7;
    %or;
    %ix/load 4, 7, 0;
    %ix/load 5, 0, 0;
    %flag_set/imm 4, 0;
    %assign/vec4/off/d v0x563d4e69cef0_0, 4, 5;
    %load/vec4 v0x563d4e69d710_0;
    %parti/s 1, 30, 6;
    %load/vec4 v0x563d4e69d710_0;
    %parti/s 1, 33, 7;
    %or;
    %ix/load 4, 8, 0;
    %ix/load 5, 0, 0;
    %flag_set/imm 4, 0;
    %assign/vec4/off/d v0x563d4e69cef0_0, 4, 5;
    %load/vec4 v0x563d4e69d710_0;
    %parti/s 1, 31, 6;
    %load/vec4 v0x563d4e69d710_0;
    %parti/s 1, 34, 7;
    %or;
    %ix/load 4, 9, 0;
    %ix/load 5, 0, 0;
    %flag_set/imm 4, 0;
    %assign/vec4/off/d v0x563d4e69cef0_0, 4, 5;
    %load/vec4 v0x563d4e69be70_0;
    %ix/load 4, 10, 0;
    %ix/load 5, 0, 0;
    %flag_set/imm 4, 0;
    %assign/vec4/off/d v0x563d4e69cef0_0, 4, 5;
    %load/vec4 v0x563d4e69dda0_0;
    %load/vec4 v0x563d4e69bdd0_0;
    %and;
    %load/vec4 v0x563d4e69d170_0;
    %nor/r;
    %and;
    %assign/vec4 v0x563d4e69cd50_0, 0;
    %load/vec4 v0x563d4e69dda0_0;
    %load/vec4 v0x563d4e69d710_0;
    %parti/s 1, 37, 7;
    %and;
    %load/vec4 v0x563d4e69d170_0;
    %nor/r;
    %and;
    %flag_set/vec4 8;
    %jmp/0xz  T_26.4, 8;
    %load/vec4 v0x563d4e69dc20_0;
    %assign/vec4 v0x563d4e69c7f0_0, 0;
    %pushi/vec4 15, 0, 4;
    %assign/vec4 v0x563d4e69d3d0_0, 0;
    %jmp T_26.5;
T_26.4 ;
    %load/vec4 v0x563d4e69dda0_0;
    %load/vec4 v0x563d4e69d710_0;
    %parti/s 1, 36, 7;
    %and;
    %load/vec4 v0x563d4e69d170_0;
    %nor/r;
    %and;
    %flag_set/vec4 8;
    %jmp/0xz  T_26.6, 8;
    %load/vec4 v0x563d4e69c3d0_0;
    %parti/s 2, 0, 2;
    %dup/vec4;
    %pushi/vec4 2, 0, 2;
    %cmp/u;
    %jmp/1 T_26.8, 6;
    %pushi/vec4 0, 0, 16;
    %load/vec4 v0x563d4e69dc20_0;
    %parti/s 16, 0, 2;
    %concat/vec4; draw_concat_vec4
    %assign/vec4 v0x563d4e69c7f0_0, 0;
    %pushi/vec4 3, 0, 4;
    %assign/vec4 v0x563d4e69d3d0_0, 0;
    %jmp T_26.10;
T_26.8 ;
    %load/vec4 v0x563d4e69dc20_0;
    %parti/s 16, 0, 2;
    %concati/vec4 0, 0, 16;
    %assign/vec4 v0x563d4e69c7f0_0, 0;
    %pushi/vec4 12, 0, 4;
    %assign/vec4 v0x563d4e69d3d0_0, 0;
    %jmp T_26.10;
T_26.10 ;
    %pop/vec4 1;
    %jmp T_26.7;
T_26.6 ;
    %load/vec4 v0x563d4e69dda0_0;
    %load/vec4 v0x563d4e69d710_0;
    %parti/s 1, 35, 7;
    %and;
    %flag_set/vec4 8;
    %jmp/0xz  T_26.11, 8;
    %load/vec4 v0x563d4e69c3d0_0;
    %parti/s 2, 0, 2;
    %dup/vec4;
    %pushi/vec4 3, 0, 2;
    %cmp/u;
    %jmp/1 T_26.13, 6;
    %dup/vec4;
    %pushi/vec4 2, 0, 2;
    %cmp/u;
    %jmp/1 T_26.14, 6;
    %dup/vec4;
    %pushi/vec4 1, 0, 2;
    %cmp/u;
    %jmp/1 T_26.15, 6;
    %dup/vec4;
    %pushi/vec4 0, 0, 2;
    %cmp/u;
    %jmp/1 T_26.16, 6;
    %jmp T_26.18;
T_26.13 ;
    %load/vec4 v0x563d4e69dc20_0;
    %parti/s 8, 0, 2;
    %concati/vec4 0, 0, 24;
    %assign/vec4 v0x563d4e69c7f0_0, 0;
    %pushi/vec4 8, 0, 4;
    %assign/vec4 v0x563d4e69d3d0_0, 0;
    %jmp T_26.18;
T_26.14 ;
    %pushi/vec4 0, 0, 8;
    %load/vec4 v0x563d4e69dc20_0;
    %parti/s 8, 0, 2;
    %concat/vec4; draw_concat_vec4
    %concati/vec4 0, 0, 16;
    %assign/vec4 v0x563d4e69c7f0_0, 0;
    %pushi/vec4 4, 0, 4;
    %assign/vec4 v0x563d4e69d3d0_0, 0;
    %jmp T_26.18;
T_26.15 ;
    %pushi/vec4 0, 0, 16;
    %load/vec4 v0x563d4e69dc20_0;
    %parti/s 8, 0, 2;
    %concat/vec4; draw_concat_vec4
    %concati/vec4 0, 0, 8;
    %assign/vec4 v0x563d4e69c7f0_0, 0;
    %pushi/vec4 2, 0, 4;
    %assign/vec4 v0x563d4e69d3d0_0, 0;
    %jmp T_26.18;
T_26.16 ;
    %pushi/vec4 0, 0, 24;
    %load/vec4 v0x563d4e69dc20_0;
    %parti/s 8, 0, 2;
    %concat/vec4; draw_concat_vec4
    %assign/vec4 v0x563d4e69c7f0_0, 0;
    %pushi/vec4 1, 0, 4;
    %assign/vec4 v0x563d4e69d3d0_0, 0;
    %jmp T_26.18;
T_26.18 ;
    %pop/vec4 1;
    %jmp T_26.12;
T_26.11 ;
    %pushi/vec4 0, 0, 4;
    %assign/vec4 v0x563d4e69d3d0_0, 0;
T_26.12 ;
T_26.7 ;
T_26.5 ;
    %pushi/vec4 1, 0, 1;
    %assign/vec4 v0x563d4e69c570_0, 0;
    %load/vec4 v0x563d4e69dda0_0;
    %load/vec4 v0x563d4e69b510_0;
    %and;
    %assign/vec4 v0x563d4e69cbd0_0, 0;
    %load/vec4 v0x563d4e69dda0_0;
    %load/vec4 v0x563d4e69b450_0;
    %and;
    %assign/vec4 v0x563d4e69ca50_0, 0;
    %load/vec4 v0x563d4e69c3d0_0;
    %assign/vec4 v0x563d4e69c2f0_0, 0;
T_26.2 ;
T_26.1 ;
    %jmp T_26;
    .thread T_26;
    .scope S_0x563d4e698400;
T_27 ;
    %wait E_0x563d4e6989e0;
    %pushi/vec4 0, 0, 32;
    %store/vec4 v0x563d4e69b750_0, 0, 32;
    %load/vec4 v0x563d4e69d590_0;
    %flag_set/vec4 8;
    %load/vec4 v0x563d4e69d650_0;
    %flag_set/vec4 9;
    %flag_or 9, 8;
    %jmp/0xz  T_27.0, 9;
    %load/vec4 v0x563d4e69d4b0_0;
    %store/vec4 v0x563d4e69b750_0, 0, 32;
    %jmp T_27.1;
T_27.0 ;
    %load/vec4 v0x563d4e69b9b0_0;
    %flag_set/vec4 8;
    %load/vec4 v0x563d4e69b8e0_0;
    %flag_set/vec4 9;
    %flag_or 9, 8;
    %jmp/0xz  T_27.2, 9;
    %load/vec4 v0x563d4e69c210_0;
    %store/vec4 v0x563d4e69b750_0, 0, 32;
T_27.2 ;
T_27.1 ;
    %jmp T_27;
    .thread T_27, $push;
    .scope S_0x563d4e698400;
T_28 ;
    %wait E_0x563d4e698930;
    %pushi/vec4 0, 0, 32;
    %store/vec4 v0x563d4e69e140_0, 0, 32;
    %load/vec4 v0x563d4e69cfd0_0;
    %parti/s 5, 0, 2;
    %store/vec4 v0x563d4e69e080_0, 0, 5;
    %load/vec4 v0x563d4e69cfd0_0;
    %parti/s 2, 5, 4;
    %store/vec4 v0x563d4e69b2d0_0, 0, 2;
    %load/vec4 v0x563d4e69cfd0_0;
    %parti/s 1, 7, 4;
    %store/vec4 v0x563d4e69bc90_0, 0, 1;
    %load/vec4 v0x563d4e69cfd0_0;
    %parti/s 1, 8, 5;
    %store/vec4 v0x563d4e69bd30_0, 0, 1;
    %load/vec4 v0x563d4e69cfd0_0;
    %parti/s 1, 9, 5;
    %store/vec4 v0x563d4e69bfd0_0, 0, 1;
    %load/vec4 v0x563d4e69cfd0_0;
    %parti/s 1, 10, 5;
    %store/vec4 v0x563d4e69bf10_0, 0, 1;
    %load/vec4 v0x563d4e69c150_0;
    %load/vec4 v0x563d4e69bc90_0;
    %load/vec4 v0x563d4e69bd30_0;
    %or;
    %load/vec4 v0x563d4e69bfd0_0;
    %or;
    %and;
    %flag_set/vec4 8;
    %jmp/0xz  T_28.0, 8;
    %load/vec4 v0x563d4e69bc90_0;
    %flag_set/vec4 8;
    %jmp/0xz  T_28.2, 8;
    %load/vec4 v0x563d4e69b2d0_0;
    %dup/vec4;
    %pushi/vec4 3, 0, 2;
    %cmp/u;
    %jmp/1 T_28.4, 6;
    %dup/vec4;
    %pushi/vec4 2, 0, 2;
    %cmp/u;
    %jmp/1 T_28.5, 6;
    %dup/vec4;
    %pushi/vec4 1, 0, 2;
    %cmp/u;
    %jmp/1 T_28.6, 6;
    %dup/vec4;
    %pushi/vec4 0, 0, 2;
    %cmp/u;
    %jmp/1 T_28.7, 6;
    %jmp T_28.8;
T_28.4 ;
    %pushi/vec4 0, 0, 24;
    %load/vec4 v0x563d4e69c630_0;
    %parti/s 8, 24, 6;
    %concat/vec4; draw_concat_vec4
    %store/vec4 v0x563d4e69e140_0, 0, 32;
    %jmp T_28.8;
T_28.5 ;
    %pushi/vec4 0, 0, 24;
    %load/vec4 v0x563d4e69c630_0;
    %parti/s 8, 16, 6;
    %concat/vec4; draw_concat_vec4
    %store/vec4 v0x563d4e69e140_0, 0, 32;
    %jmp T_28.8;
T_28.6 ;
    %pushi/vec4 0, 0, 24;
    %load/vec4 v0x563d4e69c630_0;
    %parti/s 8, 8, 5;
    %concat/vec4; draw_concat_vec4
    %store/vec4 v0x563d4e69e140_0, 0, 32;
    %jmp T_28.8;
T_28.7 ;
    %pushi/vec4 0, 0, 24;
    %load/vec4 v0x563d4e69c630_0;
    %parti/s 8, 0, 2;
    %concat/vec4; draw_concat_vec4
    %store/vec4 v0x563d4e69e140_0, 0, 32;
    %jmp T_28.8;
T_28.8 ;
    %pop/vec4 1;
    %load/vec4 v0x563d4e69bf10_0;
    %load/vec4 v0x563d4e69e140_0;
    %parti/s 1, 7, 4;
    %and;
    %flag_set/vec4 8;
    %jmp/0xz  T_28.9, 8;
    %pushi/vec4 16777215, 0, 24;
    %load/vec4 v0x563d4e69e140_0;
    %parti/s 8, 0, 2;
    %concat/vec4; draw_concat_vec4
    %store/vec4 v0x563d4e69e140_0, 0, 32;
T_28.9 ;
    %jmp T_28.3;
T_28.2 ;
    %load/vec4 v0x563d4e69bd30_0;
    %flag_set/vec4 8;
    %jmp/0xz  T_28.11, 8;
    %load/vec4 v0x563d4e69b2d0_0;
    %parti/s 1, 1, 2;
    %flag_set/vec4 8;
    %jmp/0xz  T_28.13, 8;
    %pushi/vec4 0, 0, 16;
    %load/vec4 v0x563d4e69c630_0;
    %parti/s 16, 16, 6;
    %concat/vec4; draw_concat_vec4
    %store/vec4 v0x563d4e69e140_0, 0, 32;
    %jmp T_28.14;
T_28.13 ;
    %pushi/vec4 0, 0, 16;
    %load/vec4 v0x563d4e69c630_0;
    %parti/s 16, 0, 2;
    %concat/vec4; draw_concat_vec4
    %store/vec4 v0x563d4e69e140_0, 0, 32;
T_28.14 ;
    %load/vec4 v0x563d4e69bf10_0;
    %load/vec4 v0x563d4e69e140_0;
    %parti/s 1, 15, 5;
    %and;
    %flag_set/vec4 8;
    %jmp/0xz  T_28.15, 8;
    %pushi/vec4 65535, 0, 16;
    %load/vec4 v0x563d4e69e140_0;
    %parti/s 16, 0, 2;
    %concat/vec4; draw_concat_vec4
    %store/vec4 v0x563d4e69e140_0, 0, 32;
T_28.15 ;
    %jmp T_28.12;
T_28.11 ;
    %load/vec4 v0x563d4e69c630_0;
    %store/vec4 v0x563d4e69e140_0, 0, 32;
T_28.12 ;
T_28.3 ;
    %jmp T_28.1;
T_28.0 ;
    %pushi/vec4 0, 0, 5;
    %store/vec4 v0x563d4e69e080_0, 0, 5;
T_28.1 ;
    %jmp T_28;
    .thread T_28, $push;
    .scope S_0x563d4e64aec0;
T_29 ;
    %wait E_0x563d4e1f1400;
    %load/vec4 v0x563d4e658060_0;
    %parti/s 1, 31, 6;
    %replicate 20;
    %load/vec4 v0x563d4e658060_0;
    %parti/s 12, 20, 6;
    %concat/vec4; draw_concat_vec4
    %store/vec4 v0x563d4e656440_0, 0, 32;
    %load/vec4 v0x563d4e657f80_0;
    %parti/s 1, 41, 7;
    %load/vec4 v0x563d4e657f80_0;
    %parti/s 1, 42, 7;
    %or;
    %load/vec4 v0x563d4e657f80_0;
    %parti/s 1, 44, 7;
    %or;
    %load/vec4 v0x563d4e657f80_0;
    %parti/s 1, 45, 7;
    %or;
    %store/vec4 v0x563d4e647340_0, 0, 1;
    %load/vec4 v0x563d4e657f80_0;
    %parti/s 1, 41, 7;
    %load/vec4 v0x563d4e657f80_0;
    %parti/s 1, 43, 7;
    %or;
    %load/vec4 v0x563d4e657f80_0;
    %parti/s 1, 44, 7;
    %or;
    %load/vec4 v0x563d4e657f80_0;
    %parti/s 1, 46, 7;
    %or;
    %store/vec4 v0x563d4e4b3620_0, 0, 1;
    %load/vec4 v0x563d4e656440_0;
    %parti/s 2, 8, 5;
    %store/vec4 v0x563d4e647a40_0, 0, 2;
    %load/vec4 v0x563d4e656440_0;
    %parti/s 2, 10, 5;
    %pushi/vec4 3, 0, 2;
    %cmp/e;
    %flag_get/vec4 4;
    %store/vec4 v0x563d4e647b00_0, 0, 1;
    %load/vec4 v0x563d4e645cc0_0;
    %pushi/vec4 0, 0, 5;
    %cmp/ne;
    %flag_get/vec4 4;
    %load/vec4 v0x563d4e657f80_0;
    %parti/s 1, 41, 7;
    %or;
    %load/vec4 v0x563d4e657f80_0;
    %parti/s 1, 44, 7;
    %or;
    %store/vec4 v0x563d4e654780_0, 0, 1;
    %jmp T_29;
    .thread T_29, $push;
    .scope S_0x563d4e64aec0;
T_30 ;
    %wait E_0x563d4e688b90;
    %load/vec4 v0x563d4e64b940_0;
    %load/vec4 v0x563d4e64b240_0;
    %and;
    %store/vec4 v0x563d4e656b60_0, 0, 32;
    %load/vec4 v0x563d4e642720_0;
    %cmpi/u 3, 0, 2;
    %flag_get/vec4 5;
    %load/vec4 v0x563d4e642720_0;
    %pushi/vec4 3, 0, 2;
    %cmp/e;
    %flag_get/vec4 4;
    %load/vec4 v0x563d4e649640_0;
    %parti/s 1, 3, 3;
    %and;
    %or;
    %store/vec4 v0x563d4e643b20_0, 0, 1;
    %load/vec4 v0x563d4e642720_0;
    %cmpi/u 1, 0, 2;
    %flag_get/vec4 5;
    %load/vec4 v0x563d4e642720_0;
    %pushi/vec4 1, 0, 2;
    %cmp/e;
    %flag_get/vec4 4;
    %load/vec4 v0x563d4e649640_0;
    %parti/s 1, 1, 2;
    %and;
    %or;
    %store/vec4 v0x563d4e646fc0_0, 0, 1;
    %load/vec4 v0x563d4e643b20_0;
    %flag_set/vec4 8;
    %jmp/0 T_30.0, 8;
    %load/vec4 v0x563d4e656b60_0;
    %load/vec4 v0x563d4e648bc0_0;
    %inv;
    %and;
    %jmp/1 T_30.1, 8;
T_30.0 ; End of true expr.
    %pushi/vec4 0, 0, 32;
    %jmp/0 T_30.1, 8;
 ; End of false expr.
    %blend;
T_30.1;
    %store/vec4 v0x563d4e658300_0, 0, 32;
    %load/vec4 v0x563d4e646fc0_0;
    %flag_set/vec4 8;
    %jmp/0 T_30.2, 8;
    %load/vec4 v0x563d4e656b60_0;
    %load/vec4 v0x563d4e648bc0_0;
    %and;
    %jmp/1 T_30.3, 8;
T_30.2 ; End of true expr.
    %pushi/vec4 0, 0, 32;
    %jmp/0 T_30.3, 8;
 ; End of false expr.
    %blend;
T_30.3;
    %store/vec4 v0x563d4e647060_0, 0, 32;
    %load/vec4 v0x563d4e658300_0;
    %or/r;
    %flag_set/vec4 8;
    %jmp/0 T_30.4, 8;
    %load/vec4 v0x563d4e658300_0;
    %jmp/1 T_30.5, 8;
T_30.4 ; End of true expr.
    %load/vec4 v0x563d4e647060_0;
    %jmp/0 T_30.5, 8;
 ; End of false expr.
    %blend;
T_30.5;
    %store/vec4 v0x563d4e656a80_0, 0, 32;
    %jmp T_30;
    .thread T_30, $push;
    .scope S_0x563d4e64aec0;
T_31 ;
    %wait E_0x563d4e688b50;
    %pushi/vec4 0, 0, 1;
    %store/vec4 v0x563d4e656000_0, 0, 1;
    %pushi/vec4 0, 0, 1;
    %store/vec4 v0x563d4e6575c0_0, 0, 1;
    %pushi/vec4 0, 0, 1;
    %store/vec4 v0x563d4e644220_0, 0, 1;
    %pushi/vec4 0, 0, 1;
    %store/vec4 v0x563d4e656700_0, 0, 1;
    %load/vec4 v0x563d4e649d40_0;
    %store/vec4 v0x563d4e649e20_0, 0, 32;
    %load/vec4 v0x563d4e649640_0;
    %store/vec4 v0x563d4e6496e0_0, 0, 32;
    %load/vec4 v0x563d4e529840_0;
    %store/vec4 v0x563d4e529900_0, 0, 32;
    %load/vec4 v0x563d4e64bcc0_0;
    %store/vec4 v0x563d4e64bda0_0, 0, 32;
    %load/vec4 v0x563d4e64b940_0;
    %store/vec4 v0x563d4e64ba20_0, 0, 32;
    %load/vec4 v0x563d4e64b240_0;
    %store/vec4 v0x563d4e64b320_0, 0, 32;
    %load/vec4 v0x563d4e642720_0;
    %store/vec4 v0x563d4e6427e0_0, 0, 2;
    %load/vec4 v0x563d4e647dc0_0;
    %store/vec4 v0x563d4e647ea0_0, 0, 32;
    %load/vec4 v0x563d4e648840_0;
    %store/vec4 v0x563d4e648920_0, 0, 32;
    %load/vec4 v0x563d4e648bc0_0;
    %store/vec4 v0x563d4e648c80_0, 0, 32;
    %load/vec4 v0x563d4e64c740_0;
    %store/vec4 v0x563d4e64c820_0, 0, 32;
    %load/vec4 v0x563d4e657180_0;
    %store/vec4 v0x563d4e657240_0, 0, 32;
    %load/vec4 v0x563d4e64c3c0_0;
    %store/vec4 v0x563d4e64c4a0_0, 0, 32;
    %load/vec4 v0x563d4e656e00_0;
    %store/vec4 v0x563d4e656ee0_0, 0, 32;
    %load/vec4 v0x563d4e64ca80_0;
    %store/vec4 v0x563d4e64cb40_0, 0, 32;
    %load/vec4 v0x563d4e64b5c0_0;
    %store/vec4 v0x563d4e64b6a0_0, 0, 32;
    %pushi/vec4 0, 0, 32;
    %store/vec4 v0x563d4e6468c0_0, 0, 32;
    %pushi/vec4 0, 0, 32;
    %store/vec4 v0x563d4e643de0_0, 0, 32;
    %load/vec4 v0x563d4e64ab40_0;
    %addi 1, 0, 32;
    %store/vec4 v0x563d4e64ac00_0, 0, 32;
    %load/vec4 v0x563d4e656a80_0;
    %or/r;
    %store/vec4 v0x563d4e656000_0, 0, 1;
    %load/vec4 v0x563d4e6476c0_0;
    %nor/r;
    %flag_set/vec4 8;
    %load/vec4 v0x563d4e643a60_0;
    %flag_set/vec4 9;
    %flag_or 9, 8;
    %load/vec4 v0x563d4e657500_0;
    %flag_set/vec4 8;
    %flag_or 8, 9;
    %jmp/0xz  T_31.0, 8;
    %pushi/vec4 0, 0, 1;
    %store/vec4 v0x563d4e656000_0, 0, 1;
T_31.0 ;
    %load/vec4 v0x563d4e644160_0;
    %flag_set/vec4 8;
    %jmp/0xz  T_31.2, 8;
    %load/vec4 v0x563d4e643ec0_0;
    %load/vec4 v0x563d4e648840_0;
    %and;
    %pushi/vec4 41040, 0, 32;
    %and;
    %or/r;
    %store/vec4 v0x563d4e644220_0, 0, 1;
    %jmp T_31.3;
T_31.2 ;
    %load/vec4 v0x563d4e643ec0_0;
    %load/vec4 v0x563d4e648840_0;
    %and;
    %pushi/vec4 4294963447, 0, 32;
    %and;
    %or/r;
    %store/vec4 v0x563d4e644220_0, 0, 1;
T_31.3 ;
    %load/vec4 v0x563d4e656a80_0;
    %load/vec4 v0x563d4e648bc0_0;
    %and;
    %or/r;
    %store/vec4 v0x563d4e656700_0, 0, 1;
    %load/vec4 v0x563d4e643ec0_0;
    %parti/s 1, 1, 2;
    %flag_set/vec4 8;
    %load/vec4 v0x563d4e643ec0_0;
    %parti/s 1, 5, 4;
    %flag_set/vec4 9;
    %flag_or 9, 8;
    %load/vec4 v0x563d4e643ec0_0;
    %parti/s 1, 7, 4;
    %flag_set/vec4 8;
    %flag_or 8, 9;
    %load/vec4 v0x563d4e643ec0_0;
    %parti/s 1, 13, 5;
    %flag_set/vec4 9;
    %flag_or 9, 8;
    %load/vec4 v0x563d4e643ec0_0;
    %parti/s 1, 15, 5;
    %flag_set/vec4 8;
    %flag_or 8, 9;
    %load/vec4 v0x563d4e643ec0_0;
    %parti/s 1, 12, 5;
    %flag_set/vec4 9;
    %flag_or 9, 8;
    %load/vec4 v0x563d4e643ec0_0;
    %parti/s 1, 4, 4;
    %flag_set/vec4 8;
    %flag_or 8, 9;
    %load/vec4 v0x563d4e643ec0_0;
    %parti/s 1, 6, 4;
    %flag_set/vec4 9;
    %flag_or 9, 8;
    %load/vec4 v0x563d4e643ec0_0;
    %parti/s 1, 2, 3;
    %flag_set/vec4 8;
    %flag_or 8, 9;
    %jmp/0xz  T_31.4, 8;
    %pushi/vec4 1, 0, 1;
    %store/vec4 v0x563d4e6575c0_0, 0, 1;
T_31.4 ;
    %load/vec4 v0x563d4e6575c0_0;
    %flag_set/vec4 8;
    %jmp/0xz  T_31.6, 8;
    %pushi/vec4 0, 0, 1;
    %store/vec4 v0x563d4e656000_0, 0, 1;
    %load/vec4 v0x563d4e642720_0;
    %cmpi/u 1, 0, 2;
    %flag_get/vec4 4;
    %flag_get/vec4 5;
    %or;
    %load/vec4 v0x563d4e644220_0;
    %and;
    %flag_set/vec4 8;
    %jmp/0xz  T_31.8, 8;
    %load/vec4 v0x563d4e6496e0_0;
    %parti/s 1, 1, 2;
    %ix/load 4, 5, 0;
    %flag_set/imm 4, 0;
    %store/vec4 v0x563d4e6496e0_0, 4, 1;
    %load/vec4 v0x563d4e642720_0;
    %pushi/vec4 1, 0, 2;
    %cmp/e;
    %flag_get/vec4 4;
    %ix/load 4, 8, 0;
    %flag_set/imm 4, 0;
    %store/vec4 v0x563d4e6496e0_0, 4, 1;
    %pushi/vec4 0, 0, 1;
    %ix/load 4, 1, 0;
    %flag_set/imm 4, 0;
    %store/vec4 v0x563d4e6496e0_0, 4, 1;
    %pushi/vec4 1, 0, 2;
    %store/vec4 v0x563d4e6427e0_0, 0, 2;
    %load/vec4 v0x563d4e644160_0;
    %flag_set/vec4 8;
    %jmp/0xz  T_31.10, 8;
    %load/vec4 v0x563d4e647780_0;
    %store/vec4 v0x563d4e64c820_0, 0, 32;
    %jmp T_31.11;
T_31.10 ;
    %load/vec4 v0x563d4e643ec0_0;
    %parti/s 1, 12, 5;
    %flag_set/vec4 8;
    %jmp/0xz  T_31.12, 8;
    %load/vec4 v0x563d4e645be0_0;
    %store/vec4 v0x563d4e64c820_0, 0, 32;
    %jmp T_31.13;
T_31.12 ;
    %load/vec4 v0x563d4e6421f0_0;
    %flag_set/vec4 8;
    %jmp/0xz  T_31.14, 8;
    %load/vec4 v0x563d4e642130_0;
    %store/vec4 v0x563d4e64c820_0, 0, 32;
    %jmp T_31.15;
T_31.14 ;
    %load/vec4 v0x563d4e6560c0_0;
    %flag_set/vec4 8;
    %jmp/0xz  T_31.16, 8;
    %load/vec4 v0x563d4e645be0_0;
    %store/vec4 v0x563d4e64c820_0, 0, 32;
    %jmp T_31.17;
T_31.16 ;
    %load/vec4 v0x563d4e637790_0;
    %flag_set/vec4 8;
    %jmp/0xz  T_31.18, 8;
    %load/vec4 v0x563d4e5a3750_0;
    %store/vec4 v0x563d4e64c820_0, 0, 32;
    %jmp T_31.19;
T_31.18 ;
    %load/vec4 v0x563d4e6476c0_0;
    %flag_set/vec4 8;
    %jmp/0xz  T_31.20, 8;
    %load/vec4 v0x563d4e645be0_0;
    %addi 4, 0, 32;
    %store/vec4 v0x563d4e64c820_0, 0, 32;
    %jmp T_31.21;
T_31.20 ;
    %load/vec4 v0x563d4e645be0_0;
    %store/vec4 v0x563d4e64c820_0, 0, 32;
T_31.21 ;
T_31.19 ;
T_31.17 ;
T_31.15 ;
T_31.13 ;
T_31.11 ;
    %load/vec4 v0x563d4e643ec0_0;
    %parti/s 1, 4, 4;
    %flag_set/vec4 8;
    %jmp/0xz  T_31.22, 8;
    %pushi/vec4 4, 0, 32;
    %store/vec4 v0x563d4e64c4a0_0, 0, 32;
    %jmp T_31.23;
T_31.22 ;
    %load/vec4 v0x563d4e643ec0_0;
    %parti/s 1, 6, 4;
    %flag_set/vec4 8;
    %jmp/0xz  T_31.24, 8;
    %pushi/vec4 6, 0, 32;
    %store/vec4 v0x563d4e64c4a0_0, 0, 32;
    %jmp T_31.25;
T_31.24 ;
    %load/vec4 v0x563d4e643ec0_0;
    %parti/s 1, 13, 5;
    %flag_set/vec4 8;
    %jmp/0xz  T_31.26, 8;
    %pushi/vec4 13, 0, 32;
    %store/vec4 v0x563d4e64c4a0_0, 0, 32;
    %jmp T_31.27;
T_31.26 ;
    %load/vec4 v0x563d4e643ec0_0;
    %parti/s 1, 15, 5;
    %flag_set/vec4 8;
    %jmp/0xz  T_31.28, 8;
    %pushi/vec4 15, 0, 32;
    %store/vec4 v0x563d4e64c4a0_0, 0, 32;
    %jmp T_31.29;
T_31.28 ;
    %load/vec4 v0x563d4e643ec0_0;
    %parti/s 1, 12, 5;
    %flag_set/vec4 8;
    %jmp/0xz  T_31.30, 8;
    %pushi/vec4 12, 0, 32;
    %store/vec4 v0x563d4e64c4a0_0, 0, 32;
    %jmp T_31.31;
T_31.30 ;
    %load/vec4 v0x563d4e643ec0_0;
    %parti/s 1, 2, 3;
    %flag_set/vec4 8;
    %jmp/0xz  T_31.32, 8;
    %pushi/vec4 2, 0, 32;
    %store/vec4 v0x563d4e64c4a0_0, 0, 32;
    %jmp T_31.33;
T_31.32 ;
    %load/vec4 v0x563d4e643ec0_0;
    %parti/s 1, 1, 2;
    %flag_set/vec4 8;
    %jmp/0xz  T_31.34, 8;
    %pushi/vec4 1, 0, 32;
    %store/vec4 v0x563d4e64c4a0_0, 0, 32;
    %jmp T_31.35;
T_31.34 ;
    %load/vec4 v0x563d4e643ec0_0;
    %parti/s 1, 5, 4;
    %flag_set/vec4 8;
    %jmp/0xz  T_31.36, 8;
    %pushi/vec4 5, 0, 32;
    %store/vec4 v0x563d4e64c4a0_0, 0, 32;
    %jmp T_31.37;
T_31.36 ;
    %load/vec4 v0x563d4e643ec0_0;
    %parti/s 1, 7, 4;
    %flag_set/vec4 8;
    %jmp/0xz  T_31.38, 8;
    %pushi/vec4 7, 0, 32;
    %store/vec4 v0x563d4e64c4a0_0, 0, 32;
T_31.38 ;
T_31.37 ;
T_31.35 ;
T_31.33 ;
T_31.31 ;
T_31.29 ;
T_31.27 ;
T_31.25 ;
T_31.23 ;
    %load/vec4 v0x563d4e644160_0;
    %flag_set/vec4 8;
    %jmp/0xz  T_31.40, 8;
    %load/vec4 v0x563d4e6444e0_0;
    %store/vec4 v0x563d4e656ee0_0, 0, 32;
    %jmp T_31.41;
T_31.40 ;
    %load/vec4 v0x563d4e643ec0_0;
    %parti/s 1, 12, 5;
    %flag_set/vec4 8;
    %jmp/0xz  T_31.42, 8;
    %load/vec4 v0x563d4e645be0_0;
    %store/vec4 v0x563d4e656ee0_0, 0, 32;
    %jmp T_31.43;
T_31.42 ;
    %pushi/vec4 0, 0, 32;
    %store/vec4 v0x563d4e656ee0_0, 0, 32;
T_31.43 ;
T_31.41 ;
    %jmp T_31.9;
T_31.8 ;
    %load/vec4 v0x563d4e6496e0_0;
    %parti/s 1, 3, 3;
    %ix/load 4, 7, 0;
    %flag_set/imm 4, 0;
    %store/vec4 v0x563d4e6496e0_0, 4, 1;
    %load/vec4 v0x563d4e642720_0;
    %ix/load 4, 11, 0;
    %flag_set/imm 4, 0;
    %store/vec4 v0x563d4e6496e0_0, 4, 2;
    %pushi/vec4 0, 0, 1;
    %ix/load 4, 3, 0;
    %flag_set/imm 4, 0;
    %store/vec4 v0x563d4e6496e0_0, 4, 1;
    %pushi/vec4 3, 0, 2;
    %store/vec4 v0x563d4e6427e0_0, 0, 2;
    %load/vec4 v0x563d4e644160_0;
    %flag_set/vec4 8;
    %jmp/0xz  T_31.44, 8;
    %load/vec4 v0x563d4e647780_0;
    %store/vec4 v0x563d4e649e20_0, 0, 32;
    %jmp T_31.45;
T_31.44 ;
    %load/vec4 v0x563d4e643ec0_0;
    %parti/s 1, 12, 5;
    %flag_set/vec4 8;
    %jmp/0xz  T_31.46, 8;
    %load/vec4 v0x563d4e645be0_0;
    %store/vec4 v0x563d4e649e20_0, 0, 32;
    %jmp T_31.47;
T_31.46 ;
    %load/vec4 v0x563d4e6421f0_0;
    %flag_set/vec4 8;
    %jmp/0xz  T_31.48, 8;
    %load/vec4 v0x563d4e642130_0;
    %store/vec4 v0x563d4e649e20_0, 0, 32;
    %jmp T_31.49;
T_31.48 ;
    %load/vec4 v0x563d4e6560c0_0;
    %flag_set/vec4 8;
    %jmp/0xz  T_31.50, 8;
    %load/vec4 v0x563d4e645be0_0;
    %store/vec4 v0x563d4e649e20_0, 0, 32;
    %jmp T_31.51;
T_31.50 ;
    %load/vec4 v0x563d4e637790_0;
    %flag_set/vec4 8;
    %jmp/0xz  T_31.52, 8;
    %load/vec4 v0x563d4e5a3750_0;
    %store/vec4 v0x563d4e649e20_0, 0, 32;
    %jmp T_31.53;
T_31.52 ;
    %load/vec4 v0x563d4e6476c0_0;
    %flag_set/vec4 8;
    %jmp/0xz  T_31.54, 8;
    %load/vec4 v0x563d4e645be0_0;
    %addi 4, 0, 32;
    %store/vec4 v0x563d4e649e20_0, 0, 32;
    %jmp T_31.55;
T_31.54 ;
    %load/vec4 v0x563d4e645be0_0;
    %store/vec4 v0x563d4e649e20_0, 0, 32;
T_31.55 ;
T_31.53 ;
T_31.51 ;
T_31.49 ;
T_31.47 ;
T_31.45 ;
    %load/vec4 v0x563d4e643ec0_0;
    %parti/s 1, 4, 4;
    %flag_set/vec4 8;
    %jmp/0xz  T_31.56, 8;
    %pushi/vec4 4, 0, 32;
    %store/vec4 v0x563d4e529900_0, 0, 32;
    %jmp T_31.57;
T_31.56 ;
    %load/vec4 v0x563d4e643ec0_0;
    %parti/s 1, 6, 4;
    %flag_set/vec4 8;
    %jmp/0xz  T_31.58, 8;
    %pushi/vec4 6, 0, 32;
    %store/vec4 v0x563d4e529900_0, 0, 32;
    %jmp T_31.59;
T_31.58 ;
    %load/vec4 v0x563d4e643ec0_0;
    %parti/s 1, 13, 5;
    %flag_set/vec4 8;
    %jmp/0xz  T_31.60, 8;
    %pushi/vec4 13, 0, 32;
    %store/vec4 v0x563d4e529900_0, 0, 32;
    %jmp T_31.61;
T_31.60 ;
    %load/vec4 v0x563d4e643ec0_0;
    %parti/s 1, 15, 5;
    %flag_set/vec4 8;
    %jmp/0xz  T_31.62, 8;
    %pushi/vec4 15, 0, 32;
    %store/vec4 v0x563d4e529900_0, 0, 32;
    %jmp T_31.63;
T_31.62 ;
    %load/vec4 v0x563d4e643ec0_0;
    %parti/s 1, 12, 5;
    %flag_set/vec4 8;
    %jmp/0xz  T_31.64, 8;
    %pushi/vec4 12, 0, 32;
    %store/vec4 v0x563d4e529900_0, 0, 32;
    %jmp T_31.65;
T_31.64 ;
    %load/vec4 v0x563d4e643ec0_0;
    %parti/s 1, 2, 3;
    %flag_set/vec4 8;
    %jmp/0xz  T_31.66, 8;
    %pushi/vec4 2, 0, 32;
    %store/vec4 v0x563d4e529900_0, 0, 32;
    %jmp T_31.67;
T_31.66 ;
    %load/vec4 v0x563d4e643ec0_0;
    %parti/s 1, 1, 2;
    %flag_set/vec4 8;
    %jmp/0xz  T_31.68, 8;
    %pushi/vec4 1, 0, 32;
    %store/vec4 v0x563d4e529900_0, 0, 32;
    %jmp T_31.69;
T_31.68 ;
    %load/vec4 v0x563d4e643ec0_0;
    %parti/s 1, 5, 4;
    %flag_set/vec4 8;
    %jmp/0xz  T_31.70, 8;
    %pushi/vec4 5, 0, 32;
    %store/vec4 v0x563d4e529900_0, 0, 32;
    %jmp T_31.71;
T_31.70 ;
    %load/vec4 v0x563d4e643ec0_0;
    %parti/s 1, 7, 4;
    %flag_set/vec4 8;
    %jmp/0xz  T_31.72, 8;
    %pushi/vec4 7, 0, 32;
    %store/vec4 v0x563d4e529900_0, 0, 32;
T_31.72 ;
T_31.71 ;
T_31.69 ;
T_31.67 ;
T_31.65 ;
T_31.63 ;
T_31.61 ;
T_31.59 ;
T_31.57 ;
T_31.9 ;
    %jmp T_31.7;
T_31.6 ;
    %load/vec4 v0x563d4e656000_0;
    %flag_set/vec4 8;
    %jmp/0xz  T_31.74, 8;
    %load/vec4 v0x563d4e642720_0;
    %cmpi/u 1, 0, 2;
    %flag_get/vec4 4;
    %flag_get/vec4 5;
    %or;
    %load/vec4 v0x563d4e656700_0;
    %and;
    %flag_set/vec4 8;
    %jmp/0xz  T_31.76, 8;
    %load/vec4 v0x563d4e6496e0_0;
    %parti/s 1, 1, 2;
    %ix/load 4, 5, 0;
    %flag_set/imm 4, 0;
    %store/vec4 v0x563d4e6496e0_0, 4, 1;
    %load/vec4 v0x563d4e642720_0;
    %pushi/vec4 1, 0, 2;
    %cmp/e;
    %flag_get/vec4 4;
    %ix/load 4, 8, 0;
    %flag_set/imm 4, 0;
    %store/vec4 v0x563d4e6496e0_0, 4, 1;
    %pushi/vec4 0, 0, 1;
    %ix/load 4, 1, 0;
    %flag_set/imm 4, 0;
    %store/vec4 v0x563d4e6496e0_0, 4, 1;
    %pushi/vec4 1, 0, 2;
    %store/vec4 v0x563d4e6427e0_0, 0, 2;
    %load/vec4 v0x563d4e6421f0_0;
    %flag_set/vec4 8;
    %jmp/0xz  T_31.78, 8;
    %load/vec4 v0x563d4e642130_0;
    %store/vec4 v0x563d4e64c820_0, 0, 32;
    %jmp T_31.79;
T_31.78 ;
    %load/vec4 v0x563d4e6560c0_0;
    %flag_set/vec4 8;
    %jmp/0xz  T_31.80, 8;
    %load/vec4 v0x563d4e645be0_0;
    %store/vec4 v0x563d4e64c820_0, 0, 32;
    %jmp T_31.81;
T_31.80 ;
    %load/vec4 v0x563d4e637790_0;
    %flag_set/vec4 8;
    %jmp/0xz  T_31.82, 8;
    %load/vec4 v0x563d4e5a3750_0;
    %store/vec4 v0x563d4e64c820_0, 0, 32;
    %jmp T_31.83;
T_31.82 ;
    %load/vec4 v0x563d4e6476c0_0;
    %flag_set/vec4 8;
    %jmp/0xz  T_31.84, 8;
    %load/vec4 v0x563d4e645be0_0;
    %addi 4, 0, 32;
    %store/vec4 v0x563d4e64c820_0, 0, 32;
    %jmp T_31.85;
T_31.84 ;
    %load/vec4 v0x563d4e645be0_0;
    %store/vec4 v0x563d4e64c820_0, 0, 32;
T_31.85 ;
T_31.83 ;
T_31.81 ;
T_31.79 ;
    %load/vec4 v0x563d4e656a80_0;
    %parti/s 1, 1, 2;
    %flag_set/vec4 8;
    %jmp/0xz  T_31.86, 8;
    %pushi/vec4 2147483649, 0, 32;
    %store/vec4 v0x563d4e64c4a0_0, 0, 32;
    %jmp T_31.87;
T_31.86 ;
    %load/vec4 v0x563d4e656a80_0;
    %parti/s 1, 3, 3;
    %flag_set/vec4 8;
    %jmp/0xz  T_31.88, 8;
    %pushi/vec4 2147483651, 0, 32;
    %store/vec4 v0x563d4e64c4a0_0, 0, 32;
    %jmp T_31.89;
T_31.88 ;
    %load/vec4 v0x563d4e656a80_0;
    %parti/s 1, 5, 4;
    %flag_set/vec4 8;
    %jmp/0xz  T_31.90, 8;
    %pushi/vec4 2147483653, 0, 32;
    %store/vec4 v0x563d4e64c4a0_0, 0, 32;
    %jmp T_31.91;
T_31.90 ;
    %load/vec4 v0x563d4e656a80_0;
    %parti/s 1, 7, 4;
    %flag_set/vec4 8;
    %jmp/0xz  T_31.92, 8;
    %pushi/vec4 2147483655, 0, 32;
    %store/vec4 v0x563d4e64c4a0_0, 0, 32;
    %jmp T_31.93;
T_31.92 ;
    %load/vec4 v0x563d4e656a80_0;
    %parti/s 1, 9, 5;
    %flag_set/vec4 8;
    %jmp/0xz  T_31.94, 8;
    %pushi/vec4 2147483657, 0, 32;
    %store/vec4 v0x563d4e64c4a0_0, 0, 32;
    %jmp T_31.95;
T_31.94 ;
    %load/vec4 v0x563d4e656a80_0;
    %parti/s 1, 11, 5;
    %flag_set/vec4 8;
    %jmp/0xz  T_31.96, 8;
    %pushi/vec4 2147483659, 0, 32;
    %store/vec4 v0x563d4e64c4a0_0, 0, 32;
T_31.96 ;
T_31.95 ;
T_31.93 ;
T_31.91 ;
T_31.89 ;
T_31.87 ;
    %pushi/vec4 0, 0, 32;
    %store/vec4 v0x563d4e656ee0_0, 0, 32;
    %jmp T_31.77;
T_31.76 ;
    %load/vec4 v0x563d4e6496e0_0;
    %parti/s 1, 3, 3;
    %ix/load 4, 7, 0;
    %flag_set/imm 4, 0;
    %store/vec4 v0x563d4e6496e0_0, 4, 1;
    %load/vec4 v0x563d4e642720_0;
    %ix/load 4, 11, 0;
    %flag_set/imm 4, 0;
    %store/vec4 v0x563d4e6496e0_0, 4, 2;
    %pushi/vec4 0, 0, 1;
    %ix/load 4, 3, 0;
    %flag_set/imm 4, 0;
    %store/vec4 v0x563d4e6496e0_0, 4, 1;
    %pushi/vec4 3, 0, 2;
    %store/vec4 v0x563d4e6427e0_0, 0, 2;
    %load/vec4 v0x563d4e6421f0_0;
    %flag_set/vec4 8;
    %jmp/0xz  T_31.98, 8;
    %load/vec4 v0x563d4e642130_0;
    %store/vec4 v0x563d4e649e20_0, 0, 32;
    %jmp T_31.99;
T_31.98 ;
    %load/vec4 v0x563d4e6560c0_0;
    %flag_set/vec4 8;
    %jmp/0xz  T_31.100, 8;
    %load/vec4 v0x563d4e645be0_0;
    %store/vec4 v0x563d4e649e20_0, 0, 32;
    %jmp T_31.101;
T_31.100 ;
    %load/vec4 v0x563d4e637790_0;
    %flag_set/vec4 8;
    %jmp/0xz  T_31.102, 8;
    %load/vec4 v0x563d4e5a3750_0;
    %store/vec4 v0x563d4e649e20_0, 0, 32;
    %jmp T_31.103;
T_31.102 ;
    %load/vec4 v0x563d4e6476c0_0;
    %flag_set/vec4 8;
    %jmp/0xz  T_31.104, 8;
    %load/vec4 v0x563d4e645be0_0;
    %addi 4, 0, 32;
    %store/vec4 v0x563d4e649e20_0, 0, 32;
    %jmp T_31.105;
T_31.104 ;
    %load/vec4 v0x563d4e645be0_0;
    %store/vec4 v0x563d4e649e20_0, 0, 32;
T_31.105 ;
T_31.103 ;
T_31.101 ;
T_31.99 ;
    %load/vec4 v0x563d4e656a80_0;
    %parti/s 1, 1, 2;
    %flag_set/vec4 8;
    %jmp/0xz  T_31.106, 8;
    %pushi/vec4 2147483649, 0, 32;
    %store/vec4 v0x563d4e529900_0, 0, 32;
    %jmp T_31.107;
T_31.106 ;
    %load/vec4 v0x563d4e656a80_0;
    %parti/s 1, 3, 3;
    %flag_set/vec4 8;
    %jmp/0xz  T_31.108, 8;
    %pushi/vec4 2147483651, 0, 32;
    %store/vec4 v0x563d4e529900_0, 0, 32;
    %jmp T_31.109;
T_31.108 ;
    %load/vec4 v0x563d4e656a80_0;
    %parti/s 1, 5, 4;
    %flag_set/vec4 8;
    %jmp/0xz  T_31.110, 8;
    %pushi/vec4 2147483653, 0, 32;
    %store/vec4 v0x563d4e529900_0, 0, 32;
    %jmp T_31.111;
T_31.110 ;
    %load/vec4 v0x563d4e656a80_0;
    %parti/s 1, 7, 4;
    %flag_set/vec4 8;
    %jmp/0xz  T_31.112, 8;
    %pushi/vec4 2147483655, 0, 32;
    %store/vec4 v0x563d4e529900_0, 0, 32;
    %jmp T_31.113;
T_31.112 ;
    %load/vec4 v0x563d4e656a80_0;
    %parti/s 1, 9, 5;
    %flag_set/vec4 8;
    %jmp/0xz  T_31.114, 8;
    %pushi/vec4 2147483657, 0, 32;
    %store/vec4 v0x563d4e529900_0, 0, 32;
    %jmp T_31.115;
T_31.114 ;
    %load/vec4 v0x563d4e656a80_0;
    %parti/s 1, 11, 5;
    %flag_set/vec4 8;
    %jmp/0xz  T_31.116, 8;
    %pushi/vec4 2147483659, 0, 32;
    %store/vec4 v0x563d4e529900_0, 0, 32;
T_31.116 ;
T_31.115 ;
T_31.113 ;
T_31.111 ;
T_31.109 ;
T_31.107 ;
T_31.77 ;
    %jmp T_31.75;
T_31.74 ;
    %load/vec4 v0x563d4e6476c0_0;
    %load/vec4 v0x563d4e647340_0;
    %load/vec4 v0x563d4e4b3620_0;
    %or;
    %and;
    %flag_set/vec4 8;
    %jmp/0xz  T_31.118, 8;
    %load/vec4 v0x563d4e657f80_0;
    %parti/s 1, 44, 7;
    %load/vec4 v0x563d4e657f80_0;
    %parti/s 1, 45, 7;
    %or;
    %load/vec4 v0x563d4e657f80_0;
    %parti/s 1, 46, 7;
    %or;
    %flag_set/vec4 8;
    %jmp/0 T_31.120, 8;
    %pushi/vec4 0, 0, 27;
    %load/vec4 v0x563d4e645cc0_0;
    %concat/vec4; draw_concat_vec4
    %jmp/1 T_31.121, 8;
T_31.120 ; End of true expr.
    %load/vec4 v0x563d4e645ed0_0;
    %jmp/0 T_31.121, 8;
 ; End of false expr.
    %blend;
T_31.121;
    %store/vec4 v0x563d4e643de0_0, 0, 32;
    %load/vec4 v0x563d4e656440_0;
    %parti/s 12, 0, 2;
    %dup/vec4;
    %pushi/vec4 832, 0, 12;
    %cmp/u;
    %jmp/1 T_31.122, 6;
    %dup/vec4;
    %pushi/vec4 833, 0, 12;
    %cmp/u;
    %jmp/1 T_31.123, 6;
    %dup/vec4;
    %pushi/vec4 773, 0, 12;
    %cmp/u;
    %jmp/1 T_31.124, 6;
    %dup/vec4;
    %pushi/vec4 834, 0, 12;
    %cmp/u;
    %jmp/1 T_31.125, 6;
    %dup/vec4;
    %pushi/vec4 768, 0, 12;
    %cmp/u;
    %jmp/1 T_31.126, 6;
    %dup/vec4;
    %pushi/vec4 836, 0, 12;
    %cmp/u;
    %jmp/1 T_31.127, 6;
    %dup/vec4;
    %pushi/vec4 772, 0, 12;
    %cmp/u;
    %jmp/1 T_31.128, 6;
    %dup/vec4;
    %pushi/vec4 3072, 0, 12;
    %cmp/u;
    %jmp/1 T_31.129, 6;
    %dup/vec4;
    %pushi/vec4 3860, 0, 12;
    %cmp/u;
    %jmp/1 T_31.130, 6;
    %dup/vec4;
    %pushi/vec4 769, 0, 12;
    %cmp/u;
    %jmp/1 T_31.131, 6;
    %dup/vec4;
    %pushi/vec4 770, 0, 12;
    %cmp/u;
    %jmp/1 T_31.132, 6;
    %dup/vec4;
    %pushi/vec4 771, 0, 12;
    %cmp/u;
    %jmp/1 T_31.133, 6;
    %dup/vec4;
    %pushi/vec4 321, 0, 12;
    %cmp/u;
    %jmp/1 T_31.134, 6;
    %dup/vec4;
    %pushi/vec4 261, 0, 12;
    %cmp/u;
    %jmp/1 T_31.135, 6;
    %dup/vec4;
    %pushi/vec4 322, 0, 12;
    %cmp/u;
    %jmp/1 T_31.136, 6;
    %dup/vec4;
    %pushi/vec4 324, 0, 12;
    %cmp/u;
    %jmp/1 T_31.137, 6;
    %dup/vec4;
    %pushi/vec4 260, 0, 12;
    %cmp/u;
    %jmp/1 T_31.138, 6;
    %dup/vec4;
    %pushi/vec4 323, 0, 12;
    %cmp/u;
    %jmp/1 T_31.139, 6;
    %dup/vec4;
    %pushi/vec4 384, 0, 12;
    %cmp/u;
    %jmp/1 T_31.140, 6;
    %dup/vec4;
    %pushi/vec4 320, 0, 12;
    %cmp/u;
    %jmp/1 T_31.141, 6;
    %dup/vec4;
    %pushi/vec4 256, 0, 12;
    %cmp/u;
    %jmp/1 T_31.142, 6;
    %jmp T_31.144;
T_31.122 ;
    %load/vec4 v0x563d4e643de0_0;
    %pushi/vec4 4294967295, 0, 32;
    %and;
    %store/vec4 v0x563d4e643de0_0, 0, 32;
    %load/vec4 v0x563d4e647dc0_0;
    %pushi/vec4 4294967295, 0, 32;
    %and;
    %store/vec4 v0x563d4e6468c0_0, 0, 32;
    %load/vec4 v0x563d4e647340_0;
    %load/vec4 v0x563d4e4b3620_0;
    %and;
    %flag_set/vec4 8;
    %jmp/0xz  T_31.145, 8;
    %load/vec4 v0x563d4e643de0_0;
    %store/vec4 v0x563d4e647ea0_0, 0, 32;
    %jmp T_31.146;
T_31.145 ;
    %load/vec4 v0x563d4e647340_0;
    %flag_set/vec4 8;
    %jmp/0xz  T_31.147, 8;
    %load/vec4 v0x563d4e647ea0_0;
    %load/vec4 v0x563d4e643de0_0;
    %or;
    %store/vec4 v0x563d4e647ea0_0, 0, 32;
    %jmp T_31.148;
T_31.147 ;
    %load/vec4 v0x563d4e4b3620_0;
    %flag_set/vec4 8;
    %jmp/0xz  T_31.149, 8;
    %load/vec4 v0x563d4e647ea0_0;
    %load/vec4 v0x563d4e643de0_0;
    %inv;
    %and;
    %store/vec4 v0x563d4e647ea0_0, 0, 32;
T_31.149 ;
T_31.148 ;
T_31.146 ;
    %jmp T_31.144;
T_31.123 ;
    %load/vec4 v0x563d4e643de0_0;
    %pushi/vec4 4294967295, 0, 32;
    %and;
    %store/vec4 v0x563d4e643de0_0, 0, 32;
    %load/vec4 v0x563d4e649d40_0;
    %pushi/vec4 4294967295, 0, 32;
    %and;
    %store/vec4 v0x563d4e6468c0_0, 0, 32;
    %load/vec4 v0x563d4e647340_0;
    %load/vec4 v0x563d4e4b3620_0;
    %and;
    %flag_set/vec4 8;
    %jmp/0xz  T_31.151, 8;
    %load/vec4 v0x563d4e643de0_0;
    %store/vec4 v0x563d4e649e20_0, 0, 32;
    %jmp T_31.152;
T_31.151 ;
    %load/vec4 v0x563d4e647340_0;
    %flag_set/vec4 8;
    %jmp/0xz  T_31.153, 8;
    %load/vec4 v0x563d4e649e20_0;
    %load/vec4 v0x563d4e643de0_0;
    %or;
    %store/vec4 v0x563d4e649e20_0, 0, 32;
    %jmp T_31.154;
T_31.153 ;
    %load/vec4 v0x563d4e4b3620_0;
    %flag_set/vec4 8;
    %jmp/0xz  T_31.155, 8;
    %load/vec4 v0x563d4e649e20_0;
    %load/vec4 v0x563d4e643de0_0;
    %inv;
    %and;
    %store/vec4 v0x563d4e649e20_0, 0, 32;
T_31.155 ;
T_31.154 ;
T_31.152 ;
    %jmp T_31.144;
T_31.124 ;
    %load/vec4 v0x563d4e643de0_0;
    %pushi/vec4 4294967295, 0, 32;
    %and;
    %store/vec4 v0x563d4e643de0_0, 0, 32;
    %load/vec4 v0x563d4e64bcc0_0;
    %pushi/vec4 4294967295, 0, 32;
    %and;
    %store/vec4 v0x563d4e6468c0_0, 0, 32;
    %load/vec4 v0x563d4e647340_0;
    %load/vec4 v0x563d4e4b3620_0;
    %and;
    %flag_set/vec4 8;
    %jmp/0xz  T_31.157, 8;
    %load/vec4 v0x563d4e643de0_0;
    %store/vec4 v0x563d4e64bda0_0, 0, 32;
    %jmp T_31.158;
T_31.157 ;
    %load/vec4 v0x563d4e647340_0;
    %flag_set/vec4 8;
    %jmp/0xz  T_31.159, 8;
    %load/vec4 v0x563d4e64bda0_0;
    %load/vec4 v0x563d4e643de0_0;
    %or;
    %store/vec4 v0x563d4e64bda0_0, 0, 32;
    %jmp T_31.160;
T_31.159 ;
    %load/vec4 v0x563d4e4b3620_0;
    %flag_set/vec4 8;
    %jmp/0xz  T_31.161, 8;
    %load/vec4 v0x563d4e64bda0_0;
    %load/vec4 v0x563d4e643de0_0;
    %inv;
    %and;
    %store/vec4 v0x563d4e64bda0_0, 0, 32;
T_31.161 ;
T_31.160 ;
T_31.158 ;
    %jmp T_31.144;
T_31.125 ;
    %load/vec4 v0x563d4e643de0_0;
    %pushi/vec4 2147483663, 0, 32;
    %and;
    %store/vec4 v0x563d4e643de0_0, 0, 32;
    %load/vec4 v0x563d4e529840_0;
    %pushi/vec4 2147483663, 0, 32;
    %and;
    %store/vec4 v0x563d4e6468c0_0, 0, 32;
    %load/vec4 v0x563d4e647340_0;
    %load/vec4 v0x563d4e4b3620_0;
    %and;
    %flag_set/vec4 8;
    %jmp/0xz  T_31.163, 8;
    %load/vec4 v0x563d4e643de0_0;
    %store/vec4 v0x563d4e529900_0, 0, 32;
    %jmp T_31.164;
T_31.163 ;
    %load/vec4 v0x563d4e647340_0;
    %flag_set/vec4 8;
    %jmp/0xz  T_31.165, 8;
    %load/vec4 v0x563d4e529900_0;
    %load/vec4 v0x563d4e643de0_0;
    %or;
    %store/vec4 v0x563d4e529900_0, 0, 32;
    %jmp T_31.166;
T_31.165 ;
    %load/vec4 v0x563d4e4b3620_0;
    %flag_set/vec4 8;
    %jmp/0xz  T_31.167, 8;
    %load/vec4 v0x563d4e529900_0;
    %load/vec4 v0x563d4e643de0_0;
    %inv;
    %and;
    %store/vec4 v0x563d4e529900_0, 0, 32;
T_31.167 ;
T_31.166 ;
T_31.164 ;
    %jmp T_31.144;
T_31.126 ;
    %load/vec4 v0x563d4e643de0_0;
    %pushi/vec4 4294967295, 0, 32;
    %and;
    %store/vec4 v0x563d4e643de0_0, 0, 32;
    %load/vec4 v0x563d4e649640_0;
    %pushi/vec4 4294967295, 0, 32;
    %and;
    %store/vec4 v0x563d4e6468c0_0, 0, 32;
    %load/vec4 v0x563d4e647340_0;
    %load/vec4 v0x563d4e4b3620_0;
    %and;
    %flag_set/vec4 8;
    %jmp/0xz  T_31.169, 8;
    %load/vec4 v0x563d4e643de0_0;
    %store/vec4 v0x563d4e6496e0_0, 0, 32;
    %jmp T_31.170;
T_31.169 ;
    %load/vec4 v0x563d4e647340_0;
    %flag_set/vec4 8;
    %jmp/0xz  T_31.171, 8;
    %load/vec4 v0x563d4e6496e0_0;
    %load/vec4 v0x563d4e643de0_0;
    %or;
    %store/vec4 v0x563d4e6496e0_0, 0, 32;
    %jmp T_31.172;
T_31.171 ;
    %load/vec4 v0x563d4e4b3620_0;
    %flag_set/vec4 8;
    %jmp/0xz  T_31.173, 8;
    %load/vec4 v0x563d4e6496e0_0;
    %load/vec4 v0x563d4e643de0_0;
    %inv;
    %and;
    %store/vec4 v0x563d4e6496e0_0, 0, 32;
T_31.173 ;
T_31.172 ;
T_31.170 ;
    %jmp T_31.144;
T_31.127 ;
    %load/vec4 v0x563d4e643de0_0;
    %pushi/vec4 2730, 0, 32;
    %and;
    %store/vec4 v0x563d4e643de0_0, 0, 32;
    %load/vec4 v0x563d4e64ba20_0;
    %pushi/vec4 2730, 0, 32;
    %and;
    %store/vec4 v0x563d4e6468c0_0, 0, 32;
    %load/vec4 v0x563d4e647340_0;
    %load/vec4 v0x563d4e4b3620_0;
    %and;
    %flag_set/vec4 8;
    %jmp/0xz  T_31.175, 8;
    %load/vec4 v0x563d4e643de0_0;
    %store/vec4 v0x563d4e64ba20_0, 0, 32;
    %jmp T_31.176;
T_31.175 ;
    %load/vec4 v0x563d4e647340_0;
    %flag_set/vec4 8;
    %jmp/0xz  T_31.177, 8;
    %load/vec4 v0x563d4e64ba20_0;
    %load/vec4 v0x563d4e643de0_0;
    %or;
    %store/vec4 v0x563d4e64ba20_0, 0, 32;
    %jmp T_31.178;
T_31.177 ;
    %load/vec4 v0x563d4e4b3620_0;
    %flag_set/vec4 8;
    %jmp/0xz  T_31.179, 8;
    %load/vec4 v0x563d4e64ba20_0;
    %load/vec4 v0x563d4e643de0_0;
    %inv;
    %and;
    %store/vec4 v0x563d4e64ba20_0, 0, 32;
T_31.179 ;
T_31.178 ;
T_31.176 ;
    %jmp T_31.144;
T_31.128 ;
    %load/vec4 v0x563d4e643de0_0;
    %pushi/vec4 2730, 0, 32;
    %and;
    %store/vec4 v0x563d4e643de0_0, 0, 32;
    %load/vec4 v0x563d4e64b240_0;
    %pushi/vec4 2730, 0, 32;
    %and;
    %store/vec4 v0x563d4e6468c0_0, 0, 32;
    %load/vec4 v0x563d4e647340_0;
    %load/vec4 v0x563d4e4b3620_0;
    %and;
    %flag_set/vec4 8;
    %jmp/0xz  T_31.181, 8;
    %load/vec4 v0x563d4e643de0_0;
    %store/vec4 v0x563d4e64b320_0, 0, 32;
    %jmp T_31.182;
T_31.181 ;
    %load/vec4 v0x563d4e647340_0;
    %flag_set/vec4 8;
    %jmp/0xz  T_31.183, 8;
    %load/vec4 v0x563d4e64b320_0;
    %load/vec4 v0x563d4e643de0_0;
    %or;
    %store/vec4 v0x563d4e64b320_0, 0, 32;
    %jmp T_31.184;
T_31.183 ;
    %load/vec4 v0x563d4e4b3620_0;
    %flag_set/vec4 8;
    %jmp/0xz  T_31.185, 8;
    %load/vec4 v0x563d4e64b320_0;
    %load/vec4 v0x563d4e643de0_0;
    %inv;
    %and;
    %store/vec4 v0x563d4e64b320_0, 0, 32;
T_31.185 ;
T_31.184 ;
T_31.182 ;
    %jmp T_31.144;
T_31.129 ;
    %load/vec4 v0x563d4e64ab40_0;
    %store/vec4 v0x563d4e6468c0_0, 0, 32;
    %jmp T_31.144;
T_31.130 ;
    %load/vec4 v0x563d4e56a790_0;
    %store/vec4 v0x563d4e6468c0_0, 0, 32;
    %jmp T_31.144;
T_31.131 ;
    %pushi/vec4 1075056896, 0, 32;
    %store/vec4 v0x563d4e6468c0_0, 0, 32;
    %jmp T_31.144;
T_31.132 ;
    %load/vec4 v0x563d4e643de0_0;
    %pushi/vec4 65535, 0, 32;
    %and;
    %store/vec4 v0x563d4e643de0_0, 0, 32;
    %load/vec4 v0x563d4e648840_0;
    %pushi/vec4 65535, 0, 32;
    %and;
    %store/vec4 v0x563d4e6468c0_0, 0, 32;
    %load/vec4 v0x563d4e647340_0;
    %load/vec4 v0x563d4e4b3620_0;
    %and;
    %flag_set/vec4 8;
    %jmp/0xz  T_31.187, 8;
    %load/vec4 v0x563d4e643de0_0;
    %store/vec4 v0x563d4e648920_0, 0, 32;
    %jmp T_31.188;
T_31.187 ;
    %load/vec4 v0x563d4e647340_0;
    %flag_set/vec4 8;
    %jmp/0xz  T_31.189, 8;
    %load/vec4 v0x563d4e648920_0;
    %load/vec4 v0x563d4e643de0_0;
    %or;
    %store/vec4 v0x563d4e648920_0, 0, 32;
    %jmp T_31.190;
T_31.189 ;
    %load/vec4 v0x563d4e4b3620_0;
    %flag_set/vec4 8;
    %jmp/0xz  T_31.191, 8;
    %load/vec4 v0x563d4e648920_0;
    %load/vec4 v0x563d4e643de0_0;
    %inv;
    %and;
    %store/vec4 v0x563d4e648920_0, 0, 32;
T_31.191 ;
T_31.190 ;
T_31.188 ;
    %jmp T_31.144;
T_31.133 ;
    %load/vec4 v0x563d4e643de0_0;
    %pushi/vec4 65535, 0, 32;
    %and;
    %store/vec4 v0x563d4e643de0_0, 0, 32;
    %load/vec4 v0x563d4e648bc0_0;
    %pushi/vec4 65535, 0, 32;
    %and;
    %store/vec4 v0x563d4e6468c0_0, 0, 32;
    %load/vec4 v0x563d4e647340_0;
    %load/vec4 v0x563d4e4b3620_0;
    %and;
    %flag_set/vec4 8;
    %jmp/0xz  T_31.193, 8;
    %load/vec4 v0x563d4e643de0_0;
    %store/vec4 v0x563d4e648c80_0, 0, 32;
    %jmp T_31.194;
T_31.193 ;
    %load/vec4 v0x563d4e647340_0;
    %flag_set/vec4 8;
    %jmp/0xz  T_31.195, 8;
    %load/vec4 v0x563d4e648c80_0;
    %load/vec4 v0x563d4e643de0_0;
    %or;
    %store/vec4 v0x563d4e648c80_0, 0, 32;
    %jmp T_31.196;
T_31.195 ;
    %load/vec4 v0x563d4e4b3620_0;
    %flag_set/vec4 8;
    %jmp/0xz  T_31.197, 8;
    %load/vec4 v0x563d4e648c80_0;
    %load/vec4 v0x563d4e643de0_0;
    %inv;
    %and;
    %store/vec4 v0x563d4e648c80_0, 0, 32;
T_31.197 ;
T_31.196 ;
T_31.194 ;
    %jmp T_31.144;
T_31.134 ;
    %load/vec4 v0x563d4e643de0_0;
    %pushi/vec4 4294967295, 0, 32;
    %and;
    %store/vec4 v0x563d4e643de0_0, 0, 32;
    %load/vec4 v0x563d4e64c740_0;
    %pushi/vec4 4294967295, 0, 32;
    %and;
    %store/vec4 v0x563d4e6468c0_0, 0, 32;
    %load/vec4 v0x563d4e647340_0;
    %load/vec4 v0x563d4e4b3620_0;
    %and;
    %flag_set/vec4 8;
    %jmp/0xz  T_31.199, 8;
    %load/vec4 v0x563d4e643de0_0;
    %store/vec4 v0x563d4e64c820_0, 0, 32;
    %jmp T_31.200;
T_31.199 ;
    %load/vec4 v0x563d4e647340_0;
    %flag_set/vec4 8;
    %jmp/0xz  T_31.201, 8;
    %load/vec4 v0x563d4e64c820_0;
    %load/vec4 v0x563d4e643de0_0;
    %or;
    %store/vec4 v0x563d4e64c820_0, 0, 32;
    %jmp T_31.202;
T_31.201 ;
    %load/vec4 v0x563d4e4b3620_0;
    %flag_set/vec4 8;
    %jmp/0xz  T_31.203, 8;
    %load/vec4 v0x563d4e64c820_0;
    %load/vec4 v0x563d4e643de0_0;
    %inv;
    %and;
    %store/vec4 v0x563d4e64c820_0, 0, 32;
T_31.203 ;
T_31.202 ;
T_31.200 ;
    %jmp T_31.144;
T_31.135 ;
    %load/vec4 v0x563d4e643de0_0;
    %pushi/vec4 4294967295, 0, 32;
    %and;
    %store/vec4 v0x563d4e643de0_0, 0, 32;
    %load/vec4 v0x563d4e657180_0;
    %pushi/vec4 4294967295, 0, 32;
    %and;
    %store/vec4 v0x563d4e6468c0_0, 0, 32;
    %load/vec4 v0x563d4e647340_0;
    %load/vec4 v0x563d4e4b3620_0;
    %and;
    %flag_set/vec4 8;
    %jmp/0xz  T_31.205, 8;
    %load/vec4 v0x563d4e643de0_0;
    %store/vec4 v0x563d4e657240_0, 0, 32;
    %jmp T_31.206;
T_31.205 ;
    %load/vec4 v0x563d4e647340_0;
    %flag_set/vec4 8;
    %jmp/0xz  T_31.207, 8;
    %load/vec4 v0x563d4e657240_0;
    %load/vec4 v0x563d4e643de0_0;
    %or;
    %store/vec4 v0x563d4e657240_0, 0, 32;
    %jmp T_31.208;
T_31.207 ;
    %load/vec4 v0x563d4e4b3620_0;
    %flag_set/vec4 8;
    %jmp/0xz  T_31.209, 8;
    %load/vec4 v0x563d4e657240_0;
    %load/vec4 v0x563d4e643de0_0;
    %inv;
    %and;
    %store/vec4 v0x563d4e657240_0, 0, 32;
T_31.209 ;
T_31.208 ;
T_31.206 ;
    %jmp T_31.144;
T_31.136 ;
    %load/vec4 v0x563d4e643de0_0;
    %pushi/vec4 2147483663, 0, 32;
    %and;
    %store/vec4 v0x563d4e643de0_0, 0, 32;
    %load/vec4 v0x563d4e64c3c0_0;
    %pushi/vec4 2147483663, 0, 32;
    %and;
    %store/vec4 v0x563d4e6468c0_0, 0, 32;
    %load/vec4 v0x563d4e647340_0;
    %load/vec4 v0x563d4e4b3620_0;
    %and;
    %flag_set/vec4 8;
    %jmp/0xz  T_31.211, 8;
    %load/vec4 v0x563d4e643de0_0;
    %store/vec4 v0x563d4e64c4a0_0, 0, 32;
    %jmp T_31.212;
T_31.211 ;
    %load/vec4 v0x563d4e647340_0;
    %flag_set/vec4 8;
    %jmp/0xz  T_31.213, 8;
    %load/vec4 v0x563d4e64c4a0_0;
    %load/vec4 v0x563d4e643de0_0;
    %or;
    %store/vec4 v0x563d4e64c4a0_0, 0, 32;
    %jmp T_31.214;
T_31.213 ;
    %load/vec4 v0x563d4e4b3620_0;
    %flag_set/vec4 8;
    %jmp/0xz  T_31.215, 8;
    %load/vec4 v0x563d4e64c4a0_0;
    %load/vec4 v0x563d4e643de0_0;
    %inv;
    %and;
    %store/vec4 v0x563d4e64c4a0_0, 0, 32;
T_31.215 ;
T_31.214 ;
T_31.212 ;
    %jmp T_31.144;
T_31.137 ;
    %load/vec4 v0x563d4e643de0_0;
    %pushi/vec4 546, 0, 32;
    %and;
    %store/vec4 v0x563d4e643de0_0, 0, 32;
    %load/vec4 v0x563d4e64ba20_0;
    %pushi/vec4 546, 0, 32;
    %and;
    %store/vec4 v0x563d4e6468c0_0, 0, 32;
    %load/vec4 v0x563d4e647340_0;
    %load/vec4 v0x563d4e4b3620_0;
    %and;
    %flag_set/vec4 8;
    %jmp/0xz  T_31.217, 8;
    %load/vec4 v0x563d4e643de0_0;
    %store/vec4 v0x563d4e64ba20_0, 0, 32;
    %jmp T_31.218;
T_31.217 ;
    %load/vec4 v0x563d4e647340_0;
    %flag_set/vec4 8;
    %jmp/0xz  T_31.219, 8;
    %load/vec4 v0x563d4e64ba20_0;
    %load/vec4 v0x563d4e643de0_0;
    %or;
    %store/vec4 v0x563d4e64ba20_0, 0, 32;
    %jmp T_31.220;
T_31.219 ;
    %load/vec4 v0x563d4e4b3620_0;
    %flag_set/vec4 8;
    %jmp/0xz  T_31.221, 8;
    %load/vec4 v0x563d4e64ba20_0;
    %load/vec4 v0x563d4e643de0_0;
    %inv;
    %and;
    %store/vec4 v0x563d4e64ba20_0, 0, 32;
T_31.221 ;
T_31.220 ;
T_31.218 ;
    %jmp T_31.144;
T_31.138 ;
    %load/vec4 v0x563d4e643de0_0;
    %pushi/vec4 546, 0, 32;
    %and;
    %store/vec4 v0x563d4e643de0_0, 0, 32;
    %load/vec4 v0x563d4e64b240_0;
    %pushi/vec4 546, 0, 32;
    %and;
    %store/vec4 v0x563d4e6468c0_0, 0, 32;
    %load/vec4 v0x563d4e647340_0;
    %load/vec4 v0x563d4e4b3620_0;
    %and;
    %flag_set/vec4 8;
    %jmp/0xz  T_31.223, 8;
    %load/vec4 v0x563d4e643de0_0;
    %store/vec4 v0x563d4e64b320_0, 0, 32;
    %jmp T_31.224;
T_31.223 ;
    %load/vec4 v0x563d4e647340_0;
    %flag_set/vec4 8;
    %jmp/0xz  T_31.225, 8;
    %load/vec4 v0x563d4e64b320_0;
    %load/vec4 v0x563d4e643de0_0;
    %or;
    %store/vec4 v0x563d4e64b320_0, 0, 32;
    %jmp T_31.226;
T_31.225 ;
    %load/vec4 v0x563d4e4b3620_0;
    %flag_set/vec4 8;
    %jmp/0xz  T_31.227, 8;
    %load/vec4 v0x563d4e64b320_0;
    %load/vec4 v0x563d4e643de0_0;
    %inv;
    %and;
    %store/vec4 v0x563d4e64b320_0, 0, 32;
T_31.227 ;
T_31.226 ;
T_31.224 ;
    %jmp T_31.144;
T_31.139 ;
    %load/vec4 v0x563d4e643de0_0;
    %pushi/vec4 4294967295, 0, 32;
    %and;
    %store/vec4 v0x563d4e643de0_0, 0, 32;
    %load/vec4 v0x563d4e656e00_0;
    %pushi/vec4 4294967295, 0, 32;
    %and;
    %store/vec4 v0x563d4e6468c0_0, 0, 32;
    %load/vec4 v0x563d4e647340_0;
    %load/vec4 v0x563d4e4b3620_0;
    %and;
    %flag_set/vec4 8;
    %jmp/0xz  T_31.229, 8;
    %load/vec4 v0x563d4e643de0_0;
    %store/vec4 v0x563d4e656ee0_0, 0, 32;
    %jmp T_31.230;
T_31.229 ;
    %load/vec4 v0x563d4e647340_0;
    %flag_set/vec4 8;
    %jmp/0xz  T_31.231, 8;
    %load/vec4 v0x563d4e656ee0_0;
    %load/vec4 v0x563d4e643de0_0;
    %or;
    %store/vec4 v0x563d4e656ee0_0, 0, 32;
    %jmp T_31.232;
T_31.231 ;
    %load/vec4 v0x563d4e4b3620_0;
    %flag_set/vec4 8;
    %jmp/0xz  T_31.233, 8;
    %load/vec4 v0x563d4e656ee0_0;
    %load/vec4 v0x563d4e643de0_0;
    %inv;
    %and;
    %store/vec4 v0x563d4e656ee0_0, 0, 32;
T_31.233 ;
T_31.232 ;
T_31.230 ;
    %jmp T_31.144;
T_31.140 ;
    %load/vec4 v0x563d4e643de0_0;
    %pushi/vec4 4294967295, 0, 32;
    %and;
    %store/vec4 v0x563d4e643de0_0, 0, 32;
    %load/vec4 v0x563d4e64ca80_0;
    %pushi/vec4 4294967295, 0, 32;
    %and;
    %store/vec4 v0x563d4e6468c0_0, 0, 32;
    %load/vec4 v0x563d4e647340_0;
    %load/vec4 v0x563d4e4b3620_0;
    %and;
    %flag_set/vec4 8;
    %jmp/0xz  T_31.235, 8;
    %load/vec4 v0x563d4e643de0_0;
    %store/vec4 v0x563d4e64cb40_0, 0, 32;
    %jmp T_31.236;
T_31.235 ;
    %load/vec4 v0x563d4e647340_0;
    %flag_set/vec4 8;
    %jmp/0xz  T_31.237, 8;
    %load/vec4 v0x563d4e64cb40_0;
    %load/vec4 v0x563d4e643de0_0;
    %or;
    %store/vec4 v0x563d4e64cb40_0, 0, 32;
    %jmp T_31.238;
T_31.237 ;
    %load/vec4 v0x563d4e4b3620_0;
    %flag_set/vec4 8;
    %jmp/0xz  T_31.239, 8;
    %load/vec4 v0x563d4e64cb40_0;
    %load/vec4 v0x563d4e643de0_0;
    %inv;
    %and;
    %store/vec4 v0x563d4e64cb40_0, 0, 32;
T_31.239 ;
T_31.238 ;
T_31.236 ;
    %jmp T_31.144;
T_31.141 ;
    %load/vec4 v0x563d4e643de0_0;
    %pushi/vec4 4294967295, 0, 32;
    %and;
    %store/vec4 v0x563d4e643de0_0, 0, 32;
    %load/vec4 v0x563d4e64b5c0_0;
    %pushi/vec4 4294967295, 0, 32;
    %and;
    %store/vec4 v0x563d4e6468c0_0, 0, 32;
    %load/vec4 v0x563d4e647340_0;
    %load/vec4 v0x563d4e4b3620_0;
    %and;
    %flag_set/vec4 8;
    %jmp/0xz  T_31.241, 8;
    %load/vec4 v0x563d4e643de0_0;
    %store/vec4 v0x563d4e64b6a0_0, 0, 32;
    %jmp T_31.242;
T_31.241 ;
    %load/vec4 v0x563d4e647340_0;
    %flag_set/vec4 8;
    %jmp/0xz  T_31.243, 8;
    %load/vec4 v0x563d4e64b6a0_0;
    %load/vec4 v0x563d4e643de0_0;
    %or;
    %store/vec4 v0x563d4e64b6a0_0, 0, 32;
    %jmp T_31.244;
T_31.243 ;
    %load/vec4 v0x563d4e4b3620_0;
    %flag_set/vec4 8;
    %jmp/0xz  T_31.245, 8;
    %load/vec4 v0x563d4e64b6a0_0;
    %load/vec4 v0x563d4e643de0_0;
    %inv;
    %and;
    %store/vec4 v0x563d4e64b6a0_0, 0, 32;
T_31.245 ;
T_31.244 ;
T_31.242 ;
    %jmp T_31.144;
T_31.142 ;
    %load/vec4 v0x563d4e643de0_0;
    %pushi/vec4 262451, 0, 32;
    %and;
    %store/vec4 v0x563d4e643de0_0, 0, 32;
    %load/vec4 v0x563d4e649640_0;
    %pushi/vec4 262451, 0, 32;
    %and;
    %store/vec4 v0x563d4e6468c0_0, 0, 32;
    %load/vec4 v0x563d4e647340_0;
    %load/vec4 v0x563d4e4b3620_0;
    %and;
    %flag_set/vec4 8;
    %jmp/0xz  T_31.247, 8;
    %load/vec4 v0x563d4e643de0_0;
    %store/vec4 v0x563d4e6496e0_0, 0, 32;
    %jmp T_31.248;
T_31.247 ;
    %load/vec4 v0x563d4e647340_0;
    %flag_set/vec4 8;
    %jmp/0xz  T_31.249, 8;
    %load/vec4 v0x563d4e6496e0_0;
    %load/vec4 v0x563d4e643de0_0;
    %or;
    %store/vec4 v0x563d4e6496e0_0, 0, 32;
    %jmp T_31.250;
T_31.249 ;
    %load/vec4 v0x563d4e4b3620_0;
    %flag_set/vec4 8;
    %jmp/0xz  T_31.251, 8;
    %load/vec4 v0x563d4e6496e0_0;
    %load/vec4 v0x563d4e643de0_0;
    %inv;
    %and;
    %store/vec4 v0x563d4e6496e0_0, 0, 32;
T_31.251 ;
T_31.250 ;
T_31.248 ;
    %jmp T_31.144;
T_31.144 ;
    %pop/vec4 1;
    %jmp T_31.119;
T_31.118 ;
    %load/vec4 v0x563d4e6476c0_0;
    %load/vec4 v0x563d4e657f80_0;
    %parti/s 1, 38, 7;
    %load/vec4 v0x563d4e657f80_0;
    %parti/s 1, 39, 7;
    %or;
    %and;
    %flag_set/vec4 8;
    %jmp/0xz  T_31.253, 8;
    %load/vec4 v0x563d4e642720_0;
    %cmpi/u 1, 0, 2;
    %flag_get/vec4 4;
    %flag_get/vec4 5;
    %or;
    %load/vec4 v0x563d4e643ec0_0;
    %load/vec4 v0x563d4e648840_0;
    %and;
    %or/r;
    %and;
    %flag_set/vec4 8;
    %jmp/0xz  T_31.255, 8;
    %load/vec4 v0x563d4e649640_0;
    %parti/s 1, 1, 2;
    %ix/load 4, 5, 0;
    %flag_set/imm 4, 0;
    %store/vec4 v0x563d4e6496e0_0, 4, 1;
    %load/vec4 v0x563d4e642720_0;
    %pushi/vec4 1, 0, 2;
    %cmp/e;
    %flag_get/vec4 4;
    %ix/load 4, 8, 0;
    %flag_set/imm 4, 0;
    %store/vec4 v0x563d4e6496e0_0, 4, 1;
    %pushi/vec4 0, 0, 1;
    %ix/load 4, 1, 0;
    %flag_set/imm 4, 0;
    %store/vec4 v0x563d4e6496e0_0, 4, 1;
    %pushi/vec4 1, 0, 2;
    %store/vec4 v0x563d4e6427e0_0, 0, 2;
    %load/vec4 v0x563d4e645be0_0;
    %store/vec4 v0x563d4e64c820_0, 0, 32;
    %load/vec4 v0x563d4e657f80_0;
    %parti/s 1, 39, 7;
    %flag_set/vec4 8;
    %jmp/0xz  T_31.257, 8;
    %pushi/vec4 3, 0, 32;
    %store/vec4 v0x563d4e64c4a0_0, 0, 32;
    %jmp T_31.258;
T_31.257 ;
    %pushi/vec4 8, 0, 32;
    %pushi/vec4 0, 0, 30;
    %load/vec4 v0x563d4e642720_0;
    %concat/vec4; draw_concat_vec4
    %add;
    %store/vec4 v0x563d4e64c4a0_0, 0, 32;
T_31.258 ;
    %pushi/vec4 0, 0, 32;
    %store/vec4 v0x563d4e656ee0_0, 0, 32;
    %jmp T_31.256;
T_31.255 ;
    %load/vec4 v0x563d4e6496e0_0;
    %parti/s 1, 3, 3;
    %ix/load 4, 7, 0;
    %flag_set/imm 4, 0;
    %store/vec4 v0x563d4e6496e0_0, 4, 1;
    %load/vec4 v0x563d4e642720_0;
    %ix/load 4, 11, 0;
    %flag_set/imm 4, 0;
    %store/vec4 v0x563d4e6496e0_0, 4, 2;
    %pushi/vec4 0, 0, 1;
    %ix/load 4, 3, 0;
    %flag_set/imm 4, 0;
    %store/vec4 v0x563d4e6496e0_0, 4, 1;
    %pushi/vec4 3, 0, 2;
    %store/vec4 v0x563d4e6427e0_0, 0, 2;
    %load/vec4 v0x563d4e645be0_0;
    %store/vec4 v0x563d4e649e20_0, 0, 32;
    %load/vec4 v0x563d4e657f80_0;
    %parti/s 1, 39, 7;
    %flag_set/vec4 8;
    %jmp/0xz  T_31.259, 8;
    %pushi/vec4 3, 0, 32;
    %store/vec4 v0x563d4e529900_0, 0, 32;
    %jmp T_31.260;
T_31.259 ;
    %pushi/vec4 8, 0, 32;
    %pushi/vec4 0, 0, 30;
    %load/vec4 v0x563d4e642720_0;
    %concat/vec4; draw_concat_vec4
    %add;
    %store/vec4 v0x563d4e529900_0, 0, 32;
T_31.260 ;
T_31.256 ;
    %jmp T_31.254;
T_31.253 ;
    %load/vec4 v0x563d4e6476c0_0;
    %load/vec4 v0x563d4e657f80_0;
    %parti/s 1, 40, 7;
    %and;
    %flag_set/vec4 8;
    %jmp/0xz  T_31.261, 8;
    %load/vec4 v0x563d4e658060_0;
    %parti/s 1, 29, 6;
    %flag_set/vec4 8;
    %jmp/0xz  T_31.263, 8;
    %load/vec4 v0x563d4e6496e0_0;
    %parti/s 2, 11, 5;
    %store/vec4 v0x563d4e6427e0_0, 0, 2;
    %load/vec4 v0x563d4e6496e0_0;
    %parti/s 1, 7, 4;
    %ix/load 4, 3, 0;
    %flag_set/imm 4, 0;
    %store/vec4 v0x563d4e6496e0_0, 4, 1;
    %pushi/vec4 1, 0, 1;
    %ix/load 4, 7, 0;
    %flag_set/imm 4, 0;
    %store/vec4 v0x563d4e6496e0_0, 4, 1;
    %pushi/vec4 0, 0, 2;
    %ix/load 4, 11, 0;
    %flag_set/imm 4, 0;
    %store/vec4 v0x563d4e6496e0_0, 4, 2;
    %jmp T_31.264;
T_31.263 ;
    %load/vec4 v0x563d4e6496e0_0;
    %parti/s 1, 8, 5;
    %flag_set/vec4 8;
    %jmp/0 T_31.265, 8;
    %pushi/vec4 1, 0, 2;
    %jmp/1 T_31.266, 8;
T_31.265 ; End of true expr.
    %pushi/vec4 0, 0, 2;
    %jmp/0 T_31.266, 8;
 ; End of false expr.
    %blend;
T_31.266;
    %store/vec4 v0x563d4e6427e0_0, 0, 2;
    %load/vec4 v0x563d4e6496e0_0;
    %parti/s 1, 5, 4;
    %ix/load 4, 1, 0;
    %flag_set/imm 4, 0;
    %store/vec4 v0x563d4e6496e0_0, 4, 1;
    %pushi/vec4 1, 0, 1;
    %ix/load 4, 5, 0;
    %flag_set/imm 4, 0;
    %store/vec4 v0x563d4e6496e0_0, 4, 1;
    %pushi/vec4 0, 0, 1;
    %ix/load 4, 8, 0;
    %flag_set/imm 4, 0;
    %store/vec4 v0x563d4e6496e0_0, 4, 1;
T_31.264 ;
T_31.261 ;
T_31.254 ;
T_31.119 ;
T_31.75 ;
T_31.7 ;
    %load/vec4 v0x563d4e6567c0_0;
    %flag_set/vec4 8;
    %jmp/0xz  T_31.267, 8;
    %load/vec4 v0x563d4e648bc0_0;
    %parti/s 1, 9, 5;
    %flag_set/vec4 8;
    %jmp/0xz  T_31.269, 8;
    %pushi/vec4 1, 0, 1;
    %ix/load 4, 9, 0;
    %flag_set/imm 4, 0;
    %store/vec4 v0x563d4e64ba20_0, 4, 1;
    %jmp T_31.270;
T_31.269 ;
    %pushi/vec4 1, 0, 1;
    %ix/load 4, 11, 0;
    %flag_set/imm 4, 0;
    %store/vec4 v0x563d4e64ba20_0, 4, 1;
T_31.270 ;
T_31.267 ;
    %jmp T_31;
    .thread T_31, $push;
    .scope S_0x563d4e64aec0;
T_32 ;
    %wait E_0x563d4e22ccc0;
    %load/vec4 v0x563d4e6469a0_0;
    %flag_set/vec4 8;
    %jmp/0xz  T_32.0, 8;
    %pushi/vec4 0, 0, 32;
    %assign/vec4 v0x563d4e649d40_0, 0;
    %pushi/vec4 0, 0, 32;
    %assign/vec4 v0x563d4e649640_0, 0;
    %pushi/vec4 0, 0, 32;
    %assign/vec4 v0x563d4e529840_0, 0;
    %pushi/vec4 0, 0, 32;
    %assign/vec4 v0x563d4e64bcc0_0, 0;
    %pushi/vec4 0, 0, 32;
    %assign/vec4 v0x563d4e64b940_0, 0;
    %pushi/vec4 0, 0, 32;
    %assign/vec4 v0x563d4e64b240_0, 0;
    %pushi/vec4 3, 0, 2;
    %assign/vec4 v0x563d4e642720_0, 0;
    %pushi/vec4 0, 0, 32;
    %assign/vec4 v0x563d4e64ab40_0, 0;
    %pushi/vec4 0, 0, 32;
    %assign/vec4 v0x563d4e647dc0_0, 0;
    %pushi/vec4 0, 0, 32;
    %assign/vec4 v0x563d4e648840_0, 0;
    %pushi/vec4 0, 0, 32;
    %assign/vec4 v0x563d4e648bc0_0, 0;
    %pushi/vec4 0, 0, 32;
    %assign/vec4 v0x563d4e64c740_0, 0;
    %pushi/vec4 0, 0, 32;
    %assign/vec4 v0x563d4e657180_0, 0;
    %pushi/vec4 0, 0, 32;
    %assign/vec4 v0x563d4e64c3c0_0, 0;
    %pushi/vec4 0, 0, 32;
    %assign/vec4 v0x563d4e656e00_0, 0;
    %pushi/vec4 0, 0, 32;
    %assign/vec4 v0x563d4e64ca80_0, 0;
    %pushi/vec4 0, 0, 32;
    %assign/vec4 v0x563d4e64b5c0_0, 0;
    %jmp T_32.1;
T_32.0 ;
    %load/vec4 v0x563d4e649e20_0;
    %assign/vec4 v0x563d4e649d40_0, 0;
    %load/vec4 v0x563d4e6496e0_0;
    %assign/vec4 v0x563d4e649640_0, 0;
    %load/vec4 v0x563d4e529900_0;
    %assign/vec4 v0x563d4e529840_0, 0;
    %load/vec4 v0x563d4e64bda0_0;
    %assign/vec4 v0x563d4e64bcc0_0, 0;
    %load/vec4 v0x563d4e64ba20_0;
    %assign/vec4 v0x563d4e64b940_0, 0;
    %load/vec4 v0x563d4e64b320_0;
    %assign/vec4 v0x563d4e64b240_0, 0;
    %load/vec4 v0x563d4e6427e0_0;
    %assign/vec4 v0x563d4e642720_0, 0;
    %load/vec4 v0x563d4e64ac00_0;
    %assign/vec4 v0x563d4e64ab40_0, 0;
    %load/vec4 v0x563d4e647ea0_0;
    %assign/vec4 v0x563d4e647dc0_0, 0;
    %load/vec4 v0x563d4e648920_0;
    %assign/vec4 v0x563d4e648840_0, 0;
    %load/vec4 v0x563d4e648c80_0;
    %assign/vec4 v0x563d4e648bc0_0, 0;
    %load/vec4 v0x563d4e64c820_0;
    %assign/vec4 v0x563d4e64c740_0, 0;
    %load/vec4 v0x563d4e657240_0;
    %assign/vec4 v0x563d4e657180_0, 0;
    %load/vec4 v0x563d4e64c4a0_0;
    %assign/vec4 v0x563d4e64c3c0_0, 0;
    %load/vec4 v0x563d4e656ee0_0;
    %assign/vec4 v0x563d4e656e00_0, 0;
    %load/vec4 v0x563d4e64cb40_0;
    %assign/vec4 v0x563d4e64ca80_0, 0;
    %load/vec4 v0x563d4e64b6a0_0;
    %assign/vec4 v0x563d4e64b5c0_0, 0;
T_32.1 ;
    %jmp T_32;
    .thread T_32;
    .scope S_0x563d4e64aec0;
T_33 ;
    %wait E_0x563d4e22ccc0;
    %load/vec4 v0x563d4e6469a0_0;
    %flag_set/vec4 8;
    %jmp/0xz  T_33.0, 8;
    %pushi/vec4 0, 0, 1;
    %assign/vec4 v0x563d4e654840_0, 0;
    %pushi/vec4 0, 0, 5;
    %assign/vec4 v0x563d4e6544e0_0, 0;
    %pushi/vec4 0, 0, 32;
    %assign/vec4 v0x563d4e653de0_0, 0;
    %pushi/vec4 0, 0, 1;
    %assign/vec4 v0x563d4e654120_0, 0;
    %pushi/vec4 0, 0, 32;
    %assign/vec4 v0x563d4e647780_0, 0;
    %jmp T_33.1;
T_33.0 ;
    %load/vec4 v0x563d4e6476c0_0;
    %load/vec4 v0x563d4e647400_0;
    %inv;
    %and;
    %flag_set/vec4 8;
    %jmp/0xz  T_33.2, 8;
    %load/vec4 v0x563d4e647340_0;
    %load/vec4 v0x563d4e4b3620_0;
    %or;
    %assign/vec4 v0x563d4e654840_0, 0;
    %load/vec4 v0x563d4e6462a0_0;
    %assign/vec4 v0x563d4e6544e0_0, 0;
    %load/vec4 v0x563d4e6468c0_0;
    %assign/vec4 v0x563d4e653de0_0, 0;
    %load/vec4 v0x563d4e645be0_0;
    %assign/vec4 v0x563d4e647780_0, 0;
    %jmp T_33.3;
T_33.2 ;
    %pushi/vec4 0, 0, 1;
    %assign/vec4 v0x563d4e654840_0, 0;
T_33.3 ;
    %load/vec4 v0x563d4e6560c0_0;
    %load/vec4 v0x563d4e644160_0;
    %inv;
    %load/vec4 v0x563d4e6575c0_0;
    %and;
    %load/vec4 v0x563d4e656000_0;
    %or;
    %and;
    %load/vec4 v0x563d4e657880_0;
    %or;
    %load/vec4 v0x563d4e644860_0;
    %or;
    %assign/vec4 v0x563d4e654120_0, 0;
T_33.1 ;
    %jmp T_33;
    .thread T_33;
    .scope S_0x563d4e64aec0;
T_34 ;
    %wait E_0x563d4e214fd0;
    %pushi/vec4 0, 0, 1;
    %store/vec4 v0x563d4e6381c0_0, 0, 1;
    %pushi/vec4 0, 0, 32;
    %store/vec4 v0x563d4e6423c0_0, 0, 32;
    %load/vec4 v0x563d4e6575c0_0;
    %flag_set/vec4 8;
    %jmp/0xz  T_34.0, 8;
    %pushi/vec4 1, 0, 1;
    %store/vec4 v0x563d4e6381c0_0, 0, 1;
    %load/vec4 v0x563d4e642720_0;
    %cmpi/u 1, 0, 2;
    %flag_get/vec4 4;
    %flag_get/vec4 5;
    %or;
    %load/vec4 v0x563d4e644220_0;
    %and;
    %flag_set/vec4 8;
    %jmp/0xz  T_34.2, 8;
    %load/vec4 v0x563d4e657180_0;
    %store/vec4 v0x563d4e6423c0_0, 0, 32;
    %jmp T_34.3;
T_34.2 ;
    %load/vec4 v0x563d4e64bcc0_0;
    %store/vec4 v0x563d4e6423c0_0, 0, 32;
T_34.3 ;
    %jmp T_34.1;
T_34.0 ;
    %load/vec4 v0x563d4e656000_0;
    %flag_set/vec4 8;
    %jmp/0xz  T_34.4, 8;
    %pushi/vec4 1, 0, 1;
    %store/vec4 v0x563d4e6381c0_0, 0, 1;
    %load/vec4 v0x563d4e642720_0;
    %cmpi/u 1, 0, 2;
    %flag_get/vec4 4;
    %flag_get/vec4 5;
    %or;
    %load/vec4 v0x563d4e656700_0;
    %and;
    %flag_set/vec4 8;
    %jmp/0xz  T_34.6, 8;
    %load/vec4 v0x563d4e657180_0;
    %store/vec4 v0x563d4e6423c0_0, 0, 32;
    %jmp T_34.7;
T_34.6 ;
    %load/vec4 v0x563d4e64bcc0_0;
    %store/vec4 v0x563d4e6423c0_0, 0, 32;
T_34.7 ;
    %jmp T_34.5;
T_34.4 ;
    %load/vec4 v0x563d4e657f80_0;
    %parti/s 1, 38, 7;
    %flag_set/vec4 8;
    %jmp/0xz  T_34.8, 8;
    %load/vec4 v0x563d4e6476c0_0;
    %store/vec4 v0x563d4e6381c0_0, 0, 1;
    %load/vec4 v0x563d4e642720_0;
    %cmpi/u 1, 0, 2;
    %flag_get/vec4 4;
    %flag_get/vec4 5;
    %or;
    %load/vec4 v0x563d4e643ec0_0;
    %load/vec4 v0x563d4e648840_0;
    %and;
    %or/r;
    %and;
    %flag_set/vec4 8;
    %jmp/0xz  T_34.10, 8;
    %load/vec4 v0x563d4e657180_0;
    %store/vec4 v0x563d4e6423c0_0, 0, 32;
    %jmp T_34.11;
T_34.10 ;
    %load/vec4 v0x563d4e64bcc0_0;
    %store/vec4 v0x563d4e6423c0_0, 0, 32;
T_34.11 ;
    %jmp T_34.9;
T_34.8 ;
    %load/vec4 v0x563d4e657f80_0;
    %parti/s 1, 39, 7;
    %flag_set/vec4 8;
    %jmp/0xz  T_34.12, 8;
    %load/vec4 v0x563d4e6476c0_0;
    %store/vec4 v0x563d4e6381c0_0, 0, 1;
    %load/vec4 v0x563d4e642720_0;
    %cmpi/u 1, 0, 2;
    %flag_get/vec4 4;
    %flag_get/vec4 5;
    %or;
    %load/vec4 v0x563d4e643ec0_0;
    %load/vec4 v0x563d4e648840_0;
    %and;
    %or/r;
    %and;
    %flag_set/vec4 8;
    %jmp/0xz  T_34.14, 8;
    %load/vec4 v0x563d4e657180_0;
    %store/vec4 v0x563d4e6423c0_0, 0, 32;
    %jmp T_34.15;
T_34.14 ;
    %load/vec4 v0x563d4e64bcc0_0;
    %store/vec4 v0x563d4e6423c0_0, 0, 32;
T_34.15 ;
    %jmp T_34.13;
T_34.12 ;
    %load/vec4 v0x563d4e657f80_0;
    %parti/s 1, 40, 7;
    %flag_set/vec4 8;
    %jmp/0xz  T_34.16, 8;
    %load/vec4 v0x563d4e6476c0_0;
    %store/vec4 v0x563d4e6381c0_0, 0, 1;
    %load/vec4 v0x563d4e658060_0;
    %parti/s 1, 29, 6;
    %nor/r;
    %flag_set/vec4 8;
    %jmp/0xz  T_34.18, 8;
    %load/vec4 v0x563d4e64c740_0;
    %store/vec4 v0x563d4e6423c0_0, 0, 32;
    %jmp T_34.19;
T_34.18 ;
    %load/vec4 v0x563d4e649d40_0;
    %store/vec4 v0x563d4e6423c0_0, 0, 32;
T_34.19 ;
T_34.16 ;
T_34.13 ;
T_34.9 ;
T_34.5 ;
T_34.1 ;
    %jmp T_34;
    .thread T_34, $push;
    .scope S_0x563d4e64aec0;
T_35 ;
    %wait E_0x563d4e22ccc0;
    %load/vec4 v0x563d4e6469a0_0;
    %flag_set/vec4 8;
    %jmp/0xz  T_35.0, 8;
    %pushi/vec4 0, 0, 32;
    %assign/vec4 v0x563d4e638260_0, 0;
    %pushi/vec4 0, 0, 1;
    %assign/vec4 v0x563d4e637850_0, 0;
    %pushi/vec4 1, 0, 1;
    %assign/vec4 v0x563d4e646540_0, 0;
    %jmp T_35.1;
T_35.0 ;
    %load/vec4 v0x563d4e646540_0;
    %flag_set/vec4 8;
    %jmp/0xz  T_35.2, 8;
    %load/vec4 v0x563d4e646600_0;
    %assign/vec4 v0x563d4e638260_0, 0;
    %pushi/vec4 1, 0, 1;
    %assign/vec4 v0x563d4e637850_0, 0;
    %pushi/vec4 0, 0, 1;
    %assign/vec4 v0x563d4e646540_0, 0;
    %jmp T_35.3;
T_35.2 ;
    %load/vec4 v0x563d4e6423c0_0;
    %assign/vec4 v0x563d4e638260_0, 0;
    %load/vec4 v0x563d4e6381c0_0;
    %assign/vec4 v0x563d4e637850_0, 0;
T_35.3 ;
T_35.1 ;
    %jmp T_35;
    .thread T_35;
    .scope S_0x563d4e6a8120;
T_36 ;
    %wait E_0x563d4e22ccc0;
    %load/vec4 v0x563d4e6ab980_0;
    %flag_set/vec4 8;
    %jmp/0xz  T_36.0, 8;
    %pushi/vec4 0, 0, 1;
    %assign/vec4 v0x563d4e6aa840_0, 0;
    %jmp T_36.1;
T_36.0 ;
    %load/vec4 v0x563d4e6ab3c0_0;
    %load/vec4 v0x563d4e6abae0_0;
    %nor/r;
    %and;
    %flag_set/vec4 8;
    %jmp/0xz  T_36.2, 8;
    %load/vec4 v0x563d4e6aa900_0;
    %assign/vec4 v0x563d4e6aa840_0, 0;
    %jmp T_36.3;
T_36.2 ;
    %pushi/vec4 0, 0, 1;
    %assign/vec4 v0x563d4e6aa840_0, 0;
T_36.3 ;
T_36.1 ;
    %jmp T_36;
    .thread T_36;
    .scope S_0x563d4e6a8120;
T_37 ;
    %wait E_0x563d4e6a8570;
    %load/vec4 v0x563d4e6aab80_0;
    %parti/s 1, 49, 7;
    %flag_set/vec4 8;
    %jmp/0xz  T_37.0, 8;
    %load/vec4 v0x563d4e6aaf10_0;
    %parti/s 1, 31, 6;
    %load/vec4 v0x563d4e6aaf10_0;
    %concat/vec4; draw_concat_vec4
    %store/vec4 v0x563d4e6ab460_0, 0, 33;
    %jmp T_37.1;
T_37.0 ;
    %load/vec4 v0x563d4e6aab80_0;
    %parti/s 1, 48, 7;
    %flag_set/vec4 8;
    %jmp/0xz  T_37.2, 8;
    %load/vec4 v0x563d4e6aaf10_0;
    %parti/s 1, 31, 6;
    %load/vec4 v0x563d4e6aaf10_0;
    %concat/vec4; draw_concat_vec4
    %store/vec4 v0x563d4e6ab460_0, 0, 33;
    %jmp T_37.3;
T_37.2 ;
    %pushi/vec4 0, 0, 1;
    %load/vec4 v0x563d4e6aaf10_0;
    %concat/vec4; draw_concat_vec4
    %store/vec4 v0x563d4e6ab460_0, 0, 33;
T_37.3 ;
T_37.1 ;
    %jmp T_37;
    .thread T_37, $push;
    .scope S_0x563d4e6a8120;
T_38 ;
    %wait E_0x563d4e6a8510;
    %load/vec4 v0x563d4e6aab80_0;
    %parti/s 1, 49, 7;
    %flag_set/vec4 8;
    %jmp/0xz  T_38.0, 8;
    %pushi/vec4 0, 0, 1;
    %load/vec4 v0x563d4e6ab120_0;
    %concat/vec4; draw_concat_vec4
    %store/vec4 v0x563d4e6ab520_0, 0, 33;
    %jmp T_38.1;
T_38.0 ;
    %load/vec4 v0x563d4e6aab80_0;
    %parti/s 1, 48, 7;
    %flag_set/vec4 8;
    %jmp/0xz  T_38.2, 8;
    %load/vec4 v0x563d4e6ab120_0;
    %parti/s 1, 31, 6;
    %load/vec4 v0x563d4e6ab120_0;
    %concat/vec4; draw_concat_vec4
    %store/vec4 v0x563d4e6ab520_0, 0, 33;
    %jmp T_38.3;
T_38.2 ;
    %pushi/vec4 0, 0, 1;
    %load/vec4 v0x563d4e6ab120_0;
    %concat/vec4; draw_concat_vec4
    %store/vec4 v0x563d4e6ab520_0, 0, 33;
T_38.3 ;
T_38.1 ;
    %jmp T_38;
    .thread T_38, $push;
    .scope S_0x563d4e6a8120;
T_39 ;
    %wait E_0x563d4e6a84b0;
    %load/vec4 v0x563d4e6aaaa0_0;
    %parti/s 32, 0, 2;
    %store/vec4 v0x563d4e6ab8a0_0, 0, 32;
    %pushi/vec4 1, 0, 1;
    %dup/vec4;
    %load/vec4 v0x563d4e6aab80_0;
    %parti/s 1, 48, 7;
    %cmp/u;
    %jmp/1 T_39.0, 6;
    %dup/vec4;
    %load/vec4 v0x563d4e6aab80_0;
    %parti/s 1, 50, 7;
    %cmp/u;
    %jmp/1 T_39.1, 6;
    %dup/vec4;
    %load/vec4 v0x563d4e6aab80_0;
    %parti/s 1, 49, 7;
    %cmp/u;
    %jmp/1 T_39.2, 6;
    %dup/vec4;
    %load/vec4 v0x563d4e6aab80_0;
    %parti/s 1, 47, 7;
    %cmp/u;
    %jmp/1 T_39.3, 6;
    %jmp T_39.4;
T_39.0 ;
    %load/vec4 v0x563d4e6aaaa0_0;
    %parti/s 32, 32, 7;
    %store/vec4 v0x563d4e6ab8a0_0, 0, 32;
    %jmp T_39.4;
T_39.1 ;
    %load/vec4 v0x563d4e6aaaa0_0;
    %parti/s 32, 32, 7;
    %store/vec4 v0x563d4e6ab8a0_0, 0, 32;
    %jmp T_39.4;
T_39.2 ;
    %load/vec4 v0x563d4e6aaaa0_0;
    %parti/s 32, 32, 7;
    %store/vec4 v0x563d4e6ab8a0_0, 0, 32;
    %jmp T_39.4;
T_39.3 ;
    %load/vec4 v0x563d4e6aaaa0_0;
    %parti/s 32, 0, 2;
    %store/vec4 v0x563d4e6ab8a0_0, 0, 32;
    %jmp T_39.4;
T_39.4 ;
    %pop/vec4 1;
    %jmp T_39;
    .thread T_39, $push;
    .scope S_0x563d4e6a8120;
T_40 ;
    %wait E_0x563d4e22ccc0;
    %load/vec4 v0x563d4e6ab980_0;
    %flag_set/vec4 8;
    %jmp/0xz  T_40.0, 8;
    %pushi/vec4 0, 0, 32;
    %assign/vec4 v0x563d4e6aa9c0_0, 0;
    %jmp T_40.1;
T_40.0 ;
    %load/vec4 v0x563d4e6ab8a0_0;
    %assign/vec4 v0x563d4e6aa9c0_0, 0;
T_40.1 ;
    %jmp T_40;
    .thread T_40;
    .scope S_0x563d4e6a8120;
T_41 ;
    %wait E_0x563d4e22ccc0;
    %load/vec4 v0x563d4e6ab980_0;
    %flag_set/vec4 8;
    %jmp/0xz  T_41.0, 8;
    %pushi/vec4 0, 0, 1;
    %assign/vec4 v0x563d4e6aa060_0, 0;
    %pushi/vec4 0, 0, 32;
    %assign/vec4 v0x563d4e6aa5c0_0, 0;
    %pushi/vec4 0, 0, 63;
    %assign/vec4 v0x563d4e6aa6a0_0, 0;
    %pushi/vec4 0, 0, 1;
    %assign/vec4 v0x563d4e6aa780_0, 0;
    %pushi/vec4 0, 0, 32;
    %assign/vec4 v0x563d4e6ab6e0_0, 0;
    %pushi/vec4 0, 0, 32;
    %assign/vec4 v0x563d4e6ab600_0, 0;
    %pushi/vec4 0, 0, 1;
    %assign/vec4 v0x563d4e6aa1e0_0, 0;
    %jmp T_41.1;
T_41.0 ;
    %load/vec4 v0x563d4e6aa500_0;
    %flag_set/vec4 8;
    %jmp/0xz  T_41.2, 8;
    %pushi/vec4 1, 0, 1;
    %assign/vec4 v0x563d4e6aa060_0, 0;
    %load/vec4 v0x563d4e6aa2a0_0;
    %assign/vec4 v0x563d4e6aa1e0_0, 0;
    %load/vec4 v0x563d4e6aba20_0;
    %load/vec4 v0x563d4e6aaf10_0;
    %parti/s 1, 31, 6;
    %and;
    %flag_set/vec4 8;
    %jmp/0xz  T_41.4, 8;
    %load/vec4 v0x563d4e6aaf10_0;
    %inv;
    %pushi/vec4 1, 0, 32;
    %add;
    %assign/vec4 v0x563d4e6aa5c0_0, 0;
    %jmp T_41.5;
T_41.4 ;
    %load/vec4 v0x563d4e6aaf10_0;
    %assign/vec4 v0x563d4e6aa5c0_0, 0;
T_41.5 ;
    %load/vec4 v0x563d4e6aba20_0;
    %load/vec4 v0x563d4e6ab120_0;
    %parti/s 1, 31, 6;
    %and;
    %flag_set/vec4 8;
    %jmp/0xz  T_41.6, 8;
    %load/vec4 v0x563d4e6ab120_0;
    %inv;
    %pushi/vec4 1, 0, 32;
    %add;
    %concati/vec4 0, 0, 31;
    %assign/vec4 v0x563d4e6aa6a0_0, 0;
    %jmp T_41.7;
T_41.6 ;
    %load/vec4 v0x563d4e6ab120_0;
    %concati/vec4 0, 0, 31;
    %assign/vec4 v0x563d4e6aa6a0_0, 0;
T_41.7 ;
    %load/vec4 v0x563d4e6aab80_0;
    %parti/s 1, 51, 7;
    %load/vec4 v0x563d4e6aaf10_0;
    %parti/s 1, 31, 6;
    %load/vec4 v0x563d4e6ab120_0;
    %parti/s 1, 31, 6;
    %cmp/ne;
    %flag_get/vec4 4;
    %and;
    %load/vec4 v0x563d4e6ab120_0;
    %or/r;
    %and;
    %load/vec4 v0x563d4e6aab80_0;
    %parti/s 1, 53, 7;
    %load/vec4 v0x563d4e6aaf10_0;
    %parti/s 1, 31, 6;
    %and;
    %or;
    %assign/vec4 v0x563d4e6aa780_0, 0;
    %pushi/vec4 0, 0, 32;
    %assign/vec4 v0x563d4e6ab6e0_0, 0;
    %pushi/vec4 2147483648, 0, 32;
    %assign/vec4 v0x563d4e6ab600_0, 0;
    %jmp T_41.3;
T_41.2 ;
    %load/vec4 v0x563d4e6aa120_0;
    %flag_set/vec4 8;
    %jmp/0xz  T_41.8, 8;
    %pushi/vec4 0, 0, 1;
    %assign/vec4 v0x563d4e6aa060_0, 0;
    %jmp T_41.9;
T_41.8 ;
    %load/vec4 v0x563d4e6aa060_0;
    %flag_set/vec4 8;
    %jmp/0xz  T_41.10, 8;
    %load/vec4 v0x563d4e6aa6a0_0;
    %pushi/vec4 0, 0, 31;
    %load/vec4 v0x563d4e6aa5c0_0;
    %concat/vec4; draw_concat_vec4
    %cmp/u;
    %flag_or 5, 4;
    %jmp/0xz  T_41.12, 5;
    %load/vec4 v0x563d4e6aa5c0_0;
    %load/vec4 v0x563d4e6aa6a0_0;
    %parti/s 32, 0, 2;
    %sub;
    %assign/vec4 v0x563d4e6aa5c0_0, 0;
    %load/vec4 v0x563d4e6ab6e0_0;
    %load/vec4 v0x563d4e6ab600_0;
    %or;
    %assign/vec4 v0x563d4e6ab6e0_0, 0;
T_41.12 ;
    %pushi/vec4 0, 0, 1;
    %load/vec4 v0x563d4e6aa6a0_0;
    %parti/s 62, 1, 2;
    %concat/vec4; draw_concat_vec4
    %assign/vec4 v0x563d4e6aa6a0_0, 0;
    %pushi/vec4 0, 0, 1;
    %load/vec4 v0x563d4e6ab600_0;
    %parti/s 31, 1, 2;
    %concat/vec4; draw_concat_vec4
    %assign/vec4 v0x563d4e6ab600_0, 0;
T_41.10 ;
T_41.9 ;
T_41.3 ;
T_41.1 ;
    %jmp T_41;
    .thread T_41;
    .scope S_0x563d4e6a8120;
T_42 ;
    %wait E_0x563d4e6a8420;
    %pushi/vec4 0, 0, 32;
    %store/vec4 v0x563d4e6aa420_0, 0, 32;
    %load/vec4 v0x563d4e6aa1e0_0;
    %flag_set/vec4 8;
    %jmp/0xz  T_42.0, 8;
    %load/vec4 v0x563d4e6aa780_0;
    %flag_set/vec4 8;
    %jmp/0 T_42.2, 8;
    %load/vec4 v0x563d4e6ab6e0_0;
    %inv;
    %pushi/vec4 1, 0, 32;
    %add;
    %jmp/1 T_42.3, 8;
T_42.2 ; End of true expr.
    %load/vec4 v0x563d4e6ab6e0_0;
    %jmp/0 T_42.3, 8;
 ; End of false expr.
    %blend;
T_42.3;
    %store/vec4 v0x563d4e6aa420_0, 0, 32;
    %jmp T_42.1;
T_42.0 ;
    %load/vec4 v0x563d4e6aa780_0;
    %flag_set/vec4 8;
    %jmp/0 T_42.4, 8;
    %load/vec4 v0x563d4e6aa5c0_0;
    %inv;
    %pushi/vec4 1, 0, 32;
    %add;
    %jmp/1 T_42.5, 8;
T_42.4 ; End of true expr.
    %load/vec4 v0x563d4e6aa5c0_0;
    %jmp/0 T_42.5, 8;
 ; End of false expr.
    %blend;
T_42.5;
    %store/vec4 v0x563d4e6aa420_0, 0, 32;
T_42.1 ;
    %jmp T_42;
    .thread T_42, $push;
    .scope S_0x563d4e6a8120;
T_43 ;
    %wait E_0x563d4e22ccc0;
    %load/vec4 v0x563d4e6ab980_0;
    %flag_set/vec4 8;
    %jmp/0xz  T_43.0, 8;
    %pushi/vec4 0, 0, 5;
    %assign/vec4 v0x563d4e6ab7c0_0, 0;
    %jmp T_43.1;
T_43.0 ;
    %load/vec4 v0x563d4e6ab3c0_0;
    %load/vec4 v0x563d4e6aa360_0;
    %load/vec4 v0x563d4e6aa900_0;
    %or;
    %and;
    %load/vec4 v0x563d4e6abae0_0;
    %nor/r;
    %and;
    %flag_set/vec4 8;
    %jmp/0xz  T_43.2, 8;
    %load/vec4 v0x563d4e6ab270_0;
    %assign/vec4 v0x563d4e6ab7c0_0, 0;
    %jmp T_43.3;
T_43.2 ;
    %load/vec4 v0x563d4e6aa060_0;
    %nor/r;
    %flag_set/vec4 8;
    %jmp/0xz  T_43.4, 8;
    %pushi/vec4 0, 0, 5;
    %assign/vec4 v0x563d4e6ab7c0_0, 0;
T_43.4 ;
T_43.3 ;
T_43.1 ;
    %jmp T_43;
    .thread T_43;
    .scope S_0x563d4e6a8120;
T_44 ;
    %wait E_0x563d4e22ccc0;
    %load/vec4 v0x563d4e6ab980_0;
    %flag_set/vec4 8;
    %jmp/0xz  T_44.0, 8;
    %pushi/vec4 0, 0, 5;
    %assign/vec4 v0x563d4e6abbb0_0, 0;
    %jmp T_44.1;
T_44.0 ;
    %load/vec4 v0x563d4e6aa840_0;
    %flag_set/vec4 8;
    %jmp/0xz  T_44.2, 8;
    %load/vec4 v0x563d4e6ab7c0_0;
    %assign/vec4 v0x563d4e6abbb0_0, 0;
    %jmp T_44.3;
T_44.2 ;
    %load/vec4 v0x563d4e6aa120_0;
    %flag_set/vec4 8;
    %jmp/0xz  T_44.4, 8;
    %load/vec4 v0x563d4e6ab7c0_0;
    %assign/vec4 v0x563d4e6abbb0_0, 0;
    %jmp T_44.5;
T_44.4 ;
    %pushi/vec4 0, 0, 5;
    %assign/vec4 v0x563d4e6abbb0_0, 0;
T_44.5 ;
T_44.3 ;
T_44.1 ;
    %jmp T_44;
    .thread T_44;
    .scope S_0x563d4e6a8120;
T_45 ;
    %wait E_0x563d4e22ccc0;
    %load/vec4 v0x563d4e6ab980_0;
    %flag_set/vec4 8;
    %jmp/0xz  T_45.0, 8;
    %pushi/vec4 0, 0, 32;
    %assign/vec4 v0x563d4e6abc70_0, 0;
    %jmp T_45.1;
T_45.0 ;
    %load/vec4 v0x563d4e6aa120_0;
    %flag_set/vec4 8;
    %jmp/0xz  T_45.2, 8;
    %load/vec4 v0x563d4e6aa420_0;
    %assign/vec4 v0x563d4e6abc70_0, 0;
    %jmp T_45.3;
T_45.2 ;
    %load/vec4 v0x563d4e6aa9c0_0;
    %assign/vec4 v0x563d4e6abc70_0, 0;
T_45.3 ;
T_45.1 ;
    %jmp T_45;
    .thread T_45;
    .scope S_0x563d4e64a440;
T_46 ;
    %wait E_0x563d4e22ccc0;
    %load/vec4 v0x563d4e64e420_0;
    %flag_set/vec4 8;
    %jmp/0xz  T_46.0, 8;
    %pushi/vec4 0, 0, 32;
    %assign/vec4 v0x563d4e6502c0_0, 0;
    %pushi/vec4 0, 0, 32;
    %assign/vec4 v0x563d4e64f5a0_0, 0;
    %pushi/vec4 0, 0, 32;
    %assign/vec4 v0x563d4e64edc0_0, 0;
    %pushi/vec4 0, 0, 32;
    %assign/vec4 v0x563d4e64eea0_0, 0;
    %pushi/vec4 0, 0, 32;
    %assign/vec4 v0x563d4e64ea40_0, 0;
    %pushi/vec4 0, 0, 32;
    %assign/vec4 v0x563d4e64eb20_0, 0;
    %pushi/vec4 0, 0, 32;
    %assign/vec4 v0x563d4e64e6c0_0, 0;
    %pushi/vec4 0, 0, 32;
    %assign/vec4 v0x563d4e64e7a0_0, 0;
    %pushi/vec4 0, 0, 32;
    %assign/vec4 v0x563d4e64e340_0, 0;
    %pushi/vec4 0, 0, 32;
    %assign/vec4 v0x563d4e651a00_0, 0;
    %pushi/vec4 0, 0, 32;
    %assign/vec4 v0x563d4e651ae0_0, 0;
    %pushi/vec4 0, 0, 32;
    %assign/vec4 v0x563d4e6510c0_0, 0;
    %pushi/vec4 0, 0, 32;
    %assign/vec4 v0x563d4e6511a0_0, 0;
    %pushi/vec4 0, 0, 32;
    %assign/vec4 v0x563d4e650d40_0, 0;
    %pushi/vec4 0, 0, 32;
    %assign/vec4 v0x563d4e650e20_0, 0;
    %pushi/vec4 0, 0, 32;
    %assign/vec4 v0x563d4e6509c0_0, 0;
    %pushi/vec4 0, 0, 32;
    %assign/vec4 v0x563d4e650aa0_0, 0;
    %pushi/vec4 0, 0, 32;
    %assign/vec4 v0x563d4e650640_0, 0;
    %pushi/vec4 0, 0, 32;
    %assign/vec4 v0x563d4e650720_0, 0;
    %pushi/vec4 0, 0, 32;
    %assign/vec4 v0x563d4e6503a0_0, 0;
    %pushi/vec4 0, 0, 32;
    %assign/vec4 v0x563d4e642fe0_0, 0;
    %pushi/vec4 0, 0, 32;
    %assign/vec4 v0x563d4e6430c0_0, 0;
    %pushi/vec4 0, 0, 32;
    %assign/vec4 v0x563d4e64ff40_0, 0;
    %pushi/vec4 0, 0, 32;
    %assign/vec4 v0x563d4e650020_0, 0;
    %pushi/vec4 0, 0, 32;
    %assign/vec4 v0x563d4e64fbc0_0, 0;
    %pushi/vec4 0, 0, 32;
    %assign/vec4 v0x563d4e64fca0_0, 0;
    %pushi/vec4 0, 0, 32;
    %assign/vec4 v0x563d4e64f840_0, 0;
    %pushi/vec4 0, 0, 32;
    %assign/vec4 v0x563d4e64f920_0, 0;
    %pushi/vec4 0, 0, 32;
    %assign/vec4 v0x563d4e64f4c0_0, 0;
    %pushi/vec4 0, 0, 32;
    %assign/vec4 v0x563d4e64f140_0, 0;
    %pushi/vec4 0, 0, 32;
    %assign/vec4 v0x563d4e64f220_0, 0;
    %jmp T_46.1;
T_46.0 ;
    %load/vec4 v0x563d4e643360_0;
    %cmpi/e 1, 0, 5;
    %jmp/0xz  T_46.2, 4;
    %load/vec4 v0x563d4e643440_0;
    %assign/vec4 v0x563d4e6502c0_0, 0;
    %jmp T_46.3;
T_46.2 ;
    %load/vec4 v0x563d4e652480_0;
    %cmpi/e 1, 0, 5;
    %jmp/0xz  T_46.4, 4;
    %load/vec4 v0x563d4e652560_0;
    %assign/vec4 v0x563d4e6502c0_0, 0;
    %jmp T_46.5;
T_46.4 ;
    %load/vec4 v0x563d4e652100_0;
    %cmpi/e 1, 0, 5;
    %jmp/0xz  T_46.6, 4;
    %load/vec4 v0x563d4e6521e0_0;
    %assign/vec4 v0x563d4e6502c0_0, 0;
    %jmp T_46.7;
T_46.6 ;
    %load/vec4 v0x563d4e651d80_0;
    %cmpi/e 1, 0, 5;
    %jmp/0xz  T_46.8, 4;
    %load/vec4 v0x563d4e651e20_0;
    %assign/vec4 v0x563d4e6502c0_0, 0;
T_46.8 ;
T_46.7 ;
T_46.5 ;
T_46.3 ;
    %load/vec4 v0x563d4e643360_0;
    %cmpi/e 2, 0, 5;
    %jmp/0xz  T_46.10, 4;
    %load/vec4 v0x563d4e643440_0;
    %assign/vec4 v0x563d4e64f5a0_0, 0;
    %jmp T_46.11;
T_46.10 ;
    %load/vec4 v0x563d4e652480_0;
    %cmpi/e 2, 0, 5;
    %jmp/0xz  T_46.12, 4;
    %load/vec4 v0x563d4e652560_0;
    %assign/vec4 v0x563d4e64f5a0_0, 0;
    %jmp T_46.13;
T_46.12 ;
    %load/vec4 v0x563d4e652100_0;
    %cmpi/e 2, 0, 5;
    %jmp/0xz  T_46.14, 4;
    %load/vec4 v0x563d4e6521e0_0;
    %assign/vec4 v0x563d4e64f5a0_0, 0;
    %jmp T_46.15;
T_46.14 ;
    %load/vec4 v0x563d4e651d80_0;
    %cmpi/e 2, 0, 5;
    %jmp/0xz  T_46.16, 4;
    %load/vec4 v0x563d4e651e20_0;
    %assign/vec4 v0x563d4e64f5a0_0, 0;
T_46.16 ;
T_46.15 ;
T_46.13 ;
T_46.11 ;
    %load/vec4 v0x563d4e643360_0;
    %cmpi/e 3, 0, 5;
    %jmp/0xz  T_46.18, 4;
    %load/vec4 v0x563d4e643440_0;
    %assign/vec4 v0x563d4e64edc0_0, 0;
    %jmp T_46.19;
T_46.18 ;
    %load/vec4 v0x563d4e652480_0;
    %cmpi/e 3, 0, 5;
    %jmp/0xz  T_46.20, 4;
    %load/vec4 v0x563d4e652560_0;
    %assign/vec4 v0x563d4e64edc0_0, 0;
    %jmp T_46.21;
T_46.20 ;
    %load/vec4 v0x563d4e652100_0;
    %cmpi/e 3, 0, 5;
    %jmp/0xz  T_46.22, 4;
    %load/vec4 v0x563d4e6521e0_0;
    %assign/vec4 v0x563d4e64edc0_0, 0;
    %jmp T_46.23;
T_46.22 ;
    %load/vec4 v0x563d4e651d80_0;
    %cmpi/e 3, 0, 5;
    %jmp/0xz  T_46.24, 4;
    %load/vec4 v0x563d4e651e20_0;
    %assign/vec4 v0x563d4e64edc0_0, 0;
T_46.24 ;
T_46.23 ;
T_46.21 ;
T_46.19 ;
    %load/vec4 v0x563d4e643360_0;
    %cmpi/e 4, 0, 5;
    %jmp/0xz  T_46.26, 4;
    %load/vec4 v0x563d4e643440_0;
    %assign/vec4 v0x563d4e64eea0_0, 0;
    %jmp T_46.27;
T_46.26 ;
    %load/vec4 v0x563d4e652480_0;
    %cmpi/e 4, 0, 5;
    %jmp/0xz  T_46.28, 4;
    %load/vec4 v0x563d4e652560_0;
    %assign/vec4 v0x563d4e64eea0_0, 0;
    %jmp T_46.29;
T_46.28 ;
    %load/vec4 v0x563d4e652100_0;
    %cmpi/e 4, 0, 5;
    %jmp/0xz  T_46.30, 4;
    %load/vec4 v0x563d4e6521e0_0;
    %assign/vec4 v0x563d4e64eea0_0, 0;
    %jmp T_46.31;
T_46.30 ;
    %load/vec4 v0x563d4e651d80_0;
    %cmpi/e 4, 0, 5;
    %jmp/0xz  T_46.32, 4;
    %load/vec4 v0x563d4e651e20_0;
    %assign/vec4 v0x563d4e64eea0_0, 0;
T_46.32 ;
T_46.31 ;
T_46.29 ;
T_46.27 ;
    %load/vec4 v0x563d4e643360_0;
    %cmpi/e 5, 0, 5;
    %jmp/0xz  T_46.34, 4;
    %load/vec4 v0x563d4e643440_0;
    %assign/vec4 v0x563d4e64ea40_0, 0;
    %jmp T_46.35;
T_46.34 ;
    %load/vec4 v0x563d4e652480_0;
    %cmpi/e 5, 0, 5;
    %jmp/0xz  T_46.36, 4;
    %load/vec4 v0x563d4e652560_0;
    %assign/vec4 v0x563d4e64ea40_0, 0;
    %jmp T_46.37;
T_46.36 ;
    %load/vec4 v0x563d4e652100_0;
    %cmpi/e 5, 0, 5;
    %jmp/0xz  T_46.38, 4;
    %load/vec4 v0x563d4e6521e0_0;
    %assign/vec4 v0x563d4e64ea40_0, 0;
    %jmp T_46.39;
T_46.38 ;
    %load/vec4 v0x563d4e651d80_0;
    %cmpi/e 5, 0, 5;
    %jmp/0xz  T_46.40, 4;
    %load/vec4 v0x563d4e651e20_0;
    %assign/vec4 v0x563d4e64ea40_0, 0;
T_46.40 ;
T_46.39 ;
T_46.37 ;
T_46.35 ;
    %load/vec4 v0x563d4e643360_0;
    %cmpi/e 6, 0, 5;
    %jmp/0xz  T_46.42, 4;
    %load/vec4 v0x563d4e643440_0;
    %assign/vec4 v0x563d4e64eb20_0, 0;
    %jmp T_46.43;
T_46.42 ;
    %load/vec4 v0x563d4e652480_0;
    %cmpi/e 6, 0, 5;
    %jmp/0xz  T_46.44, 4;
    %load/vec4 v0x563d4e652560_0;
    %assign/vec4 v0x563d4e64eb20_0, 0;
    %jmp T_46.45;
T_46.44 ;
    %load/vec4 v0x563d4e652100_0;
    %cmpi/e 6, 0, 5;
    %jmp/0xz  T_46.46, 4;
    %load/vec4 v0x563d4e6521e0_0;
    %assign/vec4 v0x563d4e64eb20_0, 0;
    %jmp T_46.47;
T_46.46 ;
    %load/vec4 v0x563d4e651d80_0;
    %cmpi/e 6, 0, 5;
    %jmp/0xz  T_46.48, 4;
    %load/vec4 v0x563d4e651e20_0;
    %assign/vec4 v0x563d4e64eb20_0, 0;
T_46.48 ;
T_46.47 ;
T_46.45 ;
T_46.43 ;
    %load/vec4 v0x563d4e643360_0;
    %cmpi/e 7, 0, 5;
    %jmp/0xz  T_46.50, 4;
    %load/vec4 v0x563d4e643440_0;
    %assign/vec4 v0x563d4e64e6c0_0, 0;
    %jmp T_46.51;
T_46.50 ;
    %load/vec4 v0x563d4e652480_0;
    %cmpi/e 7, 0, 5;
    %jmp/0xz  T_46.52, 4;
    %load/vec4 v0x563d4e652560_0;
    %assign/vec4 v0x563d4e64e6c0_0, 0;
    %jmp T_46.53;
T_46.52 ;
    %load/vec4 v0x563d4e652100_0;
    %cmpi/e 7, 0, 5;
    %jmp/0xz  T_46.54, 4;
    %load/vec4 v0x563d4e6521e0_0;
    %assign/vec4 v0x563d4e64e6c0_0, 0;
    %jmp T_46.55;
T_46.54 ;
    %load/vec4 v0x563d4e651d80_0;
    %cmpi/e 7, 0, 5;
    %jmp/0xz  T_46.56, 4;
    %load/vec4 v0x563d4e651e20_0;
    %assign/vec4 v0x563d4e64e6c0_0, 0;
T_46.56 ;
T_46.55 ;
T_46.53 ;
T_46.51 ;
    %load/vec4 v0x563d4e643360_0;
    %cmpi/e 8, 0, 5;
    %jmp/0xz  T_46.58, 4;
    %load/vec4 v0x563d4e643440_0;
    %assign/vec4 v0x563d4e64e7a0_0, 0;
    %jmp T_46.59;
T_46.58 ;
    %load/vec4 v0x563d4e652480_0;
    %cmpi/e 8, 0, 5;
    %jmp/0xz  T_46.60, 4;
    %load/vec4 v0x563d4e652560_0;
    %assign/vec4 v0x563d4e64e7a0_0, 0;
    %jmp T_46.61;
T_46.60 ;
    %load/vec4 v0x563d4e652100_0;
    %cmpi/e 8, 0, 5;
    %jmp/0xz  T_46.62, 4;
    %load/vec4 v0x563d4e6521e0_0;
    %assign/vec4 v0x563d4e64e7a0_0, 0;
    %jmp T_46.63;
T_46.62 ;
    %load/vec4 v0x563d4e651d80_0;
    %cmpi/e 8, 0, 5;
    %jmp/0xz  T_46.64, 4;
    %load/vec4 v0x563d4e651e20_0;
    %assign/vec4 v0x563d4e64e7a0_0, 0;
T_46.64 ;
T_46.63 ;
T_46.61 ;
T_46.59 ;
    %load/vec4 v0x563d4e643360_0;
    %cmpi/e 9, 0, 5;
    %jmp/0xz  T_46.66, 4;
    %load/vec4 v0x563d4e643440_0;
    %assign/vec4 v0x563d4e64e340_0, 0;
    %jmp T_46.67;
T_46.66 ;
    %load/vec4 v0x563d4e652480_0;
    %cmpi/e 9, 0, 5;
    %jmp/0xz  T_46.68, 4;
    %load/vec4 v0x563d4e652560_0;
    %assign/vec4 v0x563d4e64e340_0, 0;
    %jmp T_46.69;
T_46.68 ;
    %load/vec4 v0x563d4e652100_0;
    %cmpi/e 9, 0, 5;
    %jmp/0xz  T_46.70, 4;
    %load/vec4 v0x563d4e6521e0_0;
    %assign/vec4 v0x563d4e64e340_0, 0;
    %jmp T_46.71;
T_46.70 ;
    %load/vec4 v0x563d4e651d80_0;
    %cmpi/e 9, 0, 5;
    %jmp/0xz  T_46.72, 4;
    %load/vec4 v0x563d4e651e20_0;
    %assign/vec4 v0x563d4e64e340_0, 0;
T_46.72 ;
T_46.71 ;
T_46.69 ;
T_46.67 ;
    %load/vec4 v0x563d4e643360_0;
    %cmpi/e 10, 0, 5;
    %jmp/0xz  T_46.74, 4;
    %load/vec4 v0x563d4e643440_0;
    %assign/vec4 v0x563d4e651a00_0, 0;
    %jmp T_46.75;
T_46.74 ;
    %load/vec4 v0x563d4e652480_0;
    %cmpi/e 10, 0, 5;
    %jmp/0xz  T_46.76, 4;
    %load/vec4 v0x563d4e652560_0;
    %assign/vec4 v0x563d4e651a00_0, 0;
    %jmp T_46.77;
T_46.76 ;
    %load/vec4 v0x563d4e652100_0;
    %cmpi/e 10, 0, 5;
    %jmp/0xz  T_46.78, 4;
    %load/vec4 v0x563d4e6521e0_0;
    %assign/vec4 v0x563d4e651a00_0, 0;
    %jmp T_46.79;
T_46.78 ;
    %load/vec4 v0x563d4e651d80_0;
    %cmpi/e 10, 0, 5;
    %jmp/0xz  T_46.80, 4;
    %load/vec4 v0x563d4e651e20_0;
    %assign/vec4 v0x563d4e651a00_0, 0;
T_46.80 ;
T_46.79 ;
T_46.77 ;
T_46.75 ;
    %load/vec4 v0x563d4e643360_0;
    %cmpi/e 11, 0, 5;
    %jmp/0xz  T_46.82, 4;
    %load/vec4 v0x563d4e643440_0;
    %assign/vec4 v0x563d4e651ae0_0, 0;
    %jmp T_46.83;
T_46.82 ;
    %load/vec4 v0x563d4e652480_0;
    %cmpi/e 11, 0, 5;
    %jmp/0xz  T_46.84, 4;
    %load/vec4 v0x563d4e652560_0;
    %assign/vec4 v0x563d4e651ae0_0, 0;
    %jmp T_46.85;
T_46.84 ;
    %load/vec4 v0x563d4e652100_0;
    %cmpi/e 11, 0, 5;
    %jmp/0xz  T_46.86, 4;
    %load/vec4 v0x563d4e6521e0_0;
    %assign/vec4 v0x563d4e651ae0_0, 0;
    %jmp T_46.87;
T_46.86 ;
    %load/vec4 v0x563d4e651d80_0;
    %cmpi/e 11, 0, 5;
    %jmp/0xz  T_46.88, 4;
    %load/vec4 v0x563d4e651e20_0;
    %assign/vec4 v0x563d4e651ae0_0, 0;
T_46.88 ;
T_46.87 ;
T_46.85 ;
T_46.83 ;
    %load/vec4 v0x563d4e643360_0;
    %cmpi/e 12, 0, 5;
    %jmp/0xz  T_46.90, 4;
    %load/vec4 v0x563d4e643440_0;
    %assign/vec4 v0x563d4e6510c0_0, 0;
    %jmp T_46.91;
T_46.90 ;
    %load/vec4 v0x563d4e652480_0;
    %cmpi/e 12, 0, 5;
    %jmp/0xz  T_46.92, 4;
    %load/vec4 v0x563d4e652560_0;
    %assign/vec4 v0x563d4e6510c0_0, 0;
    %jmp T_46.93;
T_46.92 ;
    %load/vec4 v0x563d4e652100_0;
    %cmpi/e 12, 0, 5;
    %jmp/0xz  T_46.94, 4;
    %load/vec4 v0x563d4e6521e0_0;
    %assign/vec4 v0x563d4e6510c0_0, 0;
    %jmp T_46.95;
T_46.94 ;
    %load/vec4 v0x563d4e651d80_0;
    %cmpi/e 12, 0, 5;
    %jmp/0xz  T_46.96, 4;
    %load/vec4 v0x563d4e651e20_0;
    %assign/vec4 v0x563d4e6510c0_0, 0;
T_46.96 ;
T_46.95 ;
T_46.93 ;
T_46.91 ;
    %load/vec4 v0x563d4e643360_0;
    %cmpi/e 13, 0, 5;
    %jmp/0xz  T_46.98, 4;
    %load/vec4 v0x563d4e643440_0;
    %assign/vec4 v0x563d4e6511a0_0, 0;
    %jmp T_46.99;
T_46.98 ;
    %load/vec4 v0x563d4e652480_0;
    %cmpi/e 13, 0, 5;
    %jmp/0xz  T_46.100, 4;
    %load/vec4 v0x563d4e652560_0;
    %assign/vec4 v0x563d4e6511a0_0, 0;
    %jmp T_46.101;
T_46.100 ;
    %load/vec4 v0x563d4e652100_0;
    %cmpi/e 13, 0, 5;
    %jmp/0xz  T_46.102, 4;
    %load/vec4 v0x563d4e6521e0_0;
    %assign/vec4 v0x563d4e6511a0_0, 0;
    %jmp T_46.103;
T_46.102 ;
    %load/vec4 v0x563d4e651d80_0;
    %cmpi/e 13, 0, 5;
    %jmp/0xz  T_46.104, 4;
    %load/vec4 v0x563d4e651e20_0;
    %assign/vec4 v0x563d4e6511a0_0, 0;
T_46.104 ;
T_46.103 ;
T_46.101 ;
T_46.99 ;
    %load/vec4 v0x563d4e643360_0;
    %cmpi/e 14, 0, 5;
    %jmp/0xz  T_46.106, 4;
    %load/vec4 v0x563d4e643440_0;
    %assign/vec4 v0x563d4e650d40_0, 0;
    %jmp T_46.107;
T_46.106 ;
    %load/vec4 v0x563d4e652480_0;
    %cmpi/e 14, 0, 5;
    %jmp/0xz  T_46.108, 4;
    %load/vec4 v0x563d4e652560_0;
    %assign/vec4 v0x563d4e650d40_0, 0;
    %jmp T_46.109;
T_46.108 ;
    %load/vec4 v0x563d4e652100_0;
    %cmpi/e 14, 0, 5;
    %jmp/0xz  T_46.110, 4;
    %load/vec4 v0x563d4e6521e0_0;
    %assign/vec4 v0x563d4e650d40_0, 0;
    %jmp T_46.111;
T_46.110 ;
    %load/vec4 v0x563d4e651d80_0;
    %cmpi/e 14, 0, 5;
    %jmp/0xz  T_46.112, 4;
    %load/vec4 v0x563d4e651e20_0;
    %assign/vec4 v0x563d4e650d40_0, 0;
T_46.112 ;
T_46.111 ;
T_46.109 ;
T_46.107 ;
    %load/vec4 v0x563d4e643360_0;
    %cmpi/e 15, 0, 5;
    %jmp/0xz  T_46.114, 4;
    %load/vec4 v0x563d4e643440_0;
    %assign/vec4 v0x563d4e650e20_0, 0;
    %jmp T_46.115;
T_46.114 ;
    %load/vec4 v0x563d4e652480_0;
    %cmpi/e 15, 0, 5;
    %jmp/0xz  T_46.116, 4;
    %load/vec4 v0x563d4e652560_0;
    %assign/vec4 v0x563d4e650e20_0, 0;
    %jmp T_46.117;
T_46.116 ;
    %load/vec4 v0x563d4e652100_0;
    %cmpi/e 15, 0, 5;
    %jmp/0xz  T_46.118, 4;
    %load/vec4 v0x563d4e6521e0_0;
    %assign/vec4 v0x563d4e650e20_0, 0;
    %jmp T_46.119;
T_46.118 ;
    %load/vec4 v0x563d4e651d80_0;
    %cmpi/e 15, 0, 5;
    %jmp/0xz  T_46.120, 4;
    %load/vec4 v0x563d4e651e20_0;
    %assign/vec4 v0x563d4e650e20_0, 0;
T_46.120 ;
T_46.119 ;
T_46.117 ;
T_46.115 ;
    %load/vec4 v0x563d4e643360_0;
    %cmpi/e 16, 0, 5;
    %jmp/0xz  T_46.122, 4;
    %load/vec4 v0x563d4e643440_0;
    %assign/vec4 v0x563d4e6509c0_0, 0;
    %jmp T_46.123;
T_46.122 ;
    %load/vec4 v0x563d4e652480_0;
    %cmpi/e 16, 0, 5;
    %jmp/0xz  T_46.124, 4;
    %load/vec4 v0x563d4e652560_0;
    %assign/vec4 v0x563d4e6509c0_0, 0;
    %jmp T_46.125;
T_46.124 ;
    %load/vec4 v0x563d4e652100_0;
    %cmpi/e 16, 0, 5;
    %jmp/0xz  T_46.126, 4;
    %load/vec4 v0x563d4e6521e0_0;
    %assign/vec4 v0x563d4e6509c0_0, 0;
    %jmp T_46.127;
T_46.126 ;
    %load/vec4 v0x563d4e651d80_0;
    %cmpi/e 16, 0, 5;
    %jmp/0xz  T_46.128, 4;
    %load/vec4 v0x563d4e651e20_0;
    %assign/vec4 v0x563d4e6509c0_0, 0;
T_46.128 ;
T_46.127 ;
T_46.125 ;
T_46.123 ;
    %load/vec4 v0x563d4e643360_0;
    %cmpi/e 17, 0, 5;
    %jmp/0xz  T_46.130, 4;
    %load/vec4 v0x563d4e643440_0;
    %assign/vec4 v0x563d4e650aa0_0, 0;
    %jmp T_46.131;
T_46.130 ;
    %load/vec4 v0x563d4e652480_0;
    %cmpi/e 17, 0, 5;
    %jmp/0xz  T_46.132, 4;
    %load/vec4 v0x563d4e652560_0;
    %assign/vec4 v0x563d4e650aa0_0, 0;
    %jmp T_46.133;
T_46.132 ;
    %load/vec4 v0x563d4e652100_0;
    %cmpi/e 17, 0, 5;
    %jmp/0xz  T_46.134, 4;
    %load/vec4 v0x563d4e6521e0_0;
    %assign/vec4 v0x563d4e650aa0_0, 0;
    %jmp T_46.135;
T_46.134 ;
    %load/vec4 v0x563d4e651d80_0;
    %cmpi/e 17, 0, 5;
    %jmp/0xz  T_46.136, 4;
    %load/vec4 v0x563d4e651e20_0;
    %assign/vec4 v0x563d4e650aa0_0, 0;
T_46.136 ;
T_46.135 ;
T_46.133 ;
T_46.131 ;
    %load/vec4 v0x563d4e643360_0;
    %cmpi/e 18, 0, 5;
    %jmp/0xz  T_46.138, 4;
    %load/vec4 v0x563d4e643440_0;
    %assign/vec4 v0x563d4e650640_0, 0;
    %jmp T_46.139;
T_46.138 ;
    %load/vec4 v0x563d4e652480_0;
    %cmpi/e 18, 0, 5;
    %jmp/0xz  T_46.140, 4;
    %load/vec4 v0x563d4e652560_0;
    %assign/vec4 v0x563d4e650640_0, 0;
    %jmp T_46.141;
T_46.140 ;
    %load/vec4 v0x563d4e652100_0;
    %cmpi/e 18, 0, 5;
    %jmp/0xz  T_46.142, 4;
    %load/vec4 v0x563d4e6521e0_0;
    %assign/vec4 v0x563d4e650640_0, 0;
    %jmp T_46.143;
T_46.142 ;
    %load/vec4 v0x563d4e651d80_0;
    %cmpi/e 18, 0, 5;
    %jmp/0xz  T_46.144, 4;
    %load/vec4 v0x563d4e651e20_0;
    %assign/vec4 v0x563d4e650640_0, 0;
T_46.144 ;
T_46.143 ;
T_46.141 ;
T_46.139 ;
    %load/vec4 v0x563d4e643360_0;
    %cmpi/e 19, 0, 5;
    %jmp/0xz  T_46.146, 4;
    %load/vec4 v0x563d4e643440_0;
    %assign/vec4 v0x563d4e650720_0, 0;
    %jmp T_46.147;
T_46.146 ;
    %load/vec4 v0x563d4e652480_0;
    %cmpi/e 19, 0, 5;
    %jmp/0xz  T_46.148, 4;
    %load/vec4 v0x563d4e652560_0;
    %assign/vec4 v0x563d4e650720_0, 0;
    %jmp T_46.149;
T_46.148 ;
    %load/vec4 v0x563d4e652100_0;
    %cmpi/e 19, 0, 5;
    %jmp/0xz  T_46.150, 4;
    %load/vec4 v0x563d4e6521e0_0;
    %assign/vec4 v0x563d4e650720_0, 0;
    %jmp T_46.151;
T_46.150 ;
    %load/vec4 v0x563d4e651d80_0;
    %cmpi/e 19, 0, 5;
    %jmp/0xz  T_46.152, 4;
    %load/vec4 v0x563d4e651e20_0;
    %assign/vec4 v0x563d4e650720_0, 0;
T_46.152 ;
T_46.151 ;
T_46.149 ;
T_46.147 ;
    %load/vec4 v0x563d4e643360_0;
    %cmpi/e 20, 0, 5;
    %jmp/0xz  T_46.154, 4;
    %load/vec4 v0x563d4e643440_0;
    %assign/vec4 v0x563d4e6503a0_0, 0;
    %jmp T_46.155;
T_46.154 ;
    %load/vec4 v0x563d4e652480_0;
    %cmpi/e 20, 0, 5;
    %jmp/0xz  T_46.156, 4;
    %load/vec4 v0x563d4e652560_0;
    %assign/vec4 v0x563d4e6503a0_0, 0;
    %jmp T_46.157;
T_46.156 ;
    %load/vec4 v0x563d4e652100_0;
    %cmpi/e 20, 0, 5;
    %jmp/0xz  T_46.158, 4;
    %load/vec4 v0x563d4e6521e0_0;
    %assign/vec4 v0x563d4e6503a0_0, 0;
    %jmp T_46.159;
T_46.158 ;
    %load/vec4 v0x563d4e651d80_0;
    %cmpi/e 20, 0, 5;
    %jmp/0xz  T_46.160, 4;
    %load/vec4 v0x563d4e651e20_0;
    %assign/vec4 v0x563d4e6503a0_0, 0;
T_46.160 ;
T_46.159 ;
T_46.157 ;
T_46.155 ;
    %load/vec4 v0x563d4e643360_0;
    %cmpi/e 21, 0, 5;
    %jmp/0xz  T_46.162, 4;
    %load/vec4 v0x563d4e643440_0;
    %assign/vec4 v0x563d4e642fe0_0, 0;
    %jmp T_46.163;
T_46.162 ;
    %load/vec4 v0x563d4e652480_0;
    %cmpi/e 21, 0, 5;
    %jmp/0xz  T_46.164, 4;
    %load/vec4 v0x563d4e652560_0;
    %assign/vec4 v0x563d4e642fe0_0, 0;
    %jmp T_46.165;
T_46.164 ;
    %load/vec4 v0x563d4e652100_0;
    %cmpi/e 21, 0, 5;
    %jmp/0xz  T_46.166, 4;
    %load/vec4 v0x563d4e6521e0_0;
    %assign/vec4 v0x563d4e642fe0_0, 0;
    %jmp T_46.167;
T_46.166 ;
    %load/vec4 v0x563d4e651d80_0;
    %cmpi/e 21, 0, 5;
    %jmp/0xz  T_46.168, 4;
    %load/vec4 v0x563d4e651e20_0;
    %assign/vec4 v0x563d4e642fe0_0, 0;
T_46.168 ;
T_46.167 ;
T_46.165 ;
T_46.163 ;
    %load/vec4 v0x563d4e643360_0;
    %cmpi/e 22, 0, 5;
    %jmp/0xz  T_46.170, 4;
    %load/vec4 v0x563d4e643440_0;
    %assign/vec4 v0x563d4e6430c0_0, 0;
    %jmp T_46.171;
T_46.170 ;
    %load/vec4 v0x563d4e652480_0;
    %cmpi/e 22, 0, 5;
    %jmp/0xz  T_46.172, 4;
    %load/vec4 v0x563d4e652560_0;
    %assign/vec4 v0x563d4e6430c0_0, 0;
    %jmp T_46.173;
T_46.172 ;
    %load/vec4 v0x563d4e652100_0;
    %cmpi/e 22, 0, 5;
    %jmp/0xz  T_46.174, 4;
    %load/vec4 v0x563d4e6521e0_0;
    %assign/vec4 v0x563d4e6430c0_0, 0;
    %jmp T_46.175;
T_46.174 ;
    %load/vec4 v0x563d4e651d80_0;
    %cmpi/e 22, 0, 5;
    %jmp/0xz  T_46.176, 4;
    %load/vec4 v0x563d4e651e20_0;
    %assign/vec4 v0x563d4e6430c0_0, 0;
T_46.176 ;
T_46.175 ;
T_46.173 ;
T_46.171 ;
    %load/vec4 v0x563d4e643360_0;
    %cmpi/e 23, 0, 5;
    %jmp/0xz  T_46.178, 4;
    %load/vec4 v0x563d4e643440_0;
    %assign/vec4 v0x563d4e64ff40_0, 0;
    %jmp T_46.179;
T_46.178 ;
    %load/vec4 v0x563d4e652480_0;
    %cmpi/e 23, 0, 5;
    %jmp/0xz  T_46.180, 4;
    %load/vec4 v0x563d4e652560_0;
    %assign/vec4 v0x563d4e64ff40_0, 0;
    %jmp T_46.181;
T_46.180 ;
    %load/vec4 v0x563d4e652100_0;
    %cmpi/e 23, 0, 5;
    %jmp/0xz  T_46.182, 4;
    %load/vec4 v0x563d4e6521e0_0;
    %assign/vec4 v0x563d4e64ff40_0, 0;
    %jmp T_46.183;
T_46.182 ;
    %load/vec4 v0x563d4e651d80_0;
    %cmpi/e 23, 0, 5;
    %jmp/0xz  T_46.184, 4;
    %load/vec4 v0x563d4e651e20_0;
    %assign/vec4 v0x563d4e64ff40_0, 0;
T_46.184 ;
T_46.183 ;
T_46.181 ;
T_46.179 ;
    %load/vec4 v0x563d4e643360_0;
    %cmpi/e 24, 0, 5;
    %jmp/0xz  T_46.186, 4;
    %load/vec4 v0x563d4e643440_0;
    %assign/vec4 v0x563d4e650020_0, 0;
    %jmp T_46.187;
T_46.186 ;
    %load/vec4 v0x563d4e652480_0;
    %cmpi/e 24, 0, 5;
    %jmp/0xz  T_46.188, 4;
    %load/vec4 v0x563d4e652560_0;
    %assign/vec4 v0x563d4e650020_0, 0;
    %jmp T_46.189;
T_46.188 ;
    %load/vec4 v0x563d4e652100_0;
    %cmpi/e 24, 0, 5;
    %jmp/0xz  T_46.190, 4;
    %load/vec4 v0x563d4e6521e0_0;
    %assign/vec4 v0x563d4e650020_0, 0;
    %jmp T_46.191;
T_46.190 ;
    %load/vec4 v0x563d4e651d80_0;
    %cmpi/e 24, 0, 5;
    %jmp/0xz  T_46.192, 4;
    %load/vec4 v0x563d4e651e20_0;
    %assign/vec4 v0x563d4e650020_0, 0;
T_46.192 ;
T_46.191 ;
T_46.189 ;
T_46.187 ;
    %load/vec4 v0x563d4e643360_0;
    %cmpi/e 25, 0, 5;
    %jmp/0xz  T_46.194, 4;
    %load/vec4 v0x563d4e643440_0;
    %assign/vec4 v0x563d4e64fbc0_0, 0;
    %jmp T_46.195;
T_46.194 ;
    %load/vec4 v0x563d4e652480_0;
    %cmpi/e 25, 0, 5;
    %jmp/0xz  T_46.196, 4;
    %load/vec4 v0x563d4e652560_0;
    %assign/vec4 v0x563d4e64fbc0_0, 0;
    %jmp T_46.197;
T_46.196 ;
    %load/vec4 v0x563d4e652100_0;
    %cmpi/e 25, 0, 5;
    %jmp/0xz  T_46.198, 4;
    %load/vec4 v0x563d4e6521e0_0;
    %assign/vec4 v0x563d4e64fbc0_0, 0;
    %jmp T_46.199;
T_46.198 ;
    %load/vec4 v0x563d4e651d80_0;
    %cmpi/e 25, 0, 5;
    %jmp/0xz  T_46.200, 4;
    %load/vec4 v0x563d4e651e20_0;
    %assign/vec4 v0x563d4e64fbc0_0, 0;
T_46.200 ;
T_46.199 ;
T_46.197 ;
T_46.195 ;
    %load/vec4 v0x563d4e643360_0;
    %cmpi/e 26, 0, 5;
    %jmp/0xz  T_46.202, 4;
    %load/vec4 v0x563d4e643440_0;
    %assign/vec4 v0x563d4e64fca0_0, 0;
    %jmp T_46.203;
T_46.202 ;
    %load/vec4 v0x563d4e652480_0;
    %cmpi/e 26, 0, 5;
    %jmp/0xz  T_46.204, 4;
    %load/vec4 v0x563d4e652560_0;
    %assign/vec4 v0x563d4e64fca0_0, 0;
    %jmp T_46.205;
T_46.204 ;
    %load/vec4 v0x563d4e652100_0;
    %cmpi/e 26, 0, 5;
    %jmp/0xz  T_46.206, 4;
    %load/vec4 v0x563d4e6521e0_0;
    %assign/vec4 v0x563d4e64fca0_0, 0;
    %jmp T_46.207;
T_46.206 ;
    %load/vec4 v0x563d4e651d80_0;
    %cmpi/e 26, 0, 5;
    %jmp/0xz  T_46.208, 4;
    %load/vec4 v0x563d4e651e20_0;
    %assign/vec4 v0x563d4e64fca0_0, 0;
T_46.208 ;
T_46.207 ;
T_46.205 ;
T_46.203 ;
    %load/vec4 v0x563d4e643360_0;
    %cmpi/e 27, 0, 5;
    %jmp/0xz  T_46.210, 4;
    %load/vec4 v0x563d4e643440_0;
    %assign/vec4 v0x563d4e64f840_0, 0;
    %jmp T_46.211;
T_46.210 ;
    %load/vec4 v0x563d4e652480_0;
    %cmpi/e 27, 0, 5;
    %jmp/0xz  T_46.212, 4;
    %load/vec4 v0x563d4e652560_0;
    %assign/vec4 v0x563d4e64f840_0, 0;
    %jmp T_46.213;
T_46.212 ;
    %load/vec4 v0x563d4e652100_0;
    %cmpi/e 27, 0, 5;
    %jmp/0xz  T_46.214, 4;
    %load/vec4 v0x563d4e6521e0_0;
    %assign/vec4 v0x563d4e64f840_0, 0;
    %jmp T_46.215;
T_46.214 ;
    %load/vec4 v0x563d4e651d80_0;
    %cmpi/e 27, 0, 5;
    %jmp/0xz  T_46.216, 4;
    %load/vec4 v0x563d4e651e20_0;
    %assign/vec4 v0x563d4e64f840_0, 0;
T_46.216 ;
T_46.215 ;
T_46.213 ;
T_46.211 ;
    %load/vec4 v0x563d4e643360_0;
    %cmpi/e 28, 0, 5;
    %jmp/0xz  T_46.218, 4;
    %load/vec4 v0x563d4e643440_0;
    %assign/vec4 v0x563d4e64f920_0, 0;
    %jmp T_46.219;
T_46.218 ;
    %load/vec4 v0x563d4e652480_0;
    %cmpi/e 28, 0, 5;
    %jmp/0xz  T_46.220, 4;
    %load/vec4 v0x563d4e652560_0;
    %assign/vec4 v0x563d4e64f920_0, 0;
    %jmp T_46.221;
T_46.220 ;
    %load/vec4 v0x563d4e652100_0;
    %cmpi/e 28, 0, 5;
    %jmp/0xz  T_46.222, 4;
    %load/vec4 v0x563d4e6521e0_0;
    %assign/vec4 v0x563d4e64f920_0, 0;
    %jmp T_46.223;
T_46.222 ;
    %load/vec4 v0x563d4e651d80_0;
    %cmpi/e 28, 0, 5;
    %jmp/0xz  T_46.224, 4;
    %load/vec4 v0x563d4e651e20_0;
    %assign/vec4 v0x563d4e64f920_0, 0;
T_46.224 ;
T_46.223 ;
T_46.221 ;
T_46.219 ;
    %load/vec4 v0x563d4e643360_0;
    %cmpi/e 29, 0, 5;
    %jmp/0xz  T_46.226, 4;
    %load/vec4 v0x563d4e643440_0;
    %assign/vec4 v0x563d4e64f4c0_0, 0;
    %jmp T_46.227;
T_46.226 ;
    %load/vec4 v0x563d4e652480_0;
    %cmpi/e 29, 0, 5;
    %jmp/0xz  T_46.228, 4;
    %load/vec4 v0x563d4e652560_0;
    %assign/vec4 v0x563d4e64f4c0_0, 0;
    %jmp T_46.229;
T_46.228 ;
    %load/vec4 v0x563d4e652100_0;
    %cmpi/e 29, 0, 5;
    %jmp/0xz  T_46.230, 4;
    %load/vec4 v0x563d4e6521e0_0;
    %assign/vec4 v0x563d4e64f4c0_0, 0;
    %jmp T_46.231;
T_46.230 ;
    %load/vec4 v0x563d4e651d80_0;
    %cmpi/e 29, 0, 5;
    %jmp/0xz  T_46.232, 4;
    %load/vec4 v0x563d4e651e20_0;
    %assign/vec4 v0x563d4e64f4c0_0, 0;
T_46.232 ;
T_46.231 ;
T_46.229 ;
T_46.227 ;
    %load/vec4 v0x563d4e643360_0;
    %cmpi/e 30, 0, 5;
    %jmp/0xz  T_46.234, 4;
    %load/vec4 v0x563d4e643440_0;
    %assign/vec4 v0x563d4e64f140_0, 0;
    %jmp T_46.235;
T_46.234 ;
    %load/vec4 v0x563d4e652480_0;
    %cmpi/e 30, 0, 5;
    %jmp/0xz  T_46.236, 4;
    %load/vec4 v0x563d4e652560_0;
    %assign/vec4 v0x563d4e64f140_0, 0;
    %jmp T_46.237;
T_46.236 ;
    %load/vec4 v0x563d4e652100_0;
    %cmpi/e 30, 0, 5;
    %jmp/0xz  T_46.238, 4;
    %load/vec4 v0x563d4e6521e0_0;
    %assign/vec4 v0x563d4e64f140_0, 0;
    %jmp T_46.239;
T_46.238 ;
    %load/vec4 v0x563d4e651d80_0;
    %cmpi/e 30, 0, 5;
    %jmp/0xz  T_46.240, 4;
    %load/vec4 v0x563d4e651e20_0;
    %assign/vec4 v0x563d4e64f140_0, 0;
T_46.240 ;
T_46.239 ;
T_46.237 ;
T_46.235 ;
    %load/vec4 v0x563d4e643360_0;
    %cmpi/e 31, 0, 5;
    %jmp/0xz  T_46.242, 4;
    %load/vec4 v0x563d4e643440_0;
    %assign/vec4 v0x563d4e64f220_0, 0;
    %jmp T_46.243;
T_46.242 ;
    %load/vec4 v0x563d4e652480_0;
    %cmpi/e 31, 0, 5;
    %jmp/0xz  T_46.244, 4;
    %load/vec4 v0x563d4e652560_0;
    %assign/vec4 v0x563d4e64f220_0, 0;
    %jmp T_46.245;
T_46.244 ;
    %load/vec4 v0x563d4e652100_0;
    %cmpi/e 31, 0, 5;
    %jmp/0xz  T_46.246, 4;
    %load/vec4 v0x563d4e6521e0_0;
    %assign/vec4 v0x563d4e64f220_0, 0;
    %jmp T_46.247;
T_46.246 ;
    %load/vec4 v0x563d4e651d80_0;
    %cmpi/e 31, 0, 5;
    %jmp/0xz  T_46.248, 4;
    %load/vec4 v0x563d4e651e20_0;
    %assign/vec4 v0x563d4e64f220_0, 0;
T_46.248 ;
T_46.247 ;
T_46.245 ;
T_46.243 ;
T_46.1 ;
    %jmp T_46;
    .thread T_46;
    .scope S_0x563d4e64a440;
T_47 ;
    %wait E_0x563d4e4a4db0;
    %load/vec4 v0x563d4e652f00_0;
    %dup/vec4;
    %pushi/vec4 1, 0, 5;
    %cmp/u;
    %jmp/1 T_47.0, 6;
    %dup/vec4;
    %pushi/vec4 2, 0, 5;
    %cmp/u;
    %jmp/1 T_47.1, 6;
    %dup/vec4;
    %pushi/vec4 3, 0, 5;
    %cmp/u;
    %jmp/1 T_47.2, 6;
    %dup/vec4;
    %pushi/vec4 4, 0, 5;
    %cmp/u;
    %jmp/1 T_47.3, 6;
    %dup/vec4;
    %pushi/vec4 5, 0, 5;
    %cmp/u;
    %jmp/1 T_47.4, 6;
    %dup/vec4;
    %pushi/vec4 6, 0, 5;
    %cmp/u;
    %jmp/1 T_47.5, 6;
    %dup/vec4;
    %pushi/vec4 7, 0, 5;
    %cmp/u;
    %jmp/1 T_47.6, 6;
    %dup/vec4;
    %pushi/vec4 8, 0, 5;
    %cmp/u;
    %jmp/1 T_47.7, 6;
    %dup/vec4;
    %pushi/vec4 9, 0, 5;
    %cmp/u;
    %jmp/1 T_47.8, 6;
    %dup/vec4;
    %pushi/vec4 10, 0, 5;
    %cmp/u;
    %jmp/1 T_47.9, 6;
    %dup/vec4;
    %pushi/vec4 11, 0, 5;
    %cmp/u;
    %jmp/1 T_47.10, 6;
    %dup/vec4;
    %pushi/vec4 12, 0, 5;
    %cmp/u;
    %jmp/1 T_47.11, 6;
    %dup/vec4;
    %pushi/vec4 13, 0, 5;
    %cmp/u;
    %jmp/1 T_47.12, 6;
    %dup/vec4;
    %pushi/vec4 14, 0, 5;
    %cmp/u;
    %jmp/1 T_47.13, 6;
    %dup/vec4;
    %pushi/vec4 15, 0, 5;
    %cmp/u;
    %jmp/1 T_47.14, 6;
    %dup/vec4;
    %pushi/vec4 16, 0, 5;
    %cmp/u;
    %jmp/1 T_47.15, 6;
    %dup/vec4;
    %pushi/vec4 17, 0, 5;
    %cmp/u;
    %jmp/1 T_47.16, 6;
    %dup/vec4;
    %pushi/vec4 18, 0, 5;
    %cmp/u;
    %jmp/1 T_47.17, 6;
    %dup/vec4;
    %pushi/vec4 19, 0, 5;
    %cmp/u;
    %jmp/1 T_47.18, 6;
    %dup/vec4;
    %pushi/vec4 20, 0, 5;
    %cmp/u;
    %jmp/1 T_47.19, 6;
    %dup/vec4;
    %pushi/vec4 21, 0, 5;
    %cmp/u;
    %jmp/1 T_47.20, 6;
    %dup/vec4;
    %pushi/vec4 22, 0, 5;
    %cmp/u;
    %jmp/1 T_47.21, 6;
    %dup/vec4;
    %pushi/vec4 23, 0, 5;
    %cmp/u;
    %jmp/1 T_47.22, 6;
    %dup/vec4;
    %pushi/vec4 24, 0, 5;
    %cmp/u;
    %jmp/1 T_47.23, 6;
    %dup/vec4;
    %pushi/vec4 25, 0, 5;
    %cmp/u;
    %jmp/1 T_47.24, 6;
    %dup/vec4;
    %pushi/vec4 26, 0, 5;
    %cmp/u;
    %jmp/1 T_47.25, 6;
    %dup/vec4;
    %pushi/vec4 27, 0, 5;
    %cmp/u;
    %jmp/1 T_47.26, 6;
    %dup/vec4;
    %pushi/vec4 28, 0, 5;
    %cmp/u;
    %jmp/1 T_47.27, 6;
    %dup/vec4;
    %pushi/vec4 29, 0, 5;
    %cmp/u;
    %jmp/1 T_47.28, 6;
    %dup/vec4;
    %pushi/vec4 30, 0, 5;
    %cmp/u;
    %jmp/1 T_47.29, 6;
    %dup/vec4;
    %pushi/vec4 31, 0, 5;
    %cmp/u;
    %jmp/1 T_47.30, 6;
    %pushi/vec4 0, 0, 32;
    %store/vec4 v0x563d4e652b80_0, 0, 32;
    %jmp T_47.32;
T_47.0 ;
    %load/vec4 v0x563d4e6502c0_0;
    %store/vec4 v0x563d4e652b80_0, 0, 32;
    %jmp T_47.32;
T_47.1 ;
    %load/vec4 v0x563d4e64f5a0_0;
    %store/vec4 v0x563d4e652b80_0, 0, 32;
    %jmp T_47.32;
T_47.2 ;
    %load/vec4 v0x563d4e64edc0_0;
    %store/vec4 v0x563d4e652b80_0, 0, 32;
    %jmp T_47.32;
T_47.3 ;
    %load/vec4 v0x563d4e64eea0_0;
    %store/vec4 v0x563d4e652b80_0, 0, 32;
    %jmp T_47.32;
T_47.4 ;
    %load/vec4 v0x563d4e64ea40_0;
    %store/vec4 v0x563d4e652b80_0, 0, 32;
    %jmp T_47.32;
T_47.5 ;
    %load/vec4 v0x563d4e64eb20_0;
    %store/vec4 v0x563d4e652b80_0, 0, 32;
    %jmp T_47.32;
T_47.6 ;
    %load/vec4 v0x563d4e64e6c0_0;
    %store/vec4 v0x563d4e652b80_0, 0, 32;
    %jmp T_47.32;
T_47.7 ;
    %load/vec4 v0x563d4e64e7a0_0;
    %store/vec4 v0x563d4e652b80_0, 0, 32;
    %jmp T_47.32;
T_47.8 ;
    %load/vec4 v0x563d4e64e340_0;
    %store/vec4 v0x563d4e652b80_0, 0, 32;
    %jmp T_47.32;
T_47.9 ;
    %load/vec4 v0x563d4e651a00_0;
    %store/vec4 v0x563d4e652b80_0, 0, 32;
    %jmp T_47.32;
T_47.10 ;
    %load/vec4 v0x563d4e651ae0_0;
    %store/vec4 v0x563d4e652b80_0, 0, 32;
    %jmp T_47.32;
T_47.11 ;
    %load/vec4 v0x563d4e6510c0_0;
    %store/vec4 v0x563d4e652b80_0, 0, 32;
    %jmp T_47.32;
T_47.12 ;
    %load/vec4 v0x563d4e6511a0_0;
    %store/vec4 v0x563d4e652b80_0, 0, 32;
    %jmp T_47.32;
T_47.13 ;
    %load/vec4 v0x563d4e650d40_0;
    %store/vec4 v0x563d4e652b80_0, 0, 32;
    %jmp T_47.32;
T_47.14 ;
    %load/vec4 v0x563d4e650e20_0;
    %store/vec4 v0x563d4e652b80_0, 0, 32;
    %jmp T_47.32;
T_47.15 ;
    %load/vec4 v0x563d4e6509c0_0;
    %store/vec4 v0x563d4e652b80_0, 0, 32;
    %jmp T_47.32;
T_47.16 ;
    %load/vec4 v0x563d4e650aa0_0;
    %store/vec4 v0x563d4e652b80_0, 0, 32;
    %jmp T_47.32;
T_47.17 ;
    %load/vec4 v0x563d4e650640_0;
    %store/vec4 v0x563d4e652b80_0, 0, 32;
    %jmp T_47.32;
T_47.18 ;
    %load/vec4 v0x563d4e650720_0;
    %store/vec4 v0x563d4e652b80_0, 0, 32;
    %jmp T_47.32;
T_47.19 ;
    %load/vec4 v0x563d4e6503a0_0;
    %store/vec4 v0x563d4e652b80_0, 0, 32;
    %jmp T_47.32;
T_47.20 ;
    %load/vec4 v0x563d4e642fe0_0;
    %store/vec4 v0x563d4e652b80_0, 0, 32;
    %jmp T_47.32;
T_47.21 ;
    %load/vec4 v0x563d4e6430c0_0;
    %store/vec4 v0x563d4e652b80_0, 0, 32;
    %jmp T_47.32;
T_47.22 ;
    %load/vec4 v0x563d4e64ff40_0;
    %store/vec4 v0x563d4e652b80_0, 0, 32;
    %jmp T_47.32;
T_47.23 ;
    %load/vec4 v0x563d4e650020_0;
    %store/vec4 v0x563d4e652b80_0, 0, 32;
    %jmp T_47.32;
T_47.24 ;
    %load/vec4 v0x563d4e64fbc0_0;
    %store/vec4 v0x563d4e652b80_0, 0, 32;
    %jmp T_47.32;
T_47.25 ;
    %load/vec4 v0x563d4e64fca0_0;
    %store/vec4 v0x563d4e652b80_0, 0, 32;
    %jmp T_47.32;
T_47.26 ;
    %load/vec4 v0x563d4e64f840_0;
    %store/vec4 v0x563d4e652b80_0, 0, 32;
    %jmp T_47.32;
T_47.27 ;
    %load/vec4 v0x563d4e64f920_0;
    %store/vec4 v0x563d4e652b80_0, 0, 32;
    %jmp T_47.32;
T_47.28 ;
    %load/vec4 v0x563d4e64f4c0_0;
    %store/vec4 v0x563d4e652b80_0, 0, 32;
    %jmp T_47.32;
T_47.29 ;
    %load/vec4 v0x563d4e64f140_0;
    %store/vec4 v0x563d4e652b80_0, 0, 32;
    %jmp T_47.32;
T_47.30 ;
    %load/vec4 v0x563d4e64f220_0;
    %store/vec4 v0x563d4e652b80_0, 0, 32;
    %jmp T_47.32;
T_47.32 ;
    %pop/vec4 1;
    %load/vec4 v0x563d4e652c60_0;
    %dup/vec4;
    %pushi/vec4 1, 0, 5;
    %cmp/u;
    %jmp/1 T_47.33, 6;
    %dup/vec4;
    %pushi/vec4 2, 0, 5;
    %cmp/u;
    %jmp/1 T_47.34, 6;
    %dup/vec4;
    %pushi/vec4 3, 0, 5;
    %cmp/u;
    %jmp/1 T_47.35, 6;
    %dup/vec4;
    %pushi/vec4 4, 0, 5;
    %cmp/u;
    %jmp/1 T_47.36, 6;
    %dup/vec4;
    %pushi/vec4 5, 0, 5;
    %cmp/u;
    %jmp/1 T_47.37, 6;
    %dup/vec4;
    %pushi/vec4 6, 0, 5;
    %cmp/u;
    %jmp/1 T_47.38, 6;
    %dup/vec4;
    %pushi/vec4 7, 0, 5;
    %cmp/u;
    %jmp/1 T_47.39, 6;
    %dup/vec4;
    %pushi/vec4 8, 0, 5;
    %cmp/u;
    %jmp/1 T_47.40, 6;
    %dup/vec4;
    %pushi/vec4 9, 0, 5;
    %cmp/u;
    %jmp/1 T_47.41, 6;
    %dup/vec4;
    %pushi/vec4 10, 0, 5;
    %cmp/u;
    %jmp/1 T_47.42, 6;
    %dup/vec4;
    %pushi/vec4 11, 0, 5;
    %cmp/u;
    %jmp/1 T_47.43, 6;
    %dup/vec4;
    %pushi/vec4 12, 0, 5;
    %cmp/u;
    %jmp/1 T_47.44, 6;
    %dup/vec4;
    %pushi/vec4 13, 0, 5;
    %cmp/u;
    %jmp/1 T_47.45, 6;
    %dup/vec4;
    %pushi/vec4 14, 0, 5;
    %cmp/u;
    %jmp/1 T_47.46, 6;
    %dup/vec4;
    %pushi/vec4 15, 0, 5;
    %cmp/u;
    %jmp/1 T_47.47, 6;
    %dup/vec4;
    %pushi/vec4 16, 0, 5;
    %cmp/u;
    %jmp/1 T_47.48, 6;
    %dup/vec4;
    %pushi/vec4 17, 0, 5;
    %cmp/u;
    %jmp/1 T_47.49, 6;
    %dup/vec4;
    %pushi/vec4 18, 0, 5;
    %cmp/u;
    %jmp/1 T_47.50, 6;
    %dup/vec4;
    %pushi/vec4 19, 0, 5;
    %cmp/u;
    %jmp/1 T_47.51, 6;
    %dup/vec4;
    %pushi/vec4 20, 0, 5;
    %cmp/u;
    %jmp/1 T_47.52, 6;
    %dup/vec4;
    %pushi/vec4 21, 0, 5;
    %cmp/u;
    %jmp/1 T_47.53, 6;
    %dup/vec4;
    %pushi/vec4 22, 0, 5;
    %cmp/u;
    %jmp/1 T_47.54, 6;
    %dup/vec4;
    %pushi/vec4 23, 0, 5;
    %cmp/u;
    %jmp/1 T_47.55, 6;
    %dup/vec4;
    %pushi/vec4 24, 0, 5;
    %cmp/u;
    %jmp/1 T_47.56, 6;
    %dup/vec4;
    %pushi/vec4 25, 0, 5;
    %cmp/u;
    %jmp/1 T_47.57, 6;
    %dup/vec4;
    %pushi/vec4 26, 0, 5;
    %cmp/u;
    %jmp/1 T_47.58, 6;
    %dup/vec4;
    %pushi/vec4 27, 0, 5;
    %cmp/u;
    %jmp/1 T_47.59, 6;
    %dup/vec4;
    %pushi/vec4 28, 0, 5;
    %cmp/u;
    %jmp/1 T_47.60, 6;
    %dup/vec4;
    %pushi/vec4 29, 0, 5;
    %cmp/u;
    %jmp/1 T_47.61, 6;
    %dup/vec4;
    %pushi/vec4 30, 0, 5;
    %cmp/u;
    %jmp/1 T_47.62, 6;
    %dup/vec4;
    %pushi/vec4 31, 0, 5;
    %cmp/u;
    %jmp/1 T_47.63, 6;
    %pushi/vec4 0, 0, 32;
    %store/vec4 v0x563d4e6528c0_0, 0, 32;
    %jmp T_47.65;
T_47.33 ;
    %load/vec4 v0x563d4e6502c0_0;
    %store/vec4 v0x563d4e6528c0_0, 0, 32;
    %jmp T_47.65;
T_47.34 ;
    %load/vec4 v0x563d4e64f5a0_0;
    %store/vec4 v0x563d4e6528c0_0, 0, 32;
    %jmp T_47.65;
T_47.35 ;
    %load/vec4 v0x563d4e64edc0_0;
    %store/vec4 v0x563d4e6528c0_0, 0, 32;
    %jmp T_47.65;
T_47.36 ;
    %load/vec4 v0x563d4e64eea0_0;
    %store/vec4 v0x563d4e6528c0_0, 0, 32;
    %jmp T_47.65;
T_47.37 ;
    %load/vec4 v0x563d4e64ea40_0;
    %store/vec4 v0x563d4e6528c0_0, 0, 32;
    %jmp T_47.65;
T_47.38 ;
    %load/vec4 v0x563d4e64eb20_0;
    %store/vec4 v0x563d4e6528c0_0, 0, 32;
    %jmp T_47.65;
T_47.39 ;
    %load/vec4 v0x563d4e64e6c0_0;
    %store/vec4 v0x563d4e6528c0_0, 0, 32;
    %jmp T_47.65;
T_47.40 ;
    %load/vec4 v0x563d4e64e7a0_0;
    %store/vec4 v0x563d4e6528c0_0, 0, 32;
    %jmp T_47.65;
T_47.41 ;
    %load/vec4 v0x563d4e64e340_0;
    %store/vec4 v0x563d4e6528c0_0, 0, 32;
    %jmp T_47.65;
T_47.42 ;
    %load/vec4 v0x563d4e651a00_0;
    %store/vec4 v0x563d4e6528c0_0, 0, 32;
    %jmp T_47.65;
T_47.43 ;
    %load/vec4 v0x563d4e651ae0_0;
    %store/vec4 v0x563d4e6528c0_0, 0, 32;
    %jmp T_47.65;
T_47.44 ;
    %load/vec4 v0x563d4e6510c0_0;
    %store/vec4 v0x563d4e6528c0_0, 0, 32;
    %jmp T_47.65;
T_47.45 ;
    %load/vec4 v0x563d4e6511a0_0;
    %store/vec4 v0x563d4e6528c0_0, 0, 32;
    %jmp T_47.65;
T_47.46 ;
    %load/vec4 v0x563d4e650d40_0;
    %store/vec4 v0x563d4e6528c0_0, 0, 32;
    %jmp T_47.65;
T_47.47 ;
    %load/vec4 v0x563d4e650e20_0;
    %store/vec4 v0x563d4e6528c0_0, 0, 32;
    %jmp T_47.65;
T_47.48 ;
    %load/vec4 v0x563d4e6509c0_0;
    %store/vec4 v0x563d4e6528c0_0, 0, 32;
    %jmp T_47.65;
T_47.49 ;
    %load/vec4 v0x563d4e650aa0_0;
    %store/vec4 v0x563d4e6528c0_0, 0, 32;
    %jmp T_47.65;
T_47.50 ;
    %load/vec4 v0x563d4e650640_0;
    %store/vec4 v0x563d4e6528c0_0, 0, 32;
    %jmp T_47.65;
T_47.51 ;
    %load/vec4 v0x563d4e650720_0;
    %store/vec4 v0x563d4e6528c0_0, 0, 32;
    %jmp T_47.65;
T_47.52 ;
    %load/vec4 v0x563d4e6503a0_0;
    %store/vec4 v0x563d4e6528c0_0, 0, 32;
    %jmp T_47.65;
T_47.53 ;
    %load/vec4 v0x563d4e642fe0_0;
    %store/vec4 v0x563d4e6528c0_0, 0, 32;
    %jmp T_47.65;
T_47.54 ;
    %load/vec4 v0x563d4e6430c0_0;
    %store/vec4 v0x563d4e6528c0_0, 0, 32;
    %jmp T_47.65;
T_47.55 ;
    %load/vec4 v0x563d4e64ff40_0;
    %store/vec4 v0x563d4e6528c0_0, 0, 32;
    %jmp T_47.65;
T_47.56 ;
    %load/vec4 v0x563d4e650020_0;
    %store/vec4 v0x563d4e6528c0_0, 0, 32;
    %jmp T_47.65;
T_47.57 ;
    %load/vec4 v0x563d4e64fbc0_0;
    %store/vec4 v0x563d4e6528c0_0, 0, 32;
    %jmp T_47.65;
T_47.58 ;
    %load/vec4 v0x563d4e64fca0_0;
    %store/vec4 v0x563d4e6528c0_0, 0, 32;
    %jmp T_47.65;
T_47.59 ;
    %load/vec4 v0x563d4e64f840_0;
    %store/vec4 v0x563d4e6528c0_0, 0, 32;
    %jmp T_47.65;
T_47.60 ;
    %load/vec4 v0x563d4e64f920_0;
    %store/vec4 v0x563d4e6528c0_0, 0, 32;
    %jmp T_47.65;
T_47.61 ;
    %load/vec4 v0x563d4e64f4c0_0;
    %store/vec4 v0x563d4e6528c0_0, 0, 32;
    %jmp T_47.65;
T_47.62 ;
    %load/vec4 v0x563d4e64f140_0;
    %store/vec4 v0x563d4e6528c0_0, 0, 32;
    %jmp T_47.65;
T_47.63 ;
    %load/vec4 v0x563d4e64f220_0;
    %store/vec4 v0x563d4e6528c0_0, 0, 32;
    %jmp T_47.65;
T_47.65 ;
    %pop/vec4 1;
    %jmp T_47;
    .thread T_47, $push;
    .scope S_0x563d4e64a0c0;
T_48 ;
    %wait E_0x563d4e63cad0;
    %load/vec4 v0x563d4e690fa0_0;
    %store/vec4 v0x563d4e691220_0, 0, 5;
    %load/vec4 v0x563d4e6917d0_0;
    %store/vec4 v0x563d4e6912f0_0, 0, 32;
    %jmp T_48;
    .thread T_48, $push;
    .scope S_0x563d4e64a0c0;
T_49 ;
    %wait E_0x563d4e22ccc0;
    %load/vec4 v0x563d4e690970_0;
    %flag_set/vec4 8;
    %jmp/0xz  T_49.0, 8;
    %pushi/vec4 0, 0, 1;
    %assign/vec4 v0x563d4e68f650_0, 0;
    %jmp T_49.1;
T_49.0 ;
    %load/vec4 v0x563d4e68f590_0;
    %load/vec4 v0x563d4e68f0b0_0;
    %and;
    %load/vec4 v0x563d4e68f310_0;
    %pushi/vec4 28799, 0, 32;
    %and;
    %pushi/vec4 4111, 0, 32;
    %cmp/e;
    %flag_get/vec4 4;
    %and;
    %assign/vec4 v0x563d4e68f650_0, 0;
T_49.1 ;
    %jmp T_49;
    .thread T_49;
    .scope S_0x563d4e64a0c0;
T_50 ;
    %wait E_0x563d4e22ccc0;
    %load/vec4 v0x563d4e690970_0;
    %flag_set/vec4 8;
    %jmp/0xz  T_50.0, 8;
    %pushi/vec4 0, 0, 1;
    %assign/vec4 v0x563d4e690df0_0, 0;
    %pushi/vec4 0, 0, 32;
    %assign/vec4 v0x563d4e6906d0_0, 0;
    %pushi/vec4 0, 0, 32;
    %assign/vec4 v0x563d4e68f710_0, 0;
    %jmp T_50.1;
T_50.0 ;
    %load/vec4 v0x563d4e68ebc0_0;
    %flag_set/vec4 8;
    %load/vec4 v0x563d4e68ea20_0;
    %flag_set/vec4 9;
    %flag_or 9, 8;
    %jmp/0xz  T_50.2, 9;
    %pushi/vec4 0, 0, 1;
    %assign/vec4 v0x563d4e690df0_0, 0;
    %load/vec4 v0x563d4e68ea20_0;
    %flag_set/vec4 8;
    %jmp/0xz  T_50.4, 8;
    %load/vec4 v0x563d4e68e960_0;
    %assign/vec4 v0x563d4e6906d0_0, 0;
    %jmp T_50.5;
T_50.4 ;
    %load/vec4 v0x563d4e68eaf0_0;
    %assign/vec4 v0x563d4e6906d0_0, 0;
T_50.5 ;
    %pushi/vec4 0, 0, 32;
    %assign/vec4 v0x563d4e68f710_0, 0;
    %jmp T_50.3;
T_50.2 ;
    %load/vec4 v0x563d4e690c70_0;
    %nor/r;
    %flag_set/vec4 8;
    %jmp/0xz  T_50.6, 8;
    %load/vec4 v0x563d4e68f590_0;
    %assign/vec4 v0x563d4e690df0_0, 0;
    %load/vec4 v0x563d4e68f590_0;
    %flag_set/vec4 8;
    %jmp/0xz  T_50.8, 8;
    %load/vec4 v0x563d4e68f4b0_0;
    %assign/vec4 v0x563d4e6906d0_0, 0;
    %jmp T_50.9;
T_50.8 ;
    %load/vec4 v0x563d4e690df0_0;
    %flag_set/vec4 8;
    %jmp/0xz  T_50.10, 8;
    %load/vec4 v0x563d4e6906d0_0;
    %addi 4, 0, 32;
    %assign/vec4 v0x563d4e6906d0_0, 0;
T_50.10 ;
T_50.9 ;
    %load/vec4 v0x563d4e68f310_0;
    %assign/vec4 v0x563d4e68f710_0, 0;
T_50.6 ;
T_50.3 ;
T_50.1 ;
    %jmp T_50;
    .thread T_50;
    .scope S_0x563d4e64a0c0;
T_51 ;
    %wait E_0x563d4e63ca90;
    %load/vec4 v0x563d4e690ab0_0;
    %store/vec4 v0x563d4e690b90_0, 0, 32;
    %pushi/vec4 0, 0, 1;
    %ix/getv 4, v0x563d4e6918b0_0;
    %store/vec4 v0x563d4e690b90_0, 4, 1;
    %load/vec4 v0x563d4e690a10_0;
    %load/vec4 v0x563d4e68ef70_0;
    %and;
    %load/vec4 v0x563d4e68f8b0_0;
    %and;
    %load/vec4 v0x563d4e68ed30_0;
    %and;
    %load/vec4 v0x563d4e68fa30_0;
    %and;
    %flag_set/vec4 8;
    %jmp/0xz  T_51.0, 8;
    %pushi/vec4 1, 0, 1;
    %ix/getv 4, v0x563d4e690540_0;
    %store/vec4 v0x563d4e690b90_0, 4, 1;
T_51.0 ;
    %pushi/vec4 0, 0, 1;
    %ix/getv 4, v0x563d4e6913c0_0;
    %store/vec4 v0x563d4e690b90_0, 4, 1;
    %pushi/vec4 0, 0, 1;
    %ix/getv 4, v0x563d4e691b10_0;
    %store/vec4 v0x563d4e690b90_0, 4, 1;
    %jmp T_51;
    .thread T_51, $push;
    .scope S_0x563d4e64a0c0;
T_52 ;
    %wait E_0x563d4e22ccc0;
    %load/vec4 v0x563d4e690970_0;
    %flag_set/vec4 8;
    %jmp/0xz  T_52.0, 8;
    %pushi/vec4 0, 0, 32;
    %assign/vec4 v0x563d4e690ab0_0, 0;
    %jmp T_52.1;
T_52.0 ;
    %load/vec4 v0x563d4e690b90_0;
    %parti/s 31, 1, 2;
    %concati/vec4 0, 0, 1;
    %assign/vec4 v0x563d4e690ab0_0, 0;
T_52.1 ;
    %jmp T_52;
    .thread T_52;
    .scope S_0x563d4e64a0c0;
T_53 ;
    %wait E_0x563d4e22ccc0;
    %load/vec4 v0x563d4e690970_0;
    %flag_set/vec4 8;
    %jmp/0xz  T_53.0, 8;
    %pushi/vec4 0, 0, 58;
    %assign/vec4 v0x563d4e68fd30_0, 0;
    %jmp T_53.1;
T_53.0 ;
    %load/vec4 v0x563d4e68ebc0_0;
    %flag_set/vec4 8;
    %load/vec4 v0x563d4e68ea20_0;
    %flag_set/vec4 9;
    %flag_or 9, 8;
    %jmp/0xz  T_53.2, 9;
    %pushi/vec4 0, 0, 58;
    %assign/vec4 v0x563d4e68fd30_0, 0;
    %jmp T_53.3;
T_53.2 ;
    %load/vec4 v0x563d4e690c70_0;
    %nor/r;
    %flag_set/vec4 8;
    %jmp/0xz  T_53.4, 8;
    %load/vec4 v0x563d4e68f7f0_0;
    %load/vec4 v0x563d4e68fdf0_0;
    %parti/s 57, 0, 2;
    %concat/vec4; draw_concat_vec4
    %assign/vec4 v0x563d4e68fd30_0, 0;
T_53.4 ;
T_53.3 ;
T_53.1 ;
    %jmp T_53;
    .thread T_53;
    .scope S_0x563d4e64a0c0;
T_54 ;
    %wait E_0x563d4e2db050;
    %load/vec4 v0x563d4e691710_0;
    %nor/r;
    %load/vec4 v0x563d4e691650_0;
    %pushi/vec4 0, 0, 5;
    %cmp/ne;
    %flag_get/vec4 4;
    %and;
    %load/vec4 v0x563d4e691650_0;
    %load/vec4 v0x563d4e690090_0;
    %cmp/e;
    %flag_get/vec4 4;
    %and;
    %flag_set/vec4 8;
    %jmp/0xz  T_54.0, 8;
    %load/vec4 v0x563d4e6917d0_0;
    %store/vec4 v0x563d4e6901f0_0, 0, 32;
    %jmp T_54.1;
T_54.0 ;
    %load/vec4 v0x563d4e691990_0;
    %nor/r;
    %load/vec4 v0x563d4e6918b0_0;
    %pushi/vec4 0, 0, 5;
    %cmp/ne;
    %flag_get/vec4 4;
    %and;
    %load/vec4 v0x563d4e6918b0_0;
    %load/vec4 v0x563d4e690090_0;
    %cmp/e;
    %flag_get/vec4 4;
    %and;
    %flag_set/vec4 8;
    %jmp/0xz  T_54.2, 8;
    %load/vec4 v0x563d4e691a50_0;
    %store/vec4 v0x563d4e6901f0_0, 0, 32;
    %jmp T_54.3;
T_54.2 ;
    %load/vec4 v0x563d4e6907b0_0;
    %store/vec4 v0x563d4e6901f0_0, 0, 32;
T_54.3 ;
T_54.1 ;
    %load/vec4 v0x563d4e691710_0;
    %nor/r;
    %load/vec4 v0x563d4e691650_0;
    %pushi/vec4 0, 0, 5;
    %cmp/ne;
    %flag_get/vec4 4;
    %and;
    %load/vec4 v0x563d4e691650_0;
    %load/vec4 v0x563d4e6902b0_0;
    %cmp/e;
    %flag_get/vec4 4;
    %and;
    %flag_set/vec4 8;
    %jmp/0xz  T_54.4, 8;
    %load/vec4 v0x563d4e6917d0_0;
    %store/vec4 v0x563d4e690480_0, 0, 32;
    %jmp T_54.5;
T_54.4 ;
    %load/vec4 v0x563d4e691990_0;
    %nor/r;
    %load/vec4 v0x563d4e6918b0_0;
    %pushi/vec4 0, 0, 5;
    %cmp/ne;
    %flag_get/vec4 4;
    %and;
    %load/vec4 v0x563d4e6918b0_0;
    %load/vec4 v0x563d4e6902b0_0;
    %cmp/e;
    %flag_get/vec4 4;
    %and;
    %flag_set/vec4 8;
    %jmp/0xz  T_54.6, 8;
    %load/vec4 v0x563d4e691a50_0;
    %store/vec4 v0x563d4e690480_0, 0, 32;
    %jmp T_54.7;
T_54.6 ;
    %load/vec4 v0x563d4e6908a0_0;
    %store/vec4 v0x563d4e690480_0, 0, 32;
T_54.7 ;
T_54.5 ;
    %jmp T_54;
    .thread T_54, $push;
    .scope S_0x563d4e64a0c0;
T_55 ;
    %wait E_0x563d4e2dafc0;
    %load/vec4 v0x563d4e690df0_0;
    %load/vec4 v0x563d4e68ea20_0;
    %inv;
    %and;
    %store/vec4 v0x563d4e690630_0, 0, 1;
    %pushi/vec4 0, 0, 1;
    %store/vec4 v0x563d4e690d30_0, 0, 1;
    %load/vec4 v0x563d4e690ab0_0;
    %store/vec4 v0x563d4e68eed0_0, 0, 32;
    %pushi/vec4 0, 0, 1;
    %ix/getv 4, v0x563d4e6918b0_0;
    %store/vec4 v0x563d4e68eed0_0, 4, 1;
    %load/vec4 v0x563d4e68eed0_0;
    %load/vec4 v0x563d4e690090_0;
    %part/u 1;
    %flag_set/vec4 8;
    %load/vec4 v0x563d4e68eed0_0;
    %load/vec4 v0x563d4e6902b0_0;
    %part/u 1;
    %flag_set/vec4 9;
    %flag_or 9, 8;
    %load/vec4 v0x563d4e68eed0_0;
    %load/vec4 v0x563d4e690540_0;
    %part/u 1;
    %flag_set/vec4 8;
    %flag_or 8, 9;
    %jmp/0xz  T_55.0, 8;
    %pushi/vec4 1, 0, 1;
    %store/vec4 v0x563d4e690d30_0, 0, 1;
    %pushi/vec4 0, 0, 1;
    %store/vec4 v0x563d4e690630_0, 0, 1;
T_55.0 ;
    %jmp T_55;
    .thread T_55, $push;
    .scope S_0x563d4e6499c0;
T_56 ;
    %wait E_0x563d4e22ccc0;
    %load/vec4 v0x563d4e697e20_0;
    %flag_set/vec4 8;
    %jmp/0xz  T_56.0, 8;
    %pushi/vec4 0, 0, 32;
    %assign/vec4 v0x563d4e6971d0_0, 0;
    %pushi/vec4 0, 0, 32;
    %assign/vec4 v0x563d4e696930_0, 0;
    %pushi/vec4 0, 0, 1;
    %assign/vec4 v0x563d4e696af0_0, 0;
    %pushi/vec4 0, 0, 1;
    %assign/vec4 v0x563d4e697560_0, 0;
    %pushi/vec4 0, 0, 64;
    %assign/vec4 v0x563d4e697ec0_0, 0;
    %pushi/vec4 0, 0, 1;
    %assign/vec4 v0x563d4e697fa0_0, 0;
    %pushi/vec4 0, 0, 1;
    %assign/vec4 v0x563d4e696870_0, 0;
    %jmp T_56.1;
T_56.0 ;
    %load/vec4 v0x563d4e698060_0;
    %flag_set/vec4 8;
    %load/vec4 v0x563d4e696870_0;
    %nor/r;
    %flag_set/vec4 9;
    %flag_or 9, 8;
    %jmp/0xz  T_56.2, 9;
    %load/vec4 v0x563d4e696bb0_0;
    %assign/vec4 v0x563d4e696af0_0, 0;
    %load/vec4 v0x563d4e696a10_0;
    %assign/vec4 v0x563d4e696930_0, 0;
    %jmp T_56.3;
T_56.2 ;
    %pushi/vec4 0, 0, 1;
    %assign/vec4 v0x563d4e696af0_0, 0;
    %pushi/vec4 0, 0, 32;
    %assign/vec4 v0x563d4e696930_0, 0;
T_56.3 ;
    %load/vec4 v0x563d4e696bb0_0;
    %flag_set/vec4 8;
    %jmp/0xz  T_56.4, 8;
    %pushi/vec4 1, 0, 1;
    %assign/vec4 v0x563d4e696870_0, 0;
T_56.4 ;
    %load/vec4 v0x563d4e698060_0;
    %nor/r;
    %flag_set/vec4 8;
    %jmp/0xz  T_56.6, 8;
    %load/vec4 v0x563d4e697940_0;
    %addi 4, 0, 32;
    %assign/vec4 v0x563d4e6971d0_0, 0;
T_56.6 ;
    %load/vec4 v0x563d4e697270_0;
    %load/vec4 v0x563d4e696d10_0;
    %nor/r;
    %and;
    %flag_set/vec4 8;
    %jmp/0xz  T_56.8, 8;
    %pushi/vec4 1, 0, 1;
    %assign/vec4 v0x563d4e697fa0_0, 0;
    %load/vec4 v0x563d4e697100_0;
    %load/vec4 v0x563d4e696ef0_0;
    %concat/vec4; draw_concat_vec4
    %assign/vec4 v0x563d4e697ec0_0, 0;
    %jmp T_56.9;
T_56.8 ;
    %pushi/vec4 0, 0, 1;
    %assign/vec4 v0x563d4e697fa0_0, 0;
    %pushi/vec4 0, 0, 64;
    %assign/vec4 v0x563d4e697ec0_0, 0;
T_56.9 ;
    %load/vec4 v0x563d4e697a20_0;
    %load/vec4 v0x563d4e697340_0;
    %and;
    %flag_set/vec4 8;
    %jmp/0xz  T_56.10, 8;
    %load/vec4 v0x563d4e697c80_0;
    %inv;
    %assign/vec4 v0x563d4e697560_0, 0;
    %jmp T_56.11;
T_56.10 ;
    %load/vec4 v0x563d4e697ae0_0;
    %flag_set/vec4 8;
    %jmp/0xz  T_56.12, 8;
    %pushi/vec4 0, 0, 1;
    %assign/vec4 v0x563d4e697560_0, 0;
T_56.12 ;
T_56.11 ;
T_56.1 ;
    %jmp T_56;
    .thread T_56;
    .scope S_0x563d4e6499c0;
T_57 ;
    %wait E_0x563d4e22ccc0;
    %load/vec4 v0x563d4e697e20_0;
    %flag_set/vec4 8;
    %jmp/0xz  T_57.0, 8;
    %pushi/vec4 0, 0, 1;
    %assign/vec4 v0x563d4e697880_0, 0;
    %jmp T_57.1;
T_57.0 ;
    %load/vec4 v0x563d4e6977c0_0;
    %load/vec4 v0x563d4e697340_0;
    %nor/r;
    %and;
    %flag_set/vec4 8;
    %jmp/0xz  T_57.2, 8;
    %pushi/vec4 1, 0, 1;
    %assign/vec4 v0x563d4e697880_0, 0;
    %jmp T_57.3;
T_57.2 ;
    %pushi/vec4 0, 0, 1;
    %assign/vec4 v0x563d4e697880_0, 0;
T_57.3 ;
T_57.1 ;
    %jmp T_57;
    .thread T_57;
    .scope S_0x563d4e6499c0;
T_58 ;
    %wait E_0x563d4e22ccc0;
    %load/vec4 v0x563d4e697e20_0;
    %flag_set/vec4 8;
    %jmp/0xz  T_58.0, 8;
    %pushi/vec4 0, 0, 32;
    %assign/vec4 v0x563d4e697d40_0, 0;
    %jmp T_58.1;
T_58.0 ;
    %load/vec4 v0x563d4e697a20_0;
    %load/vec4 v0x563d4e697340_0;
    %and;
    %flag_set/vec4 8;
    %jmp/0xz  T_58.2, 8;
    %load/vec4 v0x563d4e697940_0;
    %assign/vec4 v0x563d4e697d40_0, 0;
T_58.2 ;
T_58.1 ;
    %jmp T_58;
    .thread T_58;
    .scope S_0x563d4e6499c0;
T_59 ;
    %wait E_0x563d4e22ccc0;
    %load/vec4 v0x563d4e697e20_0;
    %flag_set/vec4 8;
    %jmp/0xz  T_59.0, 8;
    %pushi/vec4 0, 0, 1;
    %assign/vec4 v0x563d4e697060_0, 0;
    %jmp T_59.1;
T_59.0 ;
    %load/vec4 v0x563d4e697a20_0;
    %load/vec4 v0x563d4e697340_0;
    %and;
    %load/vec4 v0x563d4e697c80_0;
    %and;
    %flag_set/vec4 8;
    %jmp/0xz  T_59.2, 8;
    %pushi/vec4 1, 0, 1;
    %assign/vec4 v0x563d4e697060_0, 0;
    %jmp T_59.3;
T_59.2 ;
    %pushi/vec4 0, 0, 1;
    %assign/vec4 v0x563d4e697060_0, 0;
T_59.3 ;
T_59.1 ;
    %jmp T_59;
    .thread T_59;
    .scope S_0x563d4e6499c0;
T_60 ;
    %wait E_0x563d4e4feab0;
    %pushi/vec4 0, 0, 32;
    %store/vec4 v0x563d4e697ba0_0, 0, 32;
    %load/vec4 v0x563d4e697060_0;
    %flag_set/vec4 8;
    %jmp/0xz  T_60.0, 8;
    %pushi/vec4 134217811, 0, 32;
    %store/vec4 v0x563d4e697ba0_0, 0, 32;
    %jmp T_60.1;
T_60.0 ;
    %load/vec4 v0x563d4e6974a0_0;
    %flag_set/vec4 8;
    %jmp/0xz  T_60.2, 8;
    %pushi/vec4 83, 0, 32;
    %store/vec4 v0x563d4e697ba0_0, 0, 32;
    %jmp T_60.3;
T_60.2 ;
    %load/vec4 v0x563d4e6976e0_0;
    %store/vec4 v0x563d4e697ba0_0, 0, 32;
T_60.3 ;
T_60.1 ;
    %jmp T_60;
    .thread T_60, $push;
    .scope S_0x563d4e6436e0;
T_61 ;
    %pushi/vec4 0, 0, 1;
    %store/vec4 v0x563d4e6b89b0_0, 0, 1;
    %end;
    .thread T_61;
    .scope S_0x563d4e6436e0;
T_62 ;
    %delay 5, 0;
    %load/vec4 v0x563d4e6b89b0_0;
    %inv;
    %store/vec4 v0x563d4e6b89b0_0, 0, 1;
    %jmp T_62;
    .thread T_62;
    .scope S_0x563d4e6436e0;
T_63 ;
    %wait E_0x563d4e22ccc0;
    %load/vec4 v0x563d4e6bb230_0;
    %flag_set/vec4 8;
    %jmp/0xz  T_63.0, 8;
    %pushi/vec4 1, 0, 1;
    %assign/vec4 v0x563d4e6ba920_0, 0;
    %pushi/vec4 0, 0, 1;
    %assign/vec4 v0x563d4e6bafb0_0, 0;
    %pushi/vec4 0, 0, 1;
    %assign/vec4 v0x563d4e6baa10_0, 0;
    %pushi/vec4 0, 0, 32;
    %assign/vec4 v0x563d4e6babf0_0, 0;
    %pushi/vec4 0, 0, 1;
    %assign/vec4 v0x563d4e6b90f0_0, 0;
    %pushi/vec4 0, 0, 32;
    %assign/vec4 v0x563d4e6b9010_0, 0;
    %jmp T_63.1;
T_63.0 ;
    %pushi/vec4 1, 0, 1;
    %assign/vec4 v0x563d4e6ba920_0, 0;
    %load/vec4 v0x563d4e6baec0_0;
    %load/vec4 v0x563d4e6ba920_0;
    %and;
    %assign/vec4 v0x563d4e6b90f0_0, 0;
    %load/vec4 v0x563d4e6baec0_0;
    %load/vec4 v0x563d4e6ba920_0;
    %and;
    %flag_set/vec4 8;
    %jmp/0xz  T_63.2, 8;
    %load/vec4 v0x563d4e6badd0_0;
    %assign/vec4 v0x563d4e6b9010_0, 0;
T_63.2 ;
    %load/vec4 v0x563d4e6b90f0_0;
    %assign/vec4 v0x563d4e6bafb0_0, 0;
    %load/vec4 v0x563d4e6b90f0_0;
    %flag_set/vec4 8;
    %jmp/0xz  T_63.4, 8;
    %load/vec4 v0x563d4e6b9010_0;
    %store/vec4 v0x563d4e59ef20_0, 0, 32;
    %callf/vec4 TD_tb_riscv_core.mem_rd32, S_0x563d4e655c80;
    %assign/vec4 v0x563d4e6babf0_0, 0;
T_63.4 ;
T_63.1 ;
    %jmp T_63;
    .thread T_63;
    .scope S_0x563d4e6436e0;
T_64 ;
    %wait E_0x563d4e22ccc0;
    %load/vec4 v0x563d4e6bb230_0;
    %flag_set/vec4 8;
    %jmp/0xz  T_64.0, 8;
    %pushi/vec4 1, 0, 1;
    %assign/vec4 v0x563d4e6b9440_0, 0;
    %pushi/vec4 0, 0, 1;
    %assign/vec4 v0x563d4e6b9530_0, 0;
    %pushi/vec4 0, 0, 1;
    %assign/vec4 v0x563d4e6b9a40_0, 0;
    %pushi/vec4 0, 0, 32;
    %assign/vec4 v0x563d4e6b9820_0, 0;
    %pushi/vec4 0, 0, 11;
    %assign/vec4 v0x563d4e6b9f10_0, 0;
    %pushi/vec4 0, 0, 1;
    %assign/vec4 v0x563d4e6b8bf0_0, 0;
    %jmp T_64.1;
T_64.0 ;
    %pushi/vec4 1, 0, 1;
    %assign/vec4 v0x563d4e6b9440_0, 0;
    %load/vec4 v0x563d4e6b9d10_0;
    %load/vec4 v0x563d4e6ba020_0;
    %or/r;
    %or;
    %load/vec4 v0x563d4e6b9440_0;
    %and;
    %flag_set/vec4 8;
    %jmp/0xz  T_64.2, 8;
    %pushi/vec4 1, 0, 1;
    %assign/vec4 v0x563d4e6b8bf0_0, 0;
    %load/vec4 v0x563d4e6b9e00_0;
    %assign/vec4 v0x563d4e6b8d70_0, 0;
    %load/vec4 v0x563d4e6b9620_0;
    %assign/vec4 v0x563d4e6b8b10_0, 0;
    %load/vec4 v0x563d4e6b9d10_0;
    %assign/vec4 v0x563d4e6b8cb0_0, 0;
    %load/vec4 v0x563d4e6ba020_0;
    %assign/vec4 v0x563d4e6b8f30_0, 0;
    %load/vec4 v0x563d4e6b9930_0;
    %assign/vec4 v0x563d4e6b8e50_0, 0;
    %jmp T_64.3;
T_64.2 ;
    %pushi/vec4 0, 0, 1;
    %assign/vec4 v0x563d4e6b8bf0_0, 0;
T_64.3 ;
    %load/vec4 v0x563d4e6b8bf0_0;
    %assign/vec4 v0x563d4e6b9530_0, 0;
    %load/vec4 v0x563d4e6b8bf0_0;
    %flag_set/vec4 8;
    %jmp/0xz  T_64.4, 8;
    %load/vec4 v0x563d4e6b8d70_0;
    %assign/vec4 v0x563d4e6b9f10_0, 0;
    %load/vec4 v0x563d4e6b8cb0_0;
    %flag_set/vec4 8;
    %jmp/0xz  T_64.6, 8;
    %load/vec4 v0x563d4e6b8b10_0;
    %store/vec4 v0x563d4e59ef20_0, 0, 32;
    %callf/vec4 TD_tb_riscv_core.mem_rd32, S_0x563d4e655c80;
    %assign/vec4 v0x563d4e6b9820_0, 0;
T_64.6 ;
    %load/vec4 v0x563d4e6b8f30_0;
    %or/r;
    %flag_set/vec4 8;
    %jmp/0xz  T_64.8, 8;
    %load/vec4 v0x563d4e6b8b10_0;
    %store/vec4 v0x563d4e5a2390_0, 0, 32;
    %load/vec4 v0x563d4e6b8e50_0;
    %store/vec4 v0x563d4e516910_0, 0, 32;
    %load/vec4 v0x563d4e6b8f30_0;
    %store/vec4 v0x563d4e273a30_0, 0, 4;
    %fork TD_tb_riscv_core.mem_wr32, S_0x563d4e655900;
    %join;
T_64.8 ;
T_64.4 ;
T_64.1 ;
    %jmp T_64;
    .thread T_64;
    .scope S_0x563d4e6436e0;
T_65 ;
    %wait E_0x563d4e22ba70;
    %load/vec4 v0x563d4e6bb230_0;
    %nor/r;
    %load/vec4 v0x563d4e6b5960_0;
    %and;
    %flag_set/vec4 8;
    %jmp/0xz  T_65.0, 8;
    %vpi_call/w 3 379 "$write", "[FETCH ] PC=0x%08X  raw=0x%08X  ", v0x563d4e6b5880_0, v0x563d4e6b57a0_0 {0 0 0};
    %load/vec4 v0x563d4e6b57a0_0;
    %store/vec4 v0x563d4e67dfc0_0, 0, 32;
    %fork TD_tb_riscv_core.print_instr, S_0x563d4e655200;
    %join;
    %vpi_call/w 3 381 "$display", "\000" {0 0 0};
T_65.0 ;
    %jmp T_65;
    .thread T_65;
    .scope S_0x563d4e6436e0;
T_66 ;
    %wait E_0x563d4e22ba70;
    %load/vec4 v0x563d4e6bb230_0;
    %nor/r;
    %load/vec4 v0x563d4e6b5080_0;
    %and;
    %flag_set/vec4 8;
    %jmp/0xz  T_66.0, 8;
    %vpi_call/w 3 388 "$write", "[DECODE] PC=0x%08X  ", v0x563d4e6b45e0_0 {0 0 0};
    %load/vec4 v0x563d4e6b4500_0;
    %store/vec4 v0x563d4e67dfc0_0, 0, 32;
    %fork TD_tb_riscv_core.print_instr, S_0x563d4e655200;
    %join;
    %load/vec4 v0x563d4e6b4d80_0;
    %flag_set/vec4 8;
    %jmp/0 T_66.2, 8;
    %pushi/vec4 542851404, 0, 32; draw_string_vec4
    %pushi/vec4 21853, 0, 16; draw_string_vec4
    %concat/vec4; draw_string_vec4
    %jmp/1 T_66.3, 8;
T_66.2 ; End of true expr.
    %pushi/vec4 0, 0, 32; draw_string_vec4
    %pushi/vec4 0, 0, 16; draw_string_vec4
    %concat/vec4; draw_string_vec4
    %jmp/0 T_66.3, 8;
 ; End of false expr.
    %blend;
T_66.3;
    %load/vec4 v0x563d4e6b4f00_0;
    %flag_set/vec4 8;
    %jmp/0 T_66.4, 8;
    %pushi/vec4 542854227, 0, 32; draw_string_vec4
    %pushi/vec4 21853, 0, 16; draw_string_vec4
    %concat/vec4; draw_string_vec4
    %jmp/1 T_66.5, 8;
T_66.4 ; End of true expr.
    %pushi/vec4 0, 0, 32; draw_string_vec4
    %pushi/vec4 0, 0, 16; draw_string_vec4
    %concat/vec4; draw_string_vec4
    %jmp/0 T_66.5, 8;
 ; End of false expr.
    %blend;
T_66.5;
    %load/vec4 v0x563d4e6b4fc0_0;
    %flag_set/vec4 8;
    %jmp/0 T_66.6, 8;
    %pushi/vec4 542854485, 0, 32; draw_string_vec4
    %pushi/vec4 1279543638, 0, 32; draw_string_vec4
    %concat/vec4; draw_string_vec4
    %pushi/vec4 93, 0, 8; draw_string_vec4
    %concat/vec4; draw_string_vec4
    %jmp/1 T_66.7, 8;
T_66.6 ; End of true expr.
    %pushi/vec4 0, 0, 32; draw_string_vec4
    %pushi/vec4 0, 0, 32; draw_string_vec4
    %concat/vec4; draw_string_vec4
    %pushi/vec4 0, 0, 8; draw_string_vec4
    %concat/vec4; draw_string_vec4
    %jmp/0 T_66.7, 8;
 ; End of false expr.
    %blend;
T_66.7;
    %load/vec4 v0x563d4e6b4e40_0;
    %flag_set/vec4 8;
    %jmp/0 T_66.8, 8;
    %pushi/vec4 542851923, 0, 32; draw_string_vec4
    %pushi/vec4 21085, 0, 16; draw_string_vec4
    %concat/vec4; draw_string_vec4
    %jmp/1 T_66.9, 8;
T_66.8 ; End of true expr.
    %pushi/vec4 0, 0, 32; draw_string_vec4
    %pushi/vec4 0, 0, 16; draw_string_vec4
    %concat/vec4; draw_string_vec4
    %jmp/0 T_66.9, 8;
 ; End of false expr.
    %blend;
T_66.9;
    %vpi_call/w 3 390 "$display", "  | ra=x%0d=0x%08X  rb=x%0d=0x%08X  rd=x%0d  ->%s%s%s%s", v0x563d4e6b46c0_0, v0x563d4e6b47a0_0, v0x563d4e6b4880_0, v0x563d4e6b4960_0, v0x563d4e6b4a40_0, S<3,vec4,u48>, S<2,vec4,u48>, S<1,vec4,u72>, S<0,vec4,u48> {4 0 0};
T_66.0 ;
    %jmp T_66;
    .thread T_66;
    .scope S_0x563d4e6436e0;
T_67 ;
    %wait E_0x563d4e22ba70;
    %load/vec4 v0x563d4e6bb230_0;
    %nor/r;
    %load/vec4 v0x563d4e6b4c00_0;
    %and;
    %flag_set/vec4 8;
    %jmp/0xz  T_67.0, 8;
    %vpi_call/w 3 404 "$display", "[STALL ] hazard  scoreboard=0x%08X", v0x563d4e6b4b20_0 {0 0 0};
T_67.0 ;
    %jmp T_67;
    .thread T_67;
    .scope S_0x563d4e6436e0;
T_68 ;
    %wait E_0x563d4e22ba70;
    %load/vec4 v0x563d4e6bb230_0;
    %nor/r;
    %load/vec4 v0x563d4e6b3c00_0;
    %and;
    %flag_set/vec4 8;
    %jmp/0xz  T_68.0, 8;
    %load/vec4 v0x563d4e6b3a60_0;
    %vpi_call/w 3 410 "$display", "[ALU   ] A=0x%08X  B=0x%08X  func=%0d  result=0x%08X (%0d)", v0x563d4e6b3690_0, v0x563d4e6b3770_0, v0x563d4e6b35d0_0, v0x563d4e6b3a60_0, S<0,vec4,s32> {1 0 0};
T_68.0 ;
    %jmp T_68;
    .thread T_68;
    .scope S_0x563d4e6436e0;
T_69 ;
    %wait E_0x563d4e22ba70;
    %load/vec4 v0x563d4e6bb230_0;
    %nor/r;
    %load/vec4 v0x563d4e6b3da0_0;
    %nor/r;
    %and;
    %load/vec4 v0x563d4e6b3cc0_0;
    %pad/u 32;
    %pushi/vec4 0, 0, 32;
    %cmp/ne;
    %flag_get/vec4 4;
    %and;
    %flag_set/vec4 8;
    %jmp/0xz  T_69.0, 8;
    %load/vec4 v0x563d4e6b3e60_0;
    %vpi_call/w 3 417 "$display", "[WB-ALU] x%0d <= 0x%08X (%0d)", v0x563d4e6b3cc0_0, v0x563d4e6b3e60_0, S<0,vec4,s32> {1 0 0};
T_69.0 ;
    %jmp T_69;
    .thread T_69;
    .scope S_0x563d4e6436e0;
T_70 ;
    %wait E_0x563d4e22ba70;
    %load/vec4 v0x563d4e6bb230_0;
    %nor/r;
    %load/vec4 v0x563d4e6b3410_0;
    %and;
    %flag_set/vec4 8;
    %jmp/0xz  T_70.0, 8;
    %vpi_call/w 3 423 "$display", "[BRANCH] taken  new_PC=0x%08X", v0x563d4e6b34f0_0 {0 0 0};
T_70.0 ;
    %jmp T_70;
    .thread T_70;
    .scope S_0x563d4e6436e0;
T_71 ;
    %wait E_0x563d4e22ba70;
    %load/vec4 v0x563d4e6bb230_0;
    %nor/r;
    %load/vec4 v0x563d4e6b6e90_0;
    %and;
    %load/vec4 v0x563d4e6b6df0_0;
    %and;
    %flag_set/vec4 8;
    %jmp/0xz  T_71.0, 8;
    %vpi_call/w 3 429 "$display", "[MULDIV] A=0x%08X  B=0x%08X  computing...", v0x563d4e6b68a0_0, v0x563d4e6b6d50_0 {0 0 0};
T_71.0 ;
    %jmp T_71;
    .thread T_71;
    .scope S_0x563d4e6436e0;
T_72 ;
    %wait E_0x563d4e22ba70;
    %load/vec4 v0x563d4e6bb230_0;
    %nor/r;
    %load/vec4 v0x563d4e6b6fd0_0;
    %nor/r;
    %and;
    %load/vec4 v0x563d4e6b6f30_0;
    %pad/u 32;
    %pushi/vec4 0, 0, 32;
    %cmp/ne;
    %flag_get/vec4 4;
    %and;
    %load/vec4 v0x563d4e6b6df0_0;
    %nor/r;
    %and;
    %flag_set/vec4 8;
    %jmp/0xz  T_72.0, 8;
    %load/vec4 v0x563d4e6b7070_0;
    %vpi_call/w 3 433 "$display", "[WB-MUL] x%0d <= 0x%08X (%0d)", v0x563d4e6b6f30_0, v0x563d4e6b7070_0, S<0,vec4,s32> {1 0 0};
T_72.0 ;
    %jmp T_72;
    .thread T_72;
    .scope S_0x563d4e6436e0;
T_73 ;
    %wait E_0x563d4e22ba70;
    %load/vec4 v0x563d4e6bb230_0;
    %nor/r;
    %load/vec4 v0x563d4e6b66e0_0;
    %or/r;
    %and;
    %load/vec4 v0x563d4e6b9440_0;
    %and;
    %flag_set/vec4 8;
    %jmp/0xz  T_73.0, 8;
    %vpi_call/w 3 439 "$display", "[STORE ] addr=0x%08X  data=0x%08X  be=%04b", v0x563d4e6b5ba0_0, v0x563d4e6b6600_0, v0x563d4e6b66e0_0 {0 0 0};
T_73.0 ;
    %jmp T_73;
    .thread T_73;
    .scope S_0x563d4e6436e0;
T_74 ;
    %wait E_0x563d4e22ba70;
    %load/vec4 v0x563d4e6bb230_0;
    %nor/r;
    %load/vec4 v0x563d4e6b6060_0;
    %and;
    %load/vec4 v0x563d4e6b9440_0;
    %and;
    %flag_set/vec4 8;
    %jmp/0xz  T_74.0, 8;
    %vpi_call/w 3 445 "$display", "[LOAD  ] addr=0x%08X  waiting...", v0x563d4e6b5ba0_0 {0 0 0};
T_74.0 ;
    %jmp T_74;
    .thread T_74;
    .scope S_0x563d4e6436e0;
T_75 ;
    %wait E_0x563d4e22ba70;
    %load/vec4 v0x563d4e6bb230_0;
    %nor/r;
    %load/vec4 v0x563d4e6b5ae0_0;
    %and;
    %load/vec4 v0x563d4e6b6460_0;
    %nor/r;
    %and;
    %load/vec4 v0x563d4e6b6380_0;
    %pad/u 32;
    %pushi/vec4 0, 0, 32;
    %cmp/ne;
    %flag_get/vec4 4;
    %and;
    %flag_set/vec4 8;
    %jmp/0xz  T_75.0, 8;
    %load/vec4 v0x563d4e6b6520_0;
    %vpi_call/w 3 449 "$display", "[WB-LD ] x%0d <= 0x%08X (%0d)  from addr=0x%08X", v0x563d4e6b6380_0, v0x563d4e6b6520_0, S<0,vec4,s32>, v0x563d4e6b8b10_0 {1 0 0};
T_75.0 ;
    %jmp T_75;
    .thread T_75;
    .scope S_0x563d4e6436e0;
T_76 ;
    %wait E_0x563d4e22ba70;
    %load/vec4 v0x563d4e6bb230_0;
    %nor/r;
    %load/vec4 v0x563d4e6b5c80_0;
    %and;
    %flag_set/vec4 8;
    %jmp/0xz  T_76.0, 8;
    %vpi_call/w 3 455 "$display", "[FAULT ] Load fault   addr=0x%08X", v0x563d4e6b5ba0_0 {0 0 0};
T_76.0 ;
    %load/vec4 v0x563d4e6bb230_0;
    %nor/r;
    %load/vec4 v0x563d4e6b5ec0_0;
    %and;
    %flag_set/vec4 8;
    %jmp/0xz  T_76.2, 8;
    %vpi_call/w 3 456 "$display", "[FAULT ] Store fault  addr=0x%08X", v0x563d4e6b5ba0_0 {0 0 0};
T_76.2 ;
    %load/vec4 v0x563d4e6bb230_0;
    %nor/r;
    %load/vec4 v0x563d4e6b5d40_0;
    %and;
    %flag_set/vec4 8;
    %jmp/0xz  T_76.4, 8;
    %vpi_call/w 3 457 "$display", "[FAULT ] Misalign LD  addr=0x%08X", v0x563d4e6b5ba0_0 {0 0 0};
T_76.4 ;
    %load/vec4 v0x563d4e6bb230_0;
    %nor/r;
    %load/vec4 v0x563d4e6b5e00_0;
    %and;
    %flag_set/vec4 8;
    %jmp/0xz  T_76.6, 8;
    %vpi_call/w 3 458 "$display", "[FAULT ] Misalign ST  addr=0x%08X", v0x563d4e6b5ba0_0 {0 0 0};
T_76.6 ;
    %jmp T_76;
    .thread T_76;
    .scope S_0x563d4e6436e0;
T_77 ;
    %wait E_0x563d4e22ba70;
    %load/vec4 v0x563d4e6bb230_0;
    %nor/r;
    %load/vec4 v0x563d4e6b4280_0;
    %and;
    %load/vec4 v0x563d4e6b4340_0;
    %pad/u 32;
    %pushi/vec4 0, 0, 32;
    %cmp/ne;
    %flag_get/vec4 4;
    %and;
    %flag_set/vec4 8;
    %jmp/0xz  T_77.0, 8;
    %vpi_call/w 3 464 "$display", "[CSR   ] x%0d <= 0x%08X", v0x563d4e6b4340_0, v0x563d4e6b4420_0 {0 0 0};
T_77.0 ;
    %load/vec4 v0x563d4e6bb230_0;
    %nor/r;
    %load/vec4 v0x563d4e6b3f40_0;
    %and;
    %flag_set/vec4 8;
    %jmp/0xz  T_77.2, 8;
    %vpi_call/w 3 466 "$display", "[TRAP  ] jump to PC=0x%08X", v0x563d4e6b4000_0 {0 0 0};
T_77.2 ;
    %jmp T_77;
    .thread T_77;
    .scope S_0x563d4e6436e0;
T_78 ;
    %wait E_0x563d4e22ba70;
    %load/vec4 v0x563d4e6bb230_0;
    %flag_set/vec4 8;
    %jmp/0xz  T_78.0, 8;
    %pushi/vec4 1, 0, 32;
    %store/vec4 v0x563d4e6b92a0_0, 0, 32;
T_78.2 ;
    %load/vec4 v0x563d4e6b92a0_0;
    %cmpi/s 31, 0, 32;
    %flag_or 5, 4;
    %jmp/0xz T_78.3, 5;
    %pushi/vec4 0, 0, 32;
    %load/vec4 v0x563d4e6b92a0_0;
    %subi 1, 0, 32;
    %ix/vec4/s 4;
    %store/vec4a v0x563d4e6bb0a0, 4, 0;
    %load/vec4 v0x563d4e6b92a0_0;
    %addi 1, 0, 32;
    %store/vec4 v0x563d4e6b92a0_0, 0, 32;
    %jmp T_78.2;
T_78.3 ;
    %jmp T_78.1;
T_78.0 ;
    %load/vec4 v0x563d4e6b71b0_0;
    %ix/load 4, 0, 0;
    %flag_set/imm 4, 0;
    %load/vec4a v0x563d4e6bb0a0, 4;
    %cmp/ne;
    %jmp/0xz  T_78.4, 6;
    %load/vec4 v0x563d4e6b71b0_0;
    %vpi_call/w 3 476 "$display", "[REG   ] x1  = 0x%08X (%0d)", v0x563d4e6b71b0_0, S<0,vec4,s32> {1 0 0};
    %load/vec4 v0x563d4e6b71b0_0;
    %ix/load 3, 0, 0;
    %flag_set/imm 4, 0;
    %ix/load 4, 0, 0; Constant delay
    %assign/vec4/a/d v0x563d4e6bb0a0, 0, 4;
T_78.4 ;
    %load/vec4 v0x563d4e6b7890_0;
    %ix/load 4, 1, 0;
    %flag_set/imm 4, 0;
    %load/vec4a v0x563d4e6bb0a0, 4;
    %cmp/ne;
    %jmp/0xz  T_78.6, 6;
    %load/vec4 v0x563d4e6b7890_0;
    %vpi_call/w 3 477 "$display", "[REG   ] x2  = 0x%08X (%0d)", v0x563d4e6b7890_0, S<0,vec4,s32> {1 0 0};
    %load/vec4 v0x563d4e6b7890_0;
    %ix/load 3, 1, 0;
    %flag_set/imm 4, 0;
    %ix/load 4, 0, 0; Constant delay
    %assign/vec4/a/d v0x563d4e6bb0a0, 0, 4;
T_78.6 ;
    %load/vec4 v0x563d4e6b81d0_0;
    %ix/load 4, 2, 0;
    %flag_set/imm 4, 0;
    %load/vec4a v0x563d4e6bb0a0, 4;
    %cmp/ne;
    %jmp/0xz  T_78.8, 6;
    %load/vec4 v0x563d4e6b81d0_0;
    %vpi_call/w 3 478 "$display", "[REG   ] x3  = 0x%08X (%0d)", v0x563d4e6b81d0_0, S<0,vec4,s32> {1 0 0};
    %load/vec4 v0x563d4e6b81d0_0;
    %ix/load 3, 2, 0;
    %flag_set/imm 4, 0;
    %ix/load 4, 0, 0; Constant delay
    %assign/vec4/a/d v0x563d4e6bb0a0, 0, 4;
T_78.8 ;
    %load/vec4 v0x563d4e6b8470_0;
    %ix/load 4, 3, 0;
    %flag_set/imm 4, 0;
    %load/vec4a v0x563d4e6bb0a0, 4;
    %cmp/ne;
    %jmp/0xz  T_78.10, 6;
    %load/vec4 v0x563d4e6b8470_0;
    %vpi_call/w 3 479 "$display", "[REG   ] x4  = 0x%08X (%0d)", v0x563d4e6b8470_0, S<0,vec4,s32> {1 0 0};
    %load/vec4 v0x563d4e6b8470_0;
    %ix/load 3, 3, 0;
    %flag_set/imm 4, 0;
    %ix/load 4, 0, 0; Constant delay
    %assign/vec4/a/d v0x563d4e6bb0a0, 0, 4;
T_78.10 ;
    %load/vec4 v0x563d4e6b8550_0;
    %ix/load 4, 4, 0;
    %flag_set/imm 4, 0;
    %load/vec4a v0x563d4e6bb0a0, 4;
    %cmp/ne;
    %jmp/0xz  T_78.12, 6;
    %load/vec4 v0x563d4e6b8550_0;
    %vpi_call/w 3 480 "$display", "[REG   ] x5  = 0x%08X (%0d)", v0x563d4e6b8550_0, S<0,vec4,s32> {1 0 0};
    %load/vec4 v0x563d4e6b8550_0;
    %ix/load 3, 4, 0;
    %flag_set/imm 4, 0;
    %ix/load 4, 0, 0; Constant delay
    %assign/vec4/a/d v0x563d4e6bb0a0, 0, 4;
T_78.12 ;
    %load/vec4 v0x563d4e6b8630_0;
    %ix/load 4, 5, 0;
    %flag_set/imm 4, 0;
    %load/vec4a v0x563d4e6bb0a0, 4;
    %cmp/ne;
    %jmp/0xz  T_78.14, 6;
    %load/vec4 v0x563d4e6b8630_0;
    %vpi_call/w 3 481 "$display", "[REG   ] x6  = 0x%08X (%0d)", v0x563d4e6b8630_0, S<0,vec4,s32> {1 0 0};
    %load/vec4 v0x563d4e6b8630_0;
    %ix/load 3, 5, 0;
    %flag_set/imm 4, 0;
    %ix/load 4, 0, 0; Constant delay
    %assign/vec4/a/d v0x563d4e6bb0a0, 0, 4;
T_78.14 ;
    %load/vec4 v0x563d4e6b8710_0;
    %ix/load 4, 6, 0;
    %flag_set/imm 4, 0;
    %load/vec4a v0x563d4e6bb0a0, 4;
    %cmp/ne;
    %jmp/0xz  T_78.16, 6;
    %load/vec4 v0x563d4e6b8710_0;
    %vpi_call/w 3 482 "$display", "[REG   ] x7  = 0x%08X (%0d)", v0x563d4e6b8710_0, S<0,vec4,s32> {1 0 0};
    %load/vec4 v0x563d4e6b8710_0;
    %ix/load 3, 6, 0;
    %flag_set/imm 4, 0;
    %ix/load 4, 0, 0; Constant delay
    %assign/vec4/a/d v0x563d4e6bb0a0, 0, 4;
T_78.16 ;
    %load/vec4 v0x563d4e6b87f0_0;
    %ix/load 4, 7, 0;
    %flag_set/imm 4, 0;
    %load/vec4a v0x563d4e6bb0a0, 4;
    %cmp/ne;
    %jmp/0xz  T_78.18, 6;
    %load/vec4 v0x563d4e6b87f0_0;
    %vpi_call/w 3 483 "$display", "[REG   ] x8  = 0x%08X (%0d)", v0x563d4e6b87f0_0, S<0,vec4,s32> {1 0 0};
    %load/vec4 v0x563d4e6b87f0_0;
    %ix/load 3, 7, 0;
    %flag_set/imm 4, 0;
    %ix/load 4, 0, 0; Constant delay
    %assign/vec4/a/d v0x563d4e6bb0a0, 0, 4;
T_78.18 ;
    %load/vec4 v0x563d4e6b88d0_0;
    %ix/load 4, 8, 0;
    %flag_set/imm 4, 0;
    %load/vec4a v0x563d4e6bb0a0, 4;
    %cmp/ne;
    %jmp/0xz  T_78.20, 6;
    %load/vec4 v0x563d4e6b88d0_0;
    %vpi_call/w 3 484 "$display", "[REG   ] x9  = 0x%08X (%0d)", v0x563d4e6b88d0_0, S<0,vec4,s32> {1 0 0};
    %load/vec4 v0x563d4e6b88d0_0;
    %ix/load 3, 8, 0;
    %flag_set/imm 4, 0;
    %ix/load 4, 0, 0; Constant delay
    %assign/vec4/a/d v0x563d4e6bb0a0, 0, 4;
T_78.20 ;
    %load/vec4 v0x563d4e6b7250_0;
    %ix/load 4, 9, 0;
    %flag_set/imm 4, 0;
    %load/vec4a v0x563d4e6bb0a0, 4;
    %cmp/ne;
    %jmp/0xz  T_78.22, 6;
    %load/vec4 v0x563d4e6b7250_0;
    %vpi_call/w 3 485 "$display", "[REG   ] x10 = 0x%08X (%0d)", v0x563d4e6b7250_0, S<0,vec4,s32> {1 0 0};
    %load/vec4 v0x563d4e6b7250_0;
    %ix/load 3, 9, 0;
    %flag_set/imm 4, 0;
    %ix/load 4, 0, 0; Constant delay
    %assign/vec4/a/d v0x563d4e6bb0a0, 0, 4;
T_78.22 ;
    %load/vec4 v0x563d4e6b72f0_0;
    %ix/load 4, 10, 0;
    %flag_set/imm 4, 0;
    %load/vec4a v0x563d4e6bb0a0, 4;
    %cmp/ne;
    %jmp/0xz  T_78.24, 6;
    %load/vec4 v0x563d4e6b72f0_0;
    %vpi_call/w 3 486 "$display", "[REG   ] x11 = 0x%08X (%0d)", v0x563d4e6b72f0_0, S<0,vec4,s32> {1 0 0};
    %load/vec4 v0x563d4e6b72f0_0;
    %ix/load 3, 10, 0;
    %flag_set/imm 4, 0;
    %ix/load 4, 0, 0; Constant delay
    %assign/vec4/a/d v0x563d4e6bb0a0, 0, 4;
T_78.24 ;
    %load/vec4 v0x563d4e6b7390_0;
    %ix/load 4, 11, 0;
    %flag_set/imm 4, 0;
    %load/vec4a v0x563d4e6bb0a0, 4;
    %cmp/ne;
    %jmp/0xz  T_78.26, 6;
    %load/vec4 v0x563d4e6b7390_0;
    %vpi_call/w 3 487 "$display", "[REG   ] x12 = 0x%08X (%0d)", v0x563d4e6b7390_0, S<0,vec4,s32> {1 0 0};
    %load/vec4 v0x563d4e6b7390_0;
    %ix/load 3, 11, 0;
    %flag_set/imm 4, 0;
    %ix/load 4, 0, 0; Constant delay
    %assign/vec4/a/d v0x563d4e6bb0a0, 0, 4;
T_78.26 ;
    %load/vec4 v0x563d4e6b7430_0;
    %ix/load 4, 12, 0;
    %flag_set/imm 4, 0;
    %load/vec4a v0x563d4e6bb0a0, 4;
    %cmp/ne;
    %jmp/0xz  T_78.28, 6;
    %load/vec4 v0x563d4e6b7430_0;
    %vpi_call/w 3 488 "$display", "[REG   ] x13 = 0x%08X (%0d)", v0x563d4e6b7430_0, S<0,vec4,s32> {1 0 0};
    %load/vec4 v0x563d4e6b7430_0;
    %ix/load 3, 12, 0;
    %flag_set/imm 4, 0;
    %ix/load 4, 0, 0; Constant delay
    %assign/vec4/a/d v0x563d4e6bb0a0, 0, 4;
T_78.28 ;
    %load/vec4 v0x563d4e6b74d0_0;
    %ix/load 4, 13, 0;
    %flag_set/imm 4, 0;
    %load/vec4a v0x563d4e6bb0a0, 4;
    %cmp/ne;
    %jmp/0xz  T_78.30, 6;
    %load/vec4 v0x563d4e6b74d0_0;
    %vpi_call/w 3 489 "$display", "[REG   ] x14 = 0x%08X (%0d)", v0x563d4e6b74d0_0, S<0,vec4,s32> {1 0 0};
    %load/vec4 v0x563d4e6b74d0_0;
    %ix/load 3, 13, 0;
    %flag_set/imm 4, 0;
    %ix/load 4, 0, 0; Constant delay
    %assign/vec4/a/d v0x563d4e6bb0a0, 0, 4;
T_78.30 ;
    %load/vec4 v0x563d4e6b7570_0;
    %ix/load 4, 14, 0;
    %flag_set/imm 4, 0;
    %load/vec4a v0x563d4e6bb0a0, 4;
    %cmp/ne;
    %jmp/0xz  T_78.32, 6;
    %load/vec4 v0x563d4e6b7570_0;
    %vpi_call/w 3 490 "$display", "[REG   ] x15 = 0x%08X (%0d)", v0x563d4e6b7570_0, S<0,vec4,s32> {1 0 0};
    %load/vec4 v0x563d4e6b7570_0;
    %ix/load 3, 14, 0;
    %flag_set/imm 4, 0;
    %ix/load 4, 0, 0; Constant delay
    %assign/vec4/a/d v0x563d4e6bb0a0, 0, 4;
T_78.32 ;
    %load/vec4 v0x563d4e6b7610_0;
    %ix/load 4, 15, 0;
    %flag_set/imm 4, 0;
    %load/vec4a v0x563d4e6bb0a0, 4;
    %cmp/ne;
    %jmp/0xz  T_78.34, 6;
    %load/vec4 v0x563d4e6b7610_0;
    %vpi_call/w 3 491 "$display", "[REG   ] x16 = 0x%08X (%0d)", v0x563d4e6b7610_0, S<0,vec4,s32> {1 0 0};
    %load/vec4 v0x563d4e6b7610_0;
    %ix/load 3, 15, 0;
    %flag_set/imm 4, 0;
    %ix/load 4, 0, 0; Constant delay
    %assign/vec4/a/d v0x563d4e6bb0a0, 0, 4;
T_78.34 ;
    %load/vec4 v0x563d4e6b76b0_0;
    %ix/load 4, 16, 0;
    %flag_set/imm 4, 0;
    %load/vec4a v0x563d4e6bb0a0, 4;
    %cmp/ne;
    %jmp/0xz  T_78.36, 6;
    %load/vec4 v0x563d4e6b76b0_0;
    %vpi_call/w 3 492 "$display", "[REG   ] x17 = 0x%08X (%0d)", v0x563d4e6b76b0_0, S<0,vec4,s32> {1 0 0};
    %load/vec4 v0x563d4e6b76b0_0;
    %ix/load 3, 16, 0;
    %flag_set/imm 4, 0;
    %ix/load 4, 0, 0; Constant delay
    %assign/vec4/a/d v0x563d4e6bb0a0, 0, 4;
T_78.36 ;
    %load/vec4 v0x563d4e6b7750_0;
    %ix/load 4, 17, 0;
    %flag_set/imm 4, 0;
    %load/vec4a v0x563d4e6bb0a0, 4;
    %cmp/ne;
    %jmp/0xz  T_78.38, 6;
    %load/vec4 v0x563d4e6b7750_0;
    %vpi_call/w 3 493 "$display", "[REG   ] x18 = 0x%08X (%0d)", v0x563d4e6b7750_0, S<0,vec4,s32> {1 0 0};
    %load/vec4 v0x563d4e6b7750_0;
    %ix/load 3, 17, 0;
    %flag_set/imm 4, 0;
    %ix/load 4, 0, 0; Constant delay
    %assign/vec4/a/d v0x563d4e6bb0a0, 0, 4;
T_78.38 ;
    %load/vec4 v0x563d4e6b77f0_0;
    %ix/load 4, 18, 0;
    %flag_set/imm 4, 0;
    %load/vec4a v0x563d4e6bb0a0, 4;
    %cmp/ne;
    %jmp/0xz  T_78.40, 6;
    %load/vec4 v0x563d4e6b77f0_0;
    %vpi_call/w 3 494 "$display", "[REG   ] x19 = 0x%08X (%0d)", v0x563d4e6b77f0_0, S<0,vec4,s32> {1 0 0};
    %load/vec4 v0x563d4e6b77f0_0;
    %ix/load 3, 18, 0;
    %flag_set/imm 4, 0;
    %ix/load 4, 0, 0; Constant delay
    %assign/vec4/a/d v0x563d4e6bb0a0, 0, 4;
T_78.40 ;
    %load/vec4 v0x563d4e6b7930_0;
    %ix/load 4, 19, 0;
    %flag_set/imm 4, 0;
    %load/vec4a v0x563d4e6bb0a0, 4;
    %cmp/ne;
    %jmp/0xz  T_78.42, 6;
    %load/vec4 v0x563d4e6b7930_0;
    %vpi_call/w 3 495 "$display", "[REG   ] x20 = 0x%08X (%0d)", v0x563d4e6b7930_0, S<0,vec4,s32> {1 0 0};
    %load/vec4 v0x563d4e6b7930_0;
    %ix/load 3, 19, 0;
    %flag_set/imm 4, 0;
    %ix/load 4, 0, 0; Constant delay
    %assign/vec4/a/d v0x563d4e6bb0a0, 0, 4;
T_78.42 ;
    %load/vec4 v0x563d4e6b79f0_0;
    %ix/load 4, 20, 0;
    %flag_set/imm 4, 0;
    %load/vec4a v0x563d4e6bb0a0, 4;
    %cmp/ne;
    %jmp/0xz  T_78.44, 6;
    %load/vec4 v0x563d4e6b79f0_0;
    %vpi_call/w 3 496 "$display", "[REG   ] x21 = 0x%08X (%0d)", v0x563d4e6b79f0_0, S<0,vec4,s32> {1 0 0};
    %load/vec4 v0x563d4e6b79f0_0;
    %ix/load 3, 20, 0;
    %flag_set/imm 4, 0;
    %ix/load 4, 0, 0; Constant delay
    %assign/vec4/a/d v0x563d4e6bb0a0, 0, 4;
T_78.44 ;
    %load/vec4 v0x563d4e6b7ad0_0;
    %ix/load 4, 21, 0;
    %flag_set/imm 4, 0;
    %load/vec4a v0x563d4e6bb0a0, 4;
    %cmp/ne;
    %jmp/0xz  T_78.46, 6;
    %load/vec4 v0x563d4e6b7ad0_0;
    %vpi_call/w 3 497 "$display", "[REG   ] x22 = 0x%08X (%0d)", v0x563d4e6b7ad0_0, S<0,vec4,s32> {1 0 0};
    %load/vec4 v0x563d4e6b7ad0_0;
    %ix/load 3, 21, 0;
    %flag_set/imm 4, 0;
    %ix/load 4, 0, 0; Constant delay
    %assign/vec4/a/d v0x563d4e6bb0a0, 0, 4;
T_78.46 ;
    %load/vec4 v0x563d4e6b7bb0_0;
    %ix/load 4, 22, 0;
    %flag_set/imm 4, 0;
    %load/vec4a v0x563d4e6bb0a0, 4;
    %cmp/ne;
    %jmp/0xz  T_78.48, 6;
    %load/vec4 v0x563d4e6b7bb0_0;
    %vpi_call/w 3 498 "$display", "[REG   ] x23 = 0x%08X (%0d)", v0x563d4e6b7bb0_0, S<0,vec4,s32> {1 0 0};
    %load/vec4 v0x563d4e6b7bb0_0;
    %ix/load 3, 22, 0;
    %flag_set/imm 4, 0;
    %ix/load 4, 0, 0; Constant delay
    %assign/vec4/a/d v0x563d4e6bb0a0, 0, 4;
T_78.48 ;
    %load/vec4 v0x563d4e6b7c90_0;
    %ix/load 4, 23, 0;
    %flag_set/imm 4, 0;
    %load/vec4a v0x563d4e6bb0a0, 4;
    %cmp/ne;
    %jmp/0xz  T_78.50, 6;
    %load/vec4 v0x563d4e6b7c90_0;
    %vpi_call/w 3 499 "$display", "[REG   ] x24 = 0x%08X (%0d)", v0x563d4e6b7c90_0, S<0,vec4,s32> {1 0 0};
    %load/vec4 v0x563d4e6b7c90_0;
    %ix/load 3, 23, 0;
    %flag_set/imm 4, 0;
    %ix/load 4, 0, 0; Constant delay
    %assign/vec4/a/d v0x563d4e6bb0a0, 0, 4;
T_78.50 ;
    %load/vec4 v0x563d4e6b7d70_0;
    %ix/load 4, 24, 0;
    %flag_set/imm 4, 0;
    %load/vec4a v0x563d4e6bb0a0, 4;
    %cmp/ne;
    %jmp/0xz  T_78.52, 6;
    %load/vec4 v0x563d4e6b7d70_0;
    %vpi_call/w 3 500 "$display", "[REG   ] x25 = 0x%08X (%0d)", v0x563d4e6b7d70_0, S<0,vec4,s32> {1 0 0};
    %load/vec4 v0x563d4e6b7d70_0;
    %ix/load 3, 24, 0;
    %flag_set/imm 4, 0;
    %ix/load 4, 0, 0; Constant delay
    %assign/vec4/a/d v0x563d4e6bb0a0, 0, 4;
T_78.52 ;
    %load/vec4 v0x563d4e6b7e50_0;
    %ix/load 4, 25, 0;
    %flag_set/imm 4, 0;
    %load/vec4a v0x563d4e6bb0a0, 4;
    %cmp/ne;
    %jmp/0xz  T_78.54, 6;
    %load/vec4 v0x563d4e6b7e50_0;
    %vpi_call/w 3 501 "$display", "[REG   ] x26 = 0x%08X (%0d)", v0x563d4e6b7e50_0, S<0,vec4,s32> {1 0 0};
    %load/vec4 v0x563d4e6b7e50_0;
    %ix/load 3, 25, 0;
    %flag_set/imm 4, 0;
    %ix/load 4, 0, 0; Constant delay
    %assign/vec4/a/d v0x563d4e6bb0a0, 0, 4;
T_78.54 ;
    %load/vec4 v0x563d4e6b7f30_0;
    %ix/load 4, 26, 0;
    %flag_set/imm 4, 0;
    %load/vec4a v0x563d4e6bb0a0, 4;
    %cmp/ne;
    %jmp/0xz  T_78.56, 6;
    %load/vec4 v0x563d4e6b7f30_0;
    %vpi_call/w 3 502 "$display", "[REG   ] x27 = 0x%08X (%0d)", v0x563d4e6b7f30_0, S<0,vec4,s32> {1 0 0};
    %load/vec4 v0x563d4e6b7f30_0;
    %ix/load 3, 26, 0;
    %flag_set/imm 4, 0;
    %ix/load 4, 0, 0; Constant delay
    %assign/vec4/a/d v0x563d4e6bb0a0, 0, 4;
T_78.56 ;
    %load/vec4 v0x563d4e6b8010_0;
    %ix/load 4, 27, 0;
    %flag_set/imm 4, 0;
    %load/vec4a v0x563d4e6bb0a0, 4;
    %cmp/ne;
    %jmp/0xz  T_78.58, 6;
    %load/vec4 v0x563d4e6b8010_0;
    %vpi_call/w 3 503 "$display", "[REG   ] x28 = 0x%08X (%0d)", v0x563d4e6b8010_0, S<0,vec4,s32> {1 0 0};
    %load/vec4 v0x563d4e6b8010_0;
    %ix/load 3, 27, 0;
    %flag_set/imm 4, 0;
    %ix/load 4, 0, 0; Constant delay
    %assign/vec4/a/d v0x563d4e6bb0a0, 0, 4;
T_78.58 ;
    %load/vec4 v0x563d4e6b80f0_0;
    %ix/load 4, 28, 0;
    %flag_set/imm 4, 0;
    %load/vec4a v0x563d4e6bb0a0, 4;
    %cmp/ne;
    %jmp/0xz  T_78.60, 6;
    %load/vec4 v0x563d4e6b80f0_0;
    %vpi_call/w 3 504 "$display", "[REG   ] x29 = 0x%08X (%0d)", v0x563d4e6b80f0_0, S<0,vec4,s32> {1 0 0};
    %load/vec4 v0x563d4e6b80f0_0;
    %ix/load 3, 28, 0;
    %flag_set/imm 4, 0;
    %ix/load 4, 0, 0; Constant delay
    %assign/vec4/a/d v0x563d4e6bb0a0, 0, 4;
T_78.60 ;
    %load/vec4 v0x563d4e6b82b0_0;
    %ix/load 4, 29, 0;
    %flag_set/imm 4, 0;
    %load/vec4a v0x563d4e6bb0a0, 4;
    %cmp/ne;
    %jmp/0xz  T_78.62, 6;
    %load/vec4 v0x563d4e6b82b0_0;
    %vpi_call/w 3 505 "$display", "[REG   ] x30 = 0x%08X (%0d)", v0x563d4e6b82b0_0, S<0,vec4,s32> {1 0 0};
    %load/vec4 v0x563d4e6b82b0_0;
    %ix/load 3, 29, 0;
    %flag_set/imm 4, 0;
    %ix/load 4, 0, 0; Constant delay
    %assign/vec4/a/d v0x563d4e6bb0a0, 0, 4;
T_78.62 ;
    %load/vec4 v0x563d4e6b8390_0;
    %ix/load 4, 30, 0;
    %flag_set/imm 4, 0;
    %load/vec4a v0x563d4e6bb0a0, 4;
    %cmp/ne;
    %jmp/0xz  T_78.64, 6;
    %load/vec4 v0x563d4e6b8390_0;
    %vpi_call/w 3 506 "$display", "[REG   ] x31 = 0x%08X (%0d)", v0x563d4e6b8390_0, S<0,vec4,s32> {1 0 0};
    %load/vec4 v0x563d4e6b8390_0;
    %ix/load 3, 30, 0;
    %flag_set/imm 4, 0;
    %ix/load 4, 0, 0; Constant delay
    %assign/vec4/a/d v0x563d4e6bb0a0, 0, 4;
T_78.64 ;
T_78.1 ;
    %jmp T_78;
    .thread T_78;
    .scope S_0x563d4e6436e0;
T_79 ;
    %vpi_call/w 3 514 "$dumpfile", "sim.vcd" {0 0 0};
    %vpi_call/w 3 515 "$dumpvars", 32'sb00000000000000000000000000000000, S_0x563d4e6436e0 {0 0 0};
    %pushi/vec4 1, 0, 1;
    %store/vec4 v0x563d4e6bb230_0, 0, 1;
    %pushi/vec4 0, 0, 1;
    %store/vec4 v0x563d4e6b91b0_0, 0, 1;
    %pushi/vec4 0, 0, 32;
    %store/vec4 v0x563d4e6bb140_0, 0, 32;
    %pushi/vec4 0, 0, 32;
    %store/vec4 v0x563d4e6b8a50_0, 0, 32;
    %fork TD_tb_riscv_core.load_program, S_0x563d4e64c040;
    %join;
    %vpi_call/w 3 523 "$display", "=======================================================" {0 0 0};
    %vpi_call/w 3 524 "$display", "  rv32imsu \342\200\224 Pipeline Simulation" {0 0 0};
    %vpi_call/w 3 525 "$display", "=======================================================" {0 0 0};
    %pushi/vec4 8, 0, 32;
T_79.0 %dup/vec4;
    %pushi/vec4 0, 0, 32;
    %cmp/s;
    %jmp/1xz T_79.1, 5;
    %jmp/1 T_79.1, 4;
    %pushi/vec4 1, 0, 32;
    %sub;
    %wait E_0x563d4e22ba70;
    %jmp T_79.0;
T_79.1 ;
    %pop/vec4 1;
    %wait E_0x563d4e22ad30;
    %pushi/vec4 0, 0, 1;
    %store/vec4 v0x563d4e6bb230_0, 0, 1;
    %vpi_call/w 3 529 "$display", "[SIM  ] Reset released\012" {0 0 0};
    %pushi/vec4 5000, 0, 32;
T_79.2 %dup/vec4;
    %pushi/vec4 0, 0, 32;
    %cmp/s;
    %jmp/1xz T_79.3, 5;
    %jmp/1 T_79.3, 4;
    %pushi/vec4 1, 0, 32;
    %sub;
    %wait E_0x563d4e22ba70;
    %jmp T_79.2;
T_79.3 ;
    %pop/vec4 1;
    %vpi_call/w 3 534 "$display", "\012=======================================================" {0 0 0};
    %vpi_call/w 3 535 "$display", "  FINAL REGISTER FILE" {0 0 0};
    %vpi_call/w 3 536 "$display", "  x0  = 0x%08X  x1  = 0x%08X  x2  = 0x%08X  x3  = 0x%08X", 32'b00000000000000000000000000000000, v0x563d4e6b71b0_0, v0x563d4e6b7890_0, v0x563d4e6b81d0_0 {0 0 0};
    %vpi_call/w 3 537 "$display", "  x4  = 0x%08X  x5  = 0x%08X  x6  = 0x%08X  x7  = 0x%08X", v0x563d4e6b8470_0, v0x563d4e6b8550_0, v0x563d4e6b8630_0, v0x563d4e6b8710_0 {0 0 0};
    %vpi_call/w 3 538 "$display", "  x8  = 0x%08X  x9  = 0x%08X  x10 = 0x%08X  x11 = 0x%08X", v0x563d4e6b87f0_0, v0x563d4e6b88d0_0, v0x563d4e6b7250_0, v0x563d4e6b72f0_0 {0 0 0};
    %vpi_call/w 3 539 "$display", "  x12 = 0x%08X  x13 = 0x%08X  x14 = 0x%08X  x15 = 0x%08X", v0x563d4e6b7390_0, v0x563d4e6b7430_0, v0x563d4e6b74d0_0, v0x563d4e6b7570_0 {0 0 0};
    %vpi_call/w 3 540 "$display", "  x16 = 0x%08X  x17 = 0x%08X  x18 = 0x%08X  x19 = 0x%08X", v0x563d4e6b7610_0, v0x563d4e6b76b0_0, v0x563d4e6b7750_0, v0x563d4e6b77f0_0 {0 0 0};
    %vpi_call/w 3 541 "$display", "  x20 = 0x%08X  x21 = 0x%08X  x22 = 0x%08X  x23 = 0x%08X", v0x563d4e6b7930_0, v0x563d4e6b79f0_0, v0x563d4e6b7ad0_0, v0x563d4e6b7bb0_0 {0 0 0};
    %vpi_call/w 3 542 "$display", "  x24 = 0x%08X  x25 = 0x%08X  x26 = 0x%08X  x27 = 0x%08X", v0x563d4e6b7c90_0, v0x563d4e6b7d70_0, v0x563d4e6b7e50_0, v0x563d4e6b7f30_0 {0 0 0};
    %vpi_call/w 3 543 "$display", "  x28 = 0x%08X  x29 = 0x%08X  x30 = 0x%08X  x31 = 0x%08X", v0x563d4e6b8010_0, v0x563d4e6b80f0_0, v0x563d4e6b82b0_0, v0x563d4e6b8390_0 {0 0 0};
    %vpi_call/w 3 544 "$display", "=======================================================" {0 0 0};
    %vpi_call/w 3 547 "$display", "\012-------------------------------------------------------" {0 0 0};
    %vpi_call/w 3 548 "$display", "  DATA MEMORY DUMP  [0x1000 .. 0x102C]" {0 0 0};
    %vpi_call/w 3 549 "$display", "  addr        hex          decimal" {0 0 0};
    %vpi_call/w 3 550 "$display", "-------------------------------------------------------" {0 0 0};
    %fork t_1, S_0x563d4e655580;
    %jmp t_0;
    .scope S_0x563d4e655580;
t_1 ;
    %pushi/vec4 0, 0, 32;
    %store/vec4 v0x563d4e665470_0, 0, 32;
T_79.4 ;
    %load/vec4 v0x563d4e665470_0;
    %cmpi/s 12, 0, 32;
    %jmp/0xz T_79.5, 5;
    %pushi/vec4 4096, 0, 32;
    %load/vec4 v0x563d4e665470_0;
    %muli 4, 0, 32;
    %add;
    %pushi/vec4 4096, 0, 32;
    %load/vec4 v0x563d4e665470_0;
    %muli 4, 0, 32;
    %add;
    %store/vec4 v0x563d4e59ef20_0, 0, 32;
    %callf/vec4 TD_tb_riscv_core.mem_rd32, S_0x563d4e655c80;
    %pushi/vec4 4096, 0, 32;
    %load/vec4 v0x563d4e665470_0;
    %muli 4, 0, 32;
    %add;
    %store/vec4 v0x563d4e59ef20_0, 0, 32;
    %callf/vec4 TD_tb_riscv_core.mem_rd32, S_0x563d4e655c80;
    %vpi_call/w 3 554 "$display", "  MEM[0x%04X] = 0x%08X  (%0d)", S<2,vec4,u32>, S<1,vec4,u32>, S<0,vec4,s32> {3 0 0};
    %load/vec4 v0x563d4e665470_0;
    %addi 1, 0, 32;
    %store/vec4 v0x563d4e665470_0, 0, 32;
    %jmp T_79.4;
T_79.5 ;
    %end;
    .scope S_0x563d4e6436e0;
t_0 %join;
    %vpi_call/w 3 560 "$display", "-------------------------------------------------------" {0 0 0};
    %vpi_call/w 3 562 "$finish" {0 0 0};
    %end;
    .thread T_79;
# The file index is used to find the file name in the following table.
:file_names 15;
    "N/A";
    "<interactive>";
    "-";
    "tb_riscv_core.v";
    "rv32imsu/riscv_core.v";
    "rv32imsu/riscv_mmu_arb.v";
    "rv32imsu/riscv_csr.v";
    "rv32imsu/riscv_decode.v";
    "rv32imsu/riscv_regfile.v";
    "rv32imsu/riscv_exec.v";
    "rv32imsu/riscv_alu.v";
    "rv32imsu/riscv_fetch.v";
    "rv32imsu/riscv_lsu.v";
    "rv32imsu/riscv_mmu.v";
    "rv32imsu/riscv_muldiv.v";
